/home/a/Desktop/stuff/pinball/training/train_nudge.py:54: DeprecationWarning: Conversion of an array with ndim > 0 to a scalar is deprecated, and will error in future. Ensure you extract a single element from your array before performing this operation. (Deprecated NumPy 1.25.)
  return W['pi.weight'] @ h + W['pi.bias'], W['pn.weight'] @ h + W['pn.bias'], float(W['v.weight'] @ g + W['v.bias'])
it 1 steps 2048 games 0 recent30 nan ballmean 0 balllen 0 nudges/ball 0.00 tilts/ball 0.00 ent 0.758 rollout 16.6s elapsed 17s frames/s 597 restarts 0
it 2 steps 4096 games 0 recent30 nan ballmean 12250 balllen 128 nudges/ball 3.00 tilts/ball 0.00 ent 0.670 rollout 3.2s elapsed 20s frames/s 958 restarts 0
it 3 steps 6144 games 0 recent30 nan ballmean 12250 balllen 128 nudges/ball 3.00 tilts/ball 0.00 ent 0.708 rollout 3.2s elapsed 24s frames/s 1171 restarts 0
it 4 steps 8192 games 0 recent30 nan ballmean 38100 balllen 256 nudges/ball 6.80 tilts/ball 0.00 ent 0.691 rollout 3.0s elapsed 27s frames/s 1377 restarts 0
it 5 steps 10240 games 0 recent30 nan ballmean 51000 balllen 382 nudges/ball 8.25 tilts/ball 0.00 ent 0.715 rollout 3.1s elapsed 30s frames/s 1540 restarts 0
it 6 steps 12288 games 0 recent30 nan ballmean 52472 balllen 413 nudges/ball 8.78 tilts/ball 0.00 ent 0.676 rollout 3.1s elapsed 33s frames/s 1650 restarts 0
it 7 steps 14336 games 0 recent30 nan ballmean 89643 balllen 521 nudges/ball 9.86 tilts/ball 0.00 ent 0.710 rollout 3.7s elapsed 37s frames/s 1754 restarts 0
it 8 steps 16384 games 2 recent30 175750 ballmean 90797 balllen 520 nudges/ball 9.69 tilts/ball 0.00 ent 0.713 rollout 4.2s elapsed 41s frames/s 1798 restarts 0
it 9 steps 18432 games 2 recent30 175750 ballmean 86676 balllen 499 nudges/ball 9.41 tilts/ball 0.00 ent 0.656 rollout 4.0s elapsed 45s frames/s 1825 restarts 0
it 10 steps 20480 games 5 recent30 188750 ballmean 109815 balllen 570 nudges/ball 11.83 tilts/ball 0.00 ent 0.710 rollout 3.4s elapsed 49s frames/s 1921 restarts 0
it 11 steps 22528 games 6 recent30 230417 ballmean 127080 balllen 598 nudges/ball 12.64 tilts/ball 0.00 ent 0.645 rollout 3.2s elapsed 52s frames/s 1975 restarts 0
it 12 steps 24576 games 7 recent30 234500 ballmean 133129 balllen 622 nudges/ball 13.00 tilts/ball 0.00 ent 0.694 rollout 3.0s elapsed 55s frames/s 2042 restarts 0
it 13 steps 26624 games 10 recent30 265625 ballmean 125477 balllen 591 nudges/ball 12.64 tilts/ball 0.00 ent 0.654 rollout 2.8s elapsed 58s frames/s 2116 restarts 0
it 14 steps 28672 games 12 recent30 241083 ballmean 123750 balllen 580 nudges/ball 12.71 tilts/ball 0.00 ent 0.649 rollout 3.0s elapsed 61s frames/s 2166 restarts 0
it 15 steps 30720 games 13 recent30 237769 ballmean 121451 balllen 574 nudges/ball 12.53 tilts/ball 0.00 ent 0.671 rollout 3.5s elapsed 65s frames/s 2181 restarts 0
it 16 steps 32768 games 14 recent30 244268 ballmean 141457 balllen 602 nudges/ball 13.54 tilts/ball 0.00 ent 0.644 rollout 3.4s elapsed 68s frames/s 2219 restarts 0
it 17 steps 34816 games 15 recent30 260200 ballmean 138314 balllen 593 nudges/ball 13.49 tilts/ball 0.00 ent 0.644 rollout 3.3s elapsed 72s frames/s 2243 restarts 0
it 18 steps 36864 games 15 recent30 260200 ballmean 137494 balllen 598 nudges/ball 13.66 tilts/ball 0.00 ent 0.634 rollout 3.2s elapsed 75s frames/s 2262 restarts 0
it 19 steps 38912 games 18 recent30 294625 ballmean 135673 balllen 599 nudges/ball 14.00 tilts/ball 0.00 ent 0.617 rollout 3.4s elapsed 78s frames/s 2295 restarts 0
it 20 steps 40960 games 18 recent30 294625 ballmean 131443 balllen 586 nudges/ball 13.89 tilts/ball 0.00 ent 0.656 rollout 3.1s elapsed 82s frames/s 2323 restarts 0
it 21 steps 43008 games 19 recent30 287776 ballmean 130991 balllen 588 nudges/ball 14.02 tilts/ball 0.00 ent 0.632 rollout 3.0s elapsed 85s frames/s 2343 restarts 0
it 22 steps 45056 games 22 recent30 307659 ballmean 141987 balllen 635 nudges/ball 15.78 tilts/ball 0.00 ent 0.631 rollout 2.8s elapsed 88s frames/s 2380 restarts 0
it 23 steps 47104 games 22 recent30 307659 ballmean 140072 balllen 627 nudges/ball 15.56 tilts/ball 0.00 ent 0.680 rollout 2.9s elapsed 91s frames/s 2396 restarts 0
it 24 steps 49152 games 23 recent30 304761 ballmean 141516 balllen 640 nudges/ball 16.18 tilts/ball 0.00 ent 0.664 rollout 3.2s elapsed 94s frames/s 2408 restarts 0
it 25 steps 51200 games 26 recent30 298356 ballmean 140246 balllen 645 nudges/ball 16.48 tilts/ball 0.00 ent 0.651 rollout 3.2s elapsed 97s frames/s 2432 restarts 0
it 26 steps 53248 games 26 recent30 298356 ballmean 138847 balllen 639 nudges/ball 16.34 tilts/ball 0.00 ent 0.616 rollout 3.1s elapsed 101s frames/s 2444 restarts 0
it 27 steps 55296 games 27 recent30 351102 ballmean 155127 balllen 663 nudges/ball 17.25 tilts/ball 0.00 ent 0.623 rollout 2.9s elapsed 103s frames/s 2464 restarts 0
it 28 steps 57344 games 29 recent30 348750 ballmean 151605 balllen 658 nudges/ball 17.76 tilts/ball 0.00 ent 0.644 rollout 3.4s elapsed 107s frames/s 2480 restarts 0
it 29 steps 59392 games 29 recent30 348750 ballmean 151605 balllen 658 nudges/ball 17.76 tilts/ball 0.00 ent 0.707 rollout 3.1s elapsed 110s frames/s 2485 restarts 0
it 30 steps 61440 games 29 recent30 348750 ballmean 151063 balllen 658 nudges/ball 17.79 tilts/ball 0.00 ent 0.592 rollout 2.8s elapsed 113s frames/s 2497 restarts 0
it 31 steps 63488 games 30 recent30 343992 ballmean 150604 balllen 656 nudges/ball 17.82 tilts/ball 0.00 ent 0.656 rollout 3.1s elapsed 116s frames/s 2505 restarts 0
it 32 steps 65536 games 30 recent30 343992 ballmean 148946 balllen 650 nudges/ball 17.60 tilts/ball 0.00 ent 0.671 rollout 3.0s elapsed 120s frames/s 2514 restarts 0
it 33 steps 67584 games 31 recent30 343425 ballmean 160954 balllen 676 nudges/ball 18.93 tilts/ball 0.00 ent 0.660 rollout 3.4s elapsed 123s frames/s 2521 restarts 0
it 34 steps 69632 games 34 recent30 345900 ballmean 161268 balllen 691 nudges/ball 20.28 tilts/ball 0.00 ent 0.710 rollout 3.1s elapsed 126s frames/s 2538 restarts 0
it 35 steps 71680 games 35 recent30 341083 ballmean 161948 balllen 697 nudges/ball 20.93 tilts/ball 0.00 ent 0.741 rollout 3.3s elapsed 129s frames/s 2542 restarts 0
it 36 steps 73728 games 37 recent30 348592 ballmean 163783 balllen 712 nudges/ball 22.48 tilts/ball 0.00 ent 0.750 rollout 2.9s elapsed 132s frames/s 2560 restarts 0
it 37 steps 75776 games 38 recent30 360717 ballmean 162995 balllen 713 nudges/ball 22.82 tilts/ball 0.00 ent 0.760 rollout 3.1s elapsed 136s frames/s 2567 restarts 0
it 38 steps 77824 games 39 recent30 354658 ballmean 162495 balllen 711 nudges/ball 22.83 tilts/ball 0.00 ent 0.742 rollout 3.0s elapsed 139s frames/s 2572 restarts 0
it 39 steps 79872 games 40 recent30 349075 ballmean 161510 balllen 711 nudges/ball 23.40 tilts/ball 0.00 ent 0.749 rollout 3.1s elapsed 142s frames/s 2580 restarts 0
it 40 steps 81920 games 41 recent30 400733 ballmean 162786 balllen 712 nudges/ball 23.87 tilts/ball 0.00 ent 0.807 rollout 3.0s elapsed 145s frames/s 2586 restarts 0
it 41 steps 83968 games 41 recent30 400733 ballmean 171355 balllen 726 nudges/ball 25.02 tilts/ball 0.00 ent 0.754 rollout 3.2s elapsed 148s frames/s 2590 restarts 0
it 42 steps 86016 games 42 recent30 408633 ballmean 169692 balllen 720 nudges/ball 25.63 tilts/ball 0.01 ent 0.769 rollout 3.3s elapsed 152s frames/s 2597 restarts 0
it 43 steps 88064 games 42 recent30 408633 ballmean 178769 balllen 737 nudges/ball 27.00 tilts/ball 0.01 ent 0.791 rollout 3.4s elapsed 155s frames/s 2595 restarts 0
it 44 steps 90112 games 42 recent30 408633 ballmean 178425 balllen 737 nudges/ball 27.29 tilts/ball 0.01 ent 0.788 rollout 2.9s elapsed 158s frames/s 2600 restarts 0
it 45 steps 92160 games 43 recent30 406783 ballmean 175170 balllen 734 nudges/ball 27.98 tilts/ball 0.01 ent 0.747 rollout 3.2s elapsed 161s frames/s 2609 restarts 0
it 46 steps 94208 games 45 recent30 400200 ballmean 174961 balllen 728 nudges/ball 28.86 tilts/ball 0.01 ent 0.780 rollout 3.4s elapsed 165s frames/s 2616 restarts 0
it 47 steps 96256 games 46 recent30 402200 ballmean 178440 balllen 735 nudges/ball 29.80 tilts/ball 0.01 ent 0.750 rollout 3.1s elapsed 168s frames/s 2622 restarts 0
it 48 steps 98304 games 48 recent30 421792 ballmean 192865 balllen 756 nudges/ball 31.96 tilts/ball 0.02 ent 0.732 rollout 3.1s elapsed 171s frames/s 2632 restarts 0
it 49 steps 100352 games 49 recent30 431300 ballmean 189165 balllen 749 nudges/ball 32.16 tilts/ball 0.02 ent 0.751 rollout 3.2s elapsed 174s frames/s 2638 restarts 0
it 50 steps 102400 games 50 recent30 417725 ballmean 188810 balllen 755 nudges/ball 32.98 tilts/ball 0.02 ent 0.784 rollout 3.3s elapsed 178s frames/s 2640 restarts 0
it 51 steps 104448 games 50 recent30 417725 ballmean 188810 balllen 755 nudges/ball 32.98 tilts/ball 0.02 ent 0.713 rollout 3.1s elapsed 181s frames/s 2639 restarts 0
it 52 steps 106496 games 53 recent30 501692 ballmean 186888 balllen 753 nudges/ball 33.42 tilts/ball 0.02 ent 0.785 rollout 3.2s elapsed 184s frames/s 2644 restarts 0
it 53 steps 108544 games 54 recent30 501075 ballmean 185172 balllen 746 nudges/ball 33.43 tilts/ball 0.02 ent 0.821 rollout 3.1s elapsed 188s frames/s 2649 restarts 0
it 54 steps 110592 games 56 recent30 552908 ballmean 191353 balllen 759 nudges/ball 35.44 tilts/ball 0.02 ent 0.816 rollout 3.2s elapsed 191s frames/s 2654 restarts 0
it 55 steps 112640 games 56 recent30 552908 ballmean 190135 balllen 756 nudges/ball 35.39 tilts/ball 0.02 ent 0.791 rollout 2.9s elapsed 194s frames/s 2658 restarts 0
it 56 steps 114688 games 56 recent30 552908 ballmean 192496 balllen 759 nudges/ball 36.30 tilts/ball 0.02 ent 0.747 rollout 3.3s elapsed 197s frames/s 2660 restarts 0
it 57 steps 116736 games 56 recent30 552908 ballmean 192496 balllen 759 nudges/ball 36.30 tilts/ball 0.02 ent 0.727 rollout 3.1s elapsed 200s frames/s 2659 restarts 0
it 58 steps 118784 games 59 recent30 501375 ballmean 193505 balllen 767 nudges/ball 37.95 tilts/ball 0.02 ent 0.763 rollout 3.3s elapsed 204s frames/s 2664 restarts 0
it 59 steps 120832 games 60 recent30 511458 ballmean 193451 balllen 771 nudges/ball 38.89 tilts/ball 0.02 ent 0.772 rollout 3.1s elapsed 207s frames/s 2667 restarts 0
it 60 steps 122880 games 60 recent30 511458 ballmean 192238 balllen 767 nudges/ball 38.70 tilts/ball 0.02 ent 0.763 rollout 2.8s elapsed 210s frames/s 2672 restarts 0
it 61 steps 124928 games 60 recent30 511458 ballmean 192047 balllen 770 nudges/ball 39.42 tilts/ball 0.02 ent 0.702 rollout 3.1s elapsed 213s frames/s 2677 restarts 0
it 62 steps 126976 games 60 recent30 511458 ballmean 190685 balllen 770 nudges/ball 39.76 tilts/ball 0.02 ent 0.714 rollout 3.0s elapsed 216s frames/s 2680 restarts 0
it 63 steps 129024 games 60 recent30 511458 ballmean 190685 balllen 770 nudges/ball 39.76 tilts/ball 0.02 ent 0.746 rollout 2.8s elapsed 219s frames/s 2682 restarts 0
it 64 steps 131072 games 64 recent30 563317 ballmean 195328 balllen 774 nudges/ball 40.68 tilts/ball 0.02 ent 0.713 rollout 3.0s elapsed 222s frames/s 2691 restarts 0
it 65 steps 133120 games 66 recent30 577150 ballmean 198447 balllen 774 nudges/ball 41.01 tilts/ball 0.02 ent 0.712 rollout 3.0s elapsed 225s frames/s 2696 restarts 0
it 66 steps 135168 games 68 recent30 556983 ballmean 196503 balllen 772 nudges/ball 41.37 tilts/ball 0.02 ent 0.687 rollout 3.0s elapsed 228s frames/s 2704 restarts 0
it 67 steps 137216 games 69 recent30 569717 ballmean 196209 balllen 776 nudges/ball 42.19 tilts/ball 0.02 ent 0.671 rollout 3.2s elapsed 232s frames/s 2708 restarts 0
it 68 steps 139264 games 69 recent30 569717 ballmean 196209 balllen 776 nudges/ball 42.19 tilts/ball 0.02 ent 0.653 rollout 2.9s elapsed 234s frames/s 2709 restarts 0
it 69 steps 141312 games 70 recent30 569058 ballmean 192979 balllen 767 nudges/ball 41.79 tilts/ball 0.02 ent 0.636 rollout 3.3s elapsed 238s frames/s 2713 restarts 0
it 70 steps 143360 games 70 recent30 569058 ballmean 192979 balllen 767 nudges/ball 41.79 tilts/ball 0.02 ent 0.669 rollout 3.0s elapsed 241s frames/s 2712 restarts 0
it 71 steps 145408 games 70 recent30 569058 ballmean 199361 balllen 781 nudges/ball 43.24 tilts/ball 0.02 ent 0.652 rollout 3.1s elapsed 244s frames/s 2712 restarts 0
it 72 steps 147456 games 72 recent30 532242 ballmean 201178 balllen 796 nudges/ball 45.09 tilts/ball 0.02 ent 0.661 rollout 3.2s elapsed 247s frames/s 2717 restarts 0
it 73 steps 149504 games 72 recent30 532242 ballmean 200353 balllen 792 nudges/ball 44.99 tilts/ball 0.02 ent 0.666 rollout 2.8s elapsed 250s frames/s 2720 restarts 0
it 74 steps 151552 games 74 recent30 531583 ballmean 199534 balllen 795 nudges/ball 45.30 tilts/ball 0.02 ent 0.686 rollout 3.2s elapsed 254s frames/s 2722 restarts 0
it 75 steps 153600 games 75 recent30 530217 ballmean 199470 balllen 795 nudges/ball 45.47 tilts/ball 0.02 ent 0.631 rollout 3.2s elapsed 257s frames/s 2722 restarts 0
it 76 steps 155648 games 75 recent30 530217 ballmean 198955 balllen 796 nudges/ball 45.58 tilts/ball 0.02 ent 0.560 rollout 3.1s elapsed 260s frames/s 2722 restarts 0
it 77 steps 157696 games 75 recent30 530217 ballmean 198955 balllen 796 nudges/ball 45.58 tilts/ball 0.02 ent 0.553 rollout 3.1s elapsed 263s frames/s 2720 restarts 0
it 78 steps 159744 games 77 recent30 506742 ballmean 198122 balllen 798 nudges/ball 45.98 tilts/ball 0.02 ent 0.541 rollout 3.0s elapsed 266s frames/s 2726 restarts 0
it 79 steps 161792 games 77 recent30 506742 ballmean 197560 balllen 798 nudges/ball 45.91 tilts/ball 0.02 ent 0.585 rollout 3.1s elapsed 270s frames/s 2726 restarts 0
it 80 steps 163840 games 77 recent30 506742 ballmean 197560 balllen 798 nudges/ball 45.91 tilts/ball 0.02 ent 0.547 rollout 3.1s elapsed 273s frames/s 2725 restarts 0
it 81 steps 165888 games 79 recent30 514683 ballmean 201406 balllen 809 nudges/ball 46.47 tilts/ball 0.02 ent 0.567 rollout 3.0s elapsed 276s frames/s 2732 restarts 0
it 82 steps 167936 games 81 recent30 488775 ballmean 201811 balllen 809 nudges/ball 46.47 tilts/ball 0.02 ent 0.574 rollout 3.6s elapsed 279s frames/s 2734 restarts 0
it 83 steps 169984 games 83 recent30 514067 ballmean 200994 balllen 806 nudges/ball 46.28 tilts/ball 0.02 ent 0.566 rollout 3.1s elapsed 283s frames/s 2738 restarts 0
it 84 steps 172032 games 84 recent30 509108 ballmean 199523 balllen 802 nudges/ball 46.04 tilts/ball 0.02 ent 0.584 rollout 3.1s elapsed 286s frames/s 2741 restarts 0
it 85 steps 174080 games 84 recent30 509108 ballmean 199523 balllen 802 nudges/ball 46.04 tilts/ball 0.02 ent 0.601 rollout 2.9s elapsed 289s frames/s 2740 restarts 0
it 86 steps 176128 games 85 recent30 469950 ballmean 198964 balllen 802 nudges/ball 46.01 tilts/ball 0.02 ent 0.644 rollout 3.6s elapsed 293s frames/s 2735 restarts 0
it 87 steps 178176 games 85 recent30 469950 ballmean 197229 balllen 797 nudges/ball 45.67 tilts/ball 0.02 ent 0.563 rollout 3.3s elapsed 296s frames/s 2735 restarts 0
it 88 steps 180224 games 85 recent30 469950 ballmean 201523 balllen 807 nudges/ball 46.46 tilts/ball 0.02 ent 0.602 rollout 3.3s elapsed 299s frames/s 2735 restarts 0
it 89 steps 182272 games 85 recent30 469950 ballmean 200638 balllen 808 nudges/ball 46.51 tilts/ball 0.02 ent 0.606 rollout 3.2s elapsed 303s frames/s 2735 restarts 0
it 90 steps 184320 games 85 recent30 469950 ballmean 208193 balllen 818 nudges/ball 47.37 tilts/ball 0.02 ent 0.645 rollout 3.1s elapsed 306s frames/s 2735 restarts 0
it 91 steps 186368 games 88 recent30 448792 ballmean 206192 balllen 813 nudges/ball 47.06 tilts/ball 0.02 ent 0.637 rollout 3.1s elapsed 309s frames/s 2740 restarts 0
it 92 steps 188416 games 91 recent30 489108 ballmean 213740 balllen 833 nudges/ball 48.71 tilts/ball 0.03 ent 0.617 rollout 3.2s elapsed 312s frames/s 2744 restarts 0
it 93 steps 190464 games 94 recent30 479658 ballmean 212791 balllen 832 nudges/ball 48.60 tilts/ball 0.03 ent 0.648 rollout 3.4s elapsed 316s frames/s 2746 restarts 0
it 94 steps 192512 games 95 recent30 518600 ballmean 210444 balllen 825 nudges/ball 48.16 tilts/ball 0.03 ent 0.675 rollout 3.0s elapsed 319s frames/s 2750 restarts 0
it 95 steps 194560 games 95 recent30 518600 ballmean 209258 balllen 820 nudges/ball 47.86 tilts/ball 0.03 ent 0.666 rollout 3.2s elapsed 322s frames/s 2749 restarts 0
it 96 steps 196608 games 95 recent30 518600 ballmean 208502 balllen 817 nudges/ball 47.68 tilts/ball 0.03 ent 0.663 rollout 3.0s elapsed 325s frames/s 2749 restarts 0
it 97 steps 198656 games 97 recent30 505550 ballmean 208233 balllen 816 nudges/ball 47.68 tilts/ball 0.03 ent 0.630 rollout 3.0s elapsed 328s frames/s 2752 restarts 0
it 98 steps 200704 games 97 recent30 505550 ballmean 206176 balllen 810 nudges/ball 47.44 tilts/ball 0.03 ent 0.674 rollout 3.2s elapsed 331s frames/s 2753 restarts 0
it 99 steps 202752 games 97 recent30 505550 ballmean 205714 balllen 809 nudges/ball 47.43 tilts/ball 0.03 ent 0.686 rollout 3.1s elapsed 335s frames/s 2752 restarts 0
it 100 steps 204800 games 97 recent30 505550 ballmean 205714 balllen 809 nudges/ball 47.43 tilts/ball 0.03 ent 0.765 rollout 2.9s elapsed 338s frames/s 2753 restarts 0
it 101 steps 206848 games 98 recent30 539175 ballmean 208930 balllen 818 nudges/ball 48.12 tilts/ball 0.03 ent 0.744 rollout 3.0s elapsed 341s frames/s 2756 restarts 0
it 102 steps 208896 games 99 recent30 517958 ballmean 212613 balllen 830 nudges/ball 49.39 tilts/ball 0.02 ent 0.711 rollout 3.1s elapsed 344s frames/s 2761 restarts 0
it 103 steps 210944 games 99 recent30 517958 ballmean 211403 balllen 827 nudges/ball 49.54 tilts/ball 0.02 ent 0.730 rollout 3.2s elapsed 347s frames/s 2763 restarts 0
it 104 steps 212992 games 101 recent30 520417 ballmean 212988 balllen 827 nudges/ball 50.05 tilts/ball 0.03 ent 0.714 rollout 3.0s elapsed 350s frames/s 2767 restarts 0
it 105 steps 215040 games 104 recent30 526000 ballmean 212860 balllen 830 nudges/ball 50.80 tilts/ball 0.03 ent 0.789 rollout 2.9s elapsed 353s frames/s 2772 restarts 0
it 106 steps 217088 games 105 recent30 530550 ballmean 212215 balllen 828 nudges/ball 50.81 tilts/ball 0.03 ent 0.710 rollout 3.0s elapsed 356s frames/s 2773 restarts 0
it 107 steps 219136 games 106 recent30 595350 ballmean 211736 balllen 826 nudges/ball 50.86 tilts/ball 0.03 ent 0.664 rollout 3.1s elapsed 360s frames/s 2773 restarts 0
it 108 steps 221184 games 106 recent30 595350 ballmean 211751 balllen 828 nudges/ball 51.14 tilts/ball 0.03 ent 0.672 rollout 3.0s elapsed 363s frames/s 2775 restarts 0
it 109 steps 223232 games 106 recent30 595350 ballmean 211640 balllen 828 nudges/ball 51.19 tilts/ball 0.03 ent 0.661 rollout 3.0s elapsed 366s frames/s 2775 restarts 0
it 110 steps 225280 games 107 recent30 590275 ballmean 211546 balllen 827 nudges/ball 51.36 tilts/ball 0.03 ent 0.577 rollout 3.1s elapsed 369s frames/s 2776 restarts 0
it 111 steps 227328 games 107 recent30 590275 ballmean 211044 balllen 827 nudges/ball 51.43 tilts/ball 0.03 ent 0.629 rollout 2.8s elapsed 372s frames/s 2779 restarts 0
it 112 steps 229376 games 110 recent30 611908 ballmean 210226 balllen 826 nudges/ball 51.84 tilts/ball 0.03 ent 0.647 rollout 3.3s elapsed 375s frames/s 2782 restarts 0
it 113 steps 231424 games 110 recent30 611908 ballmean 210226 balllen 826 nudges/ball 51.84 tilts/ball 0.03 ent 0.707 rollout 2.9s elapsed 378s frames/s 2782 restarts 0
it 114 steps 233472 games 112 recent30 651233 ballmean 212109 balllen 828 nudges/ball 52.25 tilts/ball 0.03 ent 0.716 rollout 3.0s elapsed 381s frames/s 2785 restarts 0
it 115 steps 235520 games 112 recent30 651233 ballmean 212109 balllen 828 nudges/ball 52.25 tilts/ball 0.03 ent 0.680 rollout 3.0s elapsed 384s frames/s 2785 restarts 0
it 116 steps 237568 games 112 recent30 651233 ballmean 211495 balllen 826 nudges/ball 52.11 tilts/ball 0.03 ent 0.700 rollout 3.3s elapsed 388s frames/s 2783 restarts 0
it 117 steps 239616 games 112 recent30 651233 ballmean 210064 balllen 823 nudges/ball 51.95 tilts/ball 0.03 ent 0.700 rollout 2.7s elapsed 390s frames/s 2788 restarts 0
it 118 steps 241664 games 112 recent30 651233 ballmean 209592 balllen 823 nudges/ball 51.95 tilts/ball 0.03 ent 0.645 rollout 3.0s elapsed 393s frames/s 2788 restarts 0
it 119 steps 243712 games 114 recent30 636600 ballmean 209940 balllen 826 nudges/ball 52.25 tilts/ball 0.03 ent 0.638 rollout 2.9s elapsed 396s frames/s 2791 restarts 0
it 120 steps 245760 games 115 recent30 635683 ballmean 213219 balllen 827 nudges/ball 52.49 tilts/ball 0.03 ent 0.636 rollout 2.9s elapsed 399s frames/s 2793 restarts 0
it 121 steps 247808 games 117 recent30 678817 ballmean 215886 balllen 833 nudges/ball 53.20 tilts/ball 0.03 ent 0.717 rollout 3.0s elapsed 403s frames/s 2795 restarts 0
it 122 steps 249856 games 117 recent30 678817 ballmean 217633 balllen 844 nudges/ball 53.96 tilts/ball 0.03 ent 0.657 rollout 3.0s elapsed 406s frames/s 2797 restarts 0
it 123 steps 251904 games 117 recent30 678817 ballmean 217166 balllen 843 nudges/ball 53.86 tilts/ball 0.03 ent 0.703 rollout 2.8s elapsed 408s frames/s 2799 restarts 0
it 124 steps 253952 games 117 recent30 678817 ballmean 216621 balllen 840 nudges/ball 53.71 tilts/ball 0.03 ent 0.686 rollout 3.1s elapsed 412s frames/s 2799 restarts 0
it 125 steps 256000 games 118 recent30 691058 ballmean 216278 balllen 839 nudges/ball 53.63 tilts/ball 0.03 ent 0.670 rollout 2.7s elapsed 414s frames/s 2802 restarts 0
it 126 steps 258048 games 119 recent30 676467 ballmean 215875 balllen 839 nudges/ball 53.59 tilts/ball 0.03 ent 0.745 rollout 3.0s elapsed 418s frames/s 2802 restarts 0
it 127 steps 260096 games 122 recent30 644650 ballmean 214828 balllen 837 nudges/ball 53.63 tilts/ball 0.03 ent 0.737 rollout 3.3s elapsed 421s frames/s 2803 restarts 0
it 128 steps 262144 games 122 recent30 644650 ballmean 217151 balllen 847 nudges/ball 54.71 tilts/ball 0.03 ent 0.677 rollout 2.8s elapsed 424s frames/s 2805 restarts 0
it 129 steps 264192 games 123 recent30 660592 ballmean 218061 balllen 850 nudges/ball 54.89 tilts/ball 0.03 ent 0.676 rollout 2.7s elapsed 427s frames/s 2808 restarts 0
it 130 steps 266240 games 125 recent30 637458 ballmean 217566 balllen 851 nudges/ball 55.12 tilts/ball 0.03 ent 0.652 rollout 3.5s elapsed 430s frames/s 2809 restarts 0
it 131 steps 268288 games 125 recent30 637458 ballmean 217360 balllen 850 nudges/ball 55.15 tilts/ball 0.03 ent 0.687 rollout 3.0s elapsed 433s frames/s 2808 restarts 0
it 132 steps 270336 games 126 recent30 641467 ballmean 217921 balllen 858 nudges/ball 55.86 tilts/ball 0.03 ent 0.700 rollout 2.9s elapsed 436s frames/s 2811 restarts 0
it 133 steps 272384 games 126 recent30 641467 ballmean 217125 balllen 859 nudges/ball 55.93 tilts/ball 0.03 ent 0.683 rollout 2.9s elapsed 439s frames/s 2812 restarts 0
it 134 steps 274432 games 127 recent30 663575 ballmean 217300 balllen 857 nudges/ball 55.95 tilts/ball 0.03 ent 0.677 rollout 3.0s elapsed 442s frames/s 2814 restarts 0
it 135 steps 276480 games 129 recent30 637275 ballmean 216597 balllen 855 nudges/ball 55.74 tilts/ball 0.03 ent 0.635 rollout 3.2s elapsed 446s frames/s 2814 restarts 0
it 136 steps 278528 games 130 recent30 634100 ballmean 216152 balllen 856 nudges/ball 55.87 tilts/ball 0.04 ent 0.667 rollout 3.1s elapsed 449s frames/s 2815 restarts 0
it 137 steps 280576 games 130 recent30 634100 ballmean 220683 balllen 866 nudges/ball 56.88 tilts/ball 0.04 ent 0.679 rollout 2.9s elapsed 452s frames/s 2815 restarts 0
it 138 steps 282624 games 131 recent30 637333 ballmean 220412 balllen 867 nudges/ball 56.96 tilts/ball 0.04 ent 0.650 rollout 3.0s elapsed 455s frames/s 2816 restarts 0
it 139 steps 284672 games 133 recent30 672858 ballmean 219542 balllen 865 nudges/ball 56.87 tilts/ball 0.03 ent 0.620 rollout 3.0s elapsed 458s frames/s 2818 restarts 0
it 140 steps 286720 games 134 recent30 660900 ballmean 219083 balllen 865 nudges/ball 56.82 tilts/ball 0.03 ent 0.601 rollout 2.9s elapsed 461s frames/s 2819 restarts 0
it 141 steps 288768 games 135 recent30 653758 ballmean 220665 balllen 869 nudges/ball 57.16 tilts/ball 0.03 ent 0.624 rollout 3.1s elapsed 464s frames/s 2820 restarts 0
it 142 steps 290816 games 136 recent30 582442 ballmean 219858 balllen 867 nudges/ball 56.87 tilts/ball 0.04 ent 0.620 rollout 3.0s elapsed 467s frames/s 2822 restarts 0
it 143 steps 292864 games 138 recent30 598058 ballmean 217530 balllen 859 nudges/ball 56.30 tilts/ball 0.04 ent 0.578 rollout 2.9s elapsed 470s frames/s 2825 restarts 0
it 144 steps 294912 games 140 recent30 544900 ballmean 216703 balllen 857 nudges/ball 56.08 tilts/ball 0.04 ent 0.587 rollout 3.2s elapsed 474s frames/s 2825 restarts 0
it 145 steps 296960 games 140 recent30 544900 ballmean 216947 balllen 859 nudges/ball 56.14 tilts/ball 0.04 ent 0.683 rollout 3.0s elapsed 477s frames/s 2825 restarts 0
it 146 steps 299008 games 140 recent30 544900 ballmean 215987 balllen 855 nudges/ball 55.87 tilts/ball 0.04 ent 0.656 rollout 3.1s elapsed 480s frames/s 2826 restarts 0
it 147 steps 301056 games 141 recent30 507917 ballmean 215877 balllen 858 nudges/ball 56.00 tilts/ball 0.04 ent 0.685 rollout 3.0s elapsed 483s frames/s 2827 restarts 0
it 148 steps 303104 games 141 recent30 507917 ballmean 215877 balllen 858 nudges/ball 56.00 tilts/ball 0.04 ent 0.674 rollout 3.1s elapsed 486s frames/s 2825 restarts 0
it 149 steps 305152 games 142 recent30 520125 ballmean 215092 balllen 856 nudges/ball 56.03 tilts/ball 0.04 ent 0.669 rollout 2.9s elapsed 489s frames/s 2827 restarts 0
it 150 steps 307200 games 143 recent30 514075 ballmean 214587 balllen 855 nudges/ball 55.93 tilts/ball 0.04 ent 0.669 rollout 2.8s elapsed 492s frames/s 2827 restarts 0
it 151 steps 309248 games 143 recent30 514075 ballmean 215592 balllen 861 nudges/ball 56.39 tilts/ball 0.04 ent 0.697 rollout 2.9s elapsed 495s frames/s 2828 restarts 0
it 152 steps 311296 games 143 recent30 514075 ballmean 215383 balllen 862 nudges/ball 56.46 tilts/ball 0.04 ent 0.676 rollout 2.8s elapsed 498s frames/s 2829 restarts 0
it 153 steps 313344 games 149 recent30 468600 ballmean 215654 balllen 865 nudges/ball 56.80 tilts/ball 0.04 ent 0.628 rollout 3.3s elapsed 502s frames/s 2833 restarts 0
it 154 steps 315392 games 151 recent30 483033 ballmean 215090 balllen 866 nudges/ball 56.97 tilts/ball 0.04 ent 0.641 rollout 3.0s elapsed 505s frames/s 2835 restarts 0
it 155 steps 317440 games 151 recent30 483033 ballmean 214765 balllen 867 nudges/ball 57.03 tilts/ball 0.04 ent 0.689 rollout 3.1s elapsed 508s frames/s 2834 restarts 0
it 156 steps 319488 games 152 recent30 493300 ballmean 214530 balllen 866 nudges/ball 57.05 tilts/ball 0.04 ent 0.716 rollout 3.0s elapsed 511s frames/s 2834 restarts 0
it 157 steps 321536 games 153 recent30 477392 ballmean 214637 balllen 868 nudges/ball 57.22 tilts/ball 0.04 ent 0.668 rollout 3.3s elapsed 514s frames/s 2835 restarts 0
it 158 steps 323584 games 154 recent30 470150 ballmean 213614 balllen 865 nudges/ball 57.17 tilts/ball 0.04 ent 0.714 rollout 3.2s elapsed 518s frames/s 2836 restarts 0
it 159 steps 325632 games 155 recent30 474117 ballmean 214090 balllen 867 nudges/ball 57.37 tilts/ball 0.04 ent 0.640 rollout 3.3s elapsed 521s frames/s 2835 restarts 0
it 160 steps 327680 games 157 recent30 437625 ballmean 214119 balllen 864 nudges/ball 57.36 tilts/ball 0.04 ent 0.704 rollout 3.0s elapsed 524s frames/s 2839 restarts 0
it 161 steps 329728 games 159 recent30 428308 ballmean 213741 balllen 862 nudges/ball 57.32 tilts/ball 0.04 ent 0.680 rollout 3.3s elapsed 527s frames/s 2839 restarts 0
it 162 steps 331776 games 160 recent30 448250 ballmean 212733 balllen 859 nudges/ball 57.10 tilts/ball 0.04 ent 0.654 rollout 3.0s elapsed 531s frames/s 2840 restarts 0
it 163 steps 333824 games 162 recent30 469617 ballmean 211736 balllen 856 nudges/ball 57.05 tilts/ball 0.04 ent 0.710 rollout 3.1s elapsed 534s frames/s 2841 restarts 0
it 164 steps 335872 games 163 recent30 431942 ballmean 211161 balllen 854 nudges/ball 56.96 tilts/ball 0.04 ent 0.658 rollout 3.2s elapsed 537s frames/s 2841 restarts 0
it 165 steps 337920 games 164 recent30 430350 ballmean 210684 balllen 853 nudges/ball 56.98 tilts/ball 0.04 ent 0.672 rollout 3.1s elapsed 540s frames/s 2842 restarts 0
it 166 steps 339968 games 164 recent30 430350 ballmean 210667 balllen 854 nudges/ball 57.03 tilts/ball 0.04 ent 0.692 rollout 2.9s elapsed 543s frames/s 2843 restarts 0
it 167 steps 342016 games 165 recent30 443742 ballmean 210593 balllen 853 nudges/ball 57.07 tilts/ball 0.04 ent 0.699 rollout 3.0s elapsed 546s frames/s 2843 restarts 0
it 168 steps 344064 games 165 recent30 443742 ballmean 210281 balllen 853 nudges/ball 57.12 tilts/ball 0.04 ent 0.665 rollout 3.0s elapsed 549s frames/s 2842 restarts 0
it 169 steps 346112 games 165 recent30 443742 ballmean 210103 balllen 854 nudges/ball 57.24 tilts/ball 0.04 ent 0.675 rollout 2.7s elapsed 552s frames/s 2843 restarts 0
it 170 steps 348160 games 167 recent30 440025 ballmean 209721 balllen 854 nudges/ball 57.52 tilts/ball 0.04 ent 0.651 rollout 3.1s elapsed 555s frames/s 2844 restarts 0
it 171 steps 350208 games 167 recent30 440025 ballmean 209142 balllen 854 nudges/ball 57.77 tilts/ball 0.04 ent 0.652 rollout 2.9s elapsed 558s frames/s 2846 restarts 0
it 172 steps 352256 games 167 recent30 440025 ballmean 208648 balllen 853 nudges/ball 57.70 tilts/ball 0.05 ent 0.645 rollout 3.1s elapsed 562s frames/s 2845 restarts 0
it 173 steps 354304 games 170 recent30 444033 ballmean 208211 balllen 853 nudges/ball 57.84 tilts/ball 0.04 ent 0.708 rollout 2.9s elapsed 565s frames/s 2848 restarts 0
it 174 steps 356352 games 170 recent30 444033 ballmean 207706 balllen 851 nudges/ball 57.71 tilts/ball 0.04 ent 0.656 rollout 2.7s elapsed 567s frames/s 2849 restarts 0
it 175 steps 358400 games 172 recent30 441658 ballmean 208081 balllen 853 nudges/ball 58.11 tilts/ball 0.04 ent 0.633 rollout 3.3s elapsed 571s frames/s 2849 restarts 0
it 176 steps 360448 games 174 recent30 385358 ballmean 207985 balllen 853 nudges/ball 58.14 tilts/ball 0.04 ent 0.607 rollout 2.8s elapsed 574s frames/s 2851 restarts 0
it 177 steps 362496 games 174 recent30 385358 ballmean 207985 balllen 853 nudges/ball 58.14 tilts/ball 0.04 ent 0.616 rollout 3.1s elapsed 577s frames/s 2850 restarts 0
it 178 steps 364544 games 175 recent30 395133 ballmean 207818 balllen 852 nudges/ball 58.12 tilts/ball 0.04 ent 0.653 rollout 3.0s elapsed 580s frames/s 2851 restarts 0
it 179 steps 366592 games 175 recent30 395133 ballmean 208152 balllen 855 nudges/ball 58.38 tilts/ball 0.04 ent 0.635 rollout 2.9s elapsed 583s frames/s 2851 restarts 0
it 180 steps 368640 games 175 recent30 395133 ballmean 208152 balllen 855 nudges/ball 58.38 tilts/ball 0.04 ent 0.655 rollout 2.9s elapsed 586s frames/s 2851 restarts 0
it 181 steps 370688 games 176 recent30 376425 ballmean 207346 balllen 854 nudges/ball 58.32 tilts/ball 0.04 ent 0.674 rollout 3.0s elapsed 589s frames/s 2852 restarts 0
it 182 steps 372736 games 179 recent30 370042 ballmean 206504 balllen 856 nudges/ball 58.60 tilts/ball 0.04 ent 0.688 rollout 3.1s elapsed 592s frames/s 2856 restarts 0
it 183 steps 374784 games 180 recent30 361517 ballmean 206359 balllen 856 nudges/ball 58.68 tilts/ball 0.04 ent 0.643 rollout 3.0s elapsed 595s frames/s 2857 restarts 0
it 184 steps 376832 games 180 recent30 361517 ballmean 206359 balllen 856 nudges/ball 58.68 tilts/ball 0.04 ent 0.688 rollout 3.1s elapsed 598s frames/s 2856 restarts 0
it 185 steps 378880 games 183 recent30 365783 ballmean 207695 balllen 859 nudges/ball 59.02 tilts/ball 0.04 ent 0.611 rollout 3.3s elapsed 602s frames/s 2856 restarts 0
it 186 steps 380928 games 184 recent30 364725 ballmean 215798 balllen 872 nudges/ball 60.27 tilts/ball 0.04 ent 0.665 rollout 3.5s elapsed 605s frames/s 2855 restarts 0
it 187 steps 382976 games 184 recent30 364725 ballmean 215312 balllen 870 nudges/ball 60.16 tilts/ball 0.04 ent 0.627 rollout 3.3s elapsed 609s frames/s 2854 restarts 0
it 188 steps 385024 games 185 recent30 353558 ballmean 214683 balllen 869 nudges/ball 60.09 tilts/ball 0.04 ent 0.597 rollout 2.8s elapsed 612s frames/s 2856 restarts 0
it 189 steps 387072 games 185 recent30 353558 ballmean 213818 balllen 866 nudges/ball 59.90 tilts/ball 0.04 ent 0.687 rollout 3.1s elapsed 615s frames/s 2856 restarts 0
it 190 steps 389120 games 185 recent30 353558 ballmean 213941 balllen 866 nudges/ball 59.96 tilts/ball 0.04 ent 0.660 rollout 3.0s elapsed 618s frames/s 2856 restarts 0
it 191 steps 391168 games 186 recent30 358875 ballmean 215349 balllen 867 nudges/ball 60.07 tilts/ball 0.04 ent 0.595 rollout 3.1s elapsed 621s frames/s 2857 restarts 0
it 192 steps 393216 games 187 recent30 463692 ballmean 215399 balllen 868 nudges/ball 60.30 tilts/ball 0.04 ent 0.647 rollout 3.2s elapsed 624s frames/s 2856 restarts 0
it 193 steps 395264 games 188 recent30 475800 ballmean 214890 balllen 869 nudges/ball 60.36 tilts/ball 0.04 ent 0.678 rollout 3.0s elapsed 628s frames/s 2858 restarts 0
it 194 steps 397312 games 190 recent30 459175 ballmean 215965 balllen 871 nudges/ball 60.67 tilts/ball 0.04 ent 0.641 rollout 3.1s elapsed 631s frames/s 2859 restarts 0
it 195 steps 399360 games 192 recent30 429508 ballmean 214304 balllen 865 nudges/ball 60.34 tilts/ball 0.04 ent 0.636 rollout 3.1s elapsed 634s frames/s 2861 restarts 0
it 196 steps 401408 games 192 recent30 429508 ballmean 213878 balllen 863 nudges/ball 60.24 tilts/ball 0.04 ent 0.623 rollout 2.9s elapsed 637s frames/s 2861 restarts 0
it 197 steps 403456 games 192 recent30 429508 ballmean 213587 balllen 863 nudges/ball 60.22 tilts/ball 0.04 ent 0.663 rollout 2.9s elapsed 640s frames/s 2861 restarts 0
it 198 steps 405504 games 193 recent30 461100 ballmean 212936 balllen 861 nudges/ball 60.33 tilts/ball 0.04 ent 0.602 rollout 3.2s elapsed 643s frames/s 2862 restarts 0
it 199 steps 407552 games 195 recent30 454450 ballmean 212120 balllen 859 nudges/ball 60.23 tilts/ball 0.04 ent 0.554 rollout 3.3s elapsed 647s frames/s 2862 restarts 0
it 200 steps 409600 games 196 recent30 494025 ballmean 211695 balllen 858 nudges/ball 60.19 tilts/ball 0.05 ent 0.613 rollout 3.0s elapsed 650s frames/s 2862 restarts 0
it 201 steps 411648 games 197 recent30 502308 ballmean 211212 balllen 857 nudges/ball 60.14 tilts/ball 0.05 ent 0.593 rollout 2.8s elapsed 653s frames/s 2863 restarts 0
it 202 steps 413696 games 198 recent30 502675 ballmean 211419 balllen 857 nudges/ball 60.12 tilts/ball 0.04 ent 0.637 rollout 3.0s elapsed 656s frames/s 2863 restarts 0
it 203 steps 415744 games 198 recent30 502675 ballmean 210854 balllen 855 nudges/ball 59.98 tilts/ball 0.04 ent 0.601 rollout 2.8s elapsed 659s frames/s 2865 restarts 0
it 204 steps 417792 games 199 recent30 492767 ballmean 212313 balllen 855 nudges/ball 60.13 tilts/ball 0.04 ent 0.622 rollout 3.0s elapsed 662s frames/s 2865 restarts 0
it 205 steps 419840 games 200 recent30 475583 ballmean 212264 balllen 856 nudges/ball 60.18 tilts/ball 0.04 ent 0.594 rollout 2.9s elapsed 665s frames/s 2866 restarts 0
it 206 steps 421888 games 202 recent30 480633 ballmean 215190 balllen 864 nudges/ball 61.17 tilts/ball 0.05 ent 0.627 rollout 3.1s elapsed 668s frames/s 2868 restarts 0
it 207 steps 423936 games 203 recent30 482167 ballmean 214803 balllen 867 nudges/ball 61.47 tilts/ball 0.05 ent 0.638 rollout 3.2s elapsed 671s frames/s 2869 restarts 0
it 208 steps 425984 games 204 recent30 496233 ballmean 214461 balllen 866 nudges/ball 61.38 tilts/ball 0.05 ent 0.672 rollout 2.9s elapsed 674s frames/s 2869 restarts 0
it 209 steps 428032 games 206 recent30 520733 ballmean 213700 balllen 862 nudges/ball 61.17 tilts/ball 0.05 ent 0.648 rollout 2.9s elapsed 677s frames/s 2871 restarts 0
it 210 steps 430080 games 207 recent30 523325 ballmean 213026 balllen 860 nudges/ball 61.05 tilts/ball 0.05 ent 0.626 rollout 3.0s elapsed 680s frames/s 2872 restarts 0
it 211 steps 432128 games 207 recent30 523325 ballmean 213026 balllen 860 nudges/ball 61.05 tilts/ball 0.05 ent 0.634 rollout 3.1s elapsed 683s frames/s 2871 restarts 0
it 212 steps 434176 games 207 recent30 523325 ballmean 212771 balllen 860 nudges/ball 61.07 tilts/ball 0.05 ent 0.595 rollout 3.2s elapsed 687s frames/s 2870 restarts 0
it 213 steps 436224 games 208 recent30 511567 ballmean 212244 balllen 859 nudges/ball 61.03 tilts/ball 0.05 ent 0.762 rollout 3.4s elapsed 690s frames/s 2869 restarts 0
it 214 steps 438272 games 210 recent30 555217 ballmean 213437 balllen 862 nudges/ball 61.52 tilts/ball 0.05 ent 0.774 rollout 3.2s elapsed 693s frames/s 2870 restarts 0
it 215 steps 440320 games 211 recent30 564942 ballmean 213928 balllen 865 nudges/ball 61.89 tilts/ball 0.06 ent 0.668 rollout 3.2s elapsed 697s frames/s 2870 restarts 0
it 216 steps 442368 games 214 recent30 540117 ballmean 213002 balllen 863 nudges/ball 61.94 tilts/ball 0.06 ent 0.641 rollout 3.0s elapsed 700s frames/s 2872 restarts 0
it 217 steps 444416 games 216 recent30 564367 ballmean 211763 balllen 858 nudges/ball 61.74 tilts/ball 0.06 ent 0.692 rollout 3.3s elapsed 703s frames/s 2873 restarts 0
it 218 steps 446464 games 218 recent30 458675 ballmean 211353 balllen 858 nudges/ball 61.89 tilts/ball 0.06 ent 0.680 rollout 3.0s elapsed 706s frames/s 2874 restarts 0
it 219 steps 448512 games 218 recent30 458675 ballmean 211955 balllen 860 nudges/ball 62.24 tilts/ball 0.06 ent 0.605 rollout 3.0s elapsed 709s frames/s 2875 restarts 0
it 220 steps 450560 games 218 recent30 458675 ballmean 211702 balllen 860 nudges/ball 62.21 tilts/ball 0.06 ent 0.585 rollout 3.1s elapsed 712s frames/s 2874 restarts 0
it 221 steps 452608 games 219 recent30 459175 ballmean 211369 balllen 859 nudges/ball 62.13 tilts/ball 0.06 ent 0.605 rollout 3.3s elapsed 716s frames/s 2873 restarts 0
it 222 steps 454656 games 219 recent30 459175 ballmean 211416 balllen 859 nudges/ball 62.21 tilts/ball 0.06 ent 0.585 rollout 3.1s elapsed 719s frames/s 2873 restarts 0
it 223 steps 456704 games 220 recent30 528158 ballmean 211343 balllen 859 nudges/ball 62.23 tilts/ball 0.06 ent 0.598 rollout 3.1s elapsed 722s frames/s 2872 restarts 0
it 224 steps 458752 games 221 recent30 542250 ballmean 211345 balllen 859 nudges/ball 62.25 tilts/ball 0.06 ent 0.593 rollout 2.9s elapsed 725s frames/s 2872 restarts 0
it 225 steps 460800 games 222 recent30 544092 ballmean 210949 balllen 860 nudges/ball 62.29 tilts/ball 0.06 ent 0.598 rollout 3.0s elapsed 728s frames/s 2874 restarts 0
it 226 steps 462848 games 224 recent30 503183 ballmean 209643 balllen 857 nudges/ball 62.07 tilts/ball 0.05 ent 0.516 rollout 3.4s elapsed 732s frames/s 2874 restarts 0
it 227 steps 464896 games 224 recent30 503183 ballmean 208927 balllen 854 nudges/ball 61.88 tilts/ball 0.05 ent 0.650 rollout 3.2s elapsed 735s frames/s 2874 restarts 0
it 228 steps 466944 games 226 recent30 469033 ballmean 207949 balllen 853 nudges/ball 61.76 tilts/ball 0.05 ent 0.581 rollout 3.2s elapsed 738s frames/s 2876 restarts 0
it 229 steps 468992 games 228 recent30 457450 ballmean 207349 balllen 850 nudges/ball 61.61 tilts/ball 0.05 ent 0.516 rollout 3.1s elapsed 741s frames/s 2876 restarts 0
it 230 steps 471040 games 230 recent30 484075 ballmean 207062 balllen 850 nudges/ball 61.56 tilts/ball 0.05 ent 0.600 rollout 2.8s elapsed 744s frames/s 2878 restarts 0
it 231 steps 473088 games 230 recent30 484075 ballmean 208070 balllen 850 nudges/ball 61.59 tilts/ball 0.05 ent 0.574 rollout 3.2s elapsed 748s frames/s 2877 restarts 0
it 232 steps 475136 games 230 recent30 484075 ballmean 208351 balllen 853 nudges/ball 61.75 tilts/ball 0.05 ent 0.554 rollout 2.9s elapsed 751s frames/s 2877 restarts 0
it 233 steps 477184 games 231 recent30 466125 ballmean 208048 balllen 852 nudges/ball 61.68 tilts/ball 0.05 ent 0.543 rollout 2.8s elapsed 754s frames/s 2878 restarts 0
it 234 steps 479232 games 231 recent30 466125 ballmean 209485 balllen 854 nudges/ball 61.83 tilts/ball 0.05 ent 0.587 rollout 2.8s elapsed 756s frames/s 2879 restarts 0
it 235 steps 481280 games 233 recent30 455608 ballmean 209529 balllen 854 nudges/ball 61.81 tilts/ball 0.05 ent 0.524 rollout 3.1s elapsed 760s frames/s 2879 restarts 0
it 236 steps 483328 games 235 recent30 458792 ballmean 209108 balllen 854 nudges/ball 61.78 tilts/ball 0.05 ent 0.521 rollout 3.0s elapsed 763s frames/s 2880 restarts 0
it 237 steps 485376 games 235 recent30 458792 ballmean 208898 balllen 853 nudges/ball 61.71 tilts/ball 0.05 ent 0.560 rollout 2.9s elapsed 766s frames/s 2880 restarts 0
it 238 steps 487424 games 236 recent30 424617 ballmean 208609 balllen 852 nudges/ball 61.60 tilts/ball 0.05 ent 0.554 rollout 2.9s elapsed 769s frames/s 2881 restarts 0
it 239 steps 489472 games 237 recent30 424058 ballmean 208510 balllen 854 nudges/ball 61.70 tilts/ball 0.05 ent 0.560 rollout 2.8s elapsed 772s frames/s 2882 restarts 0
it 240 steps 491520 games 238 recent30 440175 ballmean 209635 balllen 859 nudges/ball 62.03 tilts/ball 0.05 ent 0.550 rollout 3.0s elapsed 775s frames/s 2884 restarts 0
it 241 steps 493568 games 238 recent30 440175 ballmean 209522 balllen 859 nudges/ball 62.03 tilts/ball 0.05 ent 0.565 rollout 3.2s elapsed 778s frames/s 2883 restarts 0
it 242 steps 495616 games 240 recent30 406058 ballmean 209095 balllen 857 nudges/ball 61.91 tilts/ball 0.05 ent 0.590 rollout 2.9s elapsed 781s frames/s 2884 restarts 0
it 243 steps 497664 games 242 recent30 395183 ballmean 208670 balllen 856 nudges/ball 61.82 tilts/ball 0.05 ent 0.548 rollout 2.6s elapsed 784s frames/s 2886 restarts 0
it 244 steps 499712 games 243 recent30 432225 ballmean 208358 balllen 855 nudges/ball 61.81 tilts/ball 0.05 ent 0.612 rollout 3.1s elapsed 787s frames/s 2886 restarts 0
it 245 steps 501760 games 243 recent30 432225 ballmean 208358 balllen 855 nudges/ball 61.81 tilts/ball 0.05 ent 0.593 rollout 3.1s elapsed 790s frames/s 2886 restarts 0
it 246 steps 503808 games 246 recent30 418783 ballmean 207904 balllen 855 nudges/ball 61.86 tilts/ball 0.05 ent 0.547 rollout 3.1s elapsed 793s frames/s 2887 restarts 0
it 247 steps 505856 games 247 recent30 418258 ballmean 207750 balllen 854 nudges/ball 61.82 tilts/ball 0.05 ent 0.534 rollout 3.1s elapsed 796s frames/s 2888 restarts 0
it 248 steps 507904 games 248 recent30 449892 ballmean 209039 balllen 857 nudges/ball 61.96 tilts/ball 0.05 ent 0.549 rollout 3.0s elapsed 799s frames/s 2888 restarts 0
it 249 steps 509952 games 248 recent30 449892 ballmean 209002 balllen 858 nudges/ball 62.12 tilts/ball 0.05 ent 0.550 rollout 3.3s elapsed 803s frames/s 2888 restarts 0
it 250 steps 512000 games 250 recent30 372417 ballmean 207668 balllen 853 nudges/ball 61.74 tilts/ball 0.05 ent 0.541 rollout 3.0s elapsed 806s frames/s 2890 restarts 0
it 251 steps 514048 games 251 recent30 362075 ballmean 207632 balllen 853 nudges/ball 61.74 tilts/ball 0.05 ent 0.598 rollout 3.2s elapsed 809s frames/s 2890 restarts 0
it 252 steps 516096 games 252 recent30 390500 ballmean 206065 balllen 848 nudges/ball 61.41 tilts/ball 0.05 ent 0.544 rollout 3.2s elapsed 812s frames/s 2891 restarts 0
it 253 steps 518144 games 253 recent30 393342 ballmean 205822 balllen 847 nudges/ball 61.34 tilts/ball 0.05 ent 0.590 rollout 2.9s elapsed 815s frames/s 2891 restarts 0
it 254 steps 520192 games 256 recent30 385375 ballmean 205156 balllen 845 nudges/ball 61.17 tilts/ball 0.05 ent 0.606 rollout 2.7s elapsed 818s frames/s 2893 restarts 0
it 255 steps 522240 games 256 recent30 385375 ballmean 205585 balllen 847 nudges/ball 61.29 tilts/ball 0.05 ent 0.594 rollout 3.4s elapsed 822s frames/s 2892 restarts 0
it 256 steps 524288 games 256 recent30 385375 ballmean 205585 balllen 847 nudges/ball 61.29 tilts/ball 0.05 ent 0.655 rollout 2.8s elapsed 825s frames/s 2892 restarts 0
it 257 steps 526336 games 258 recent30 410000 ballmean 205354 balllen 846 nudges/ball 61.26 tilts/ball 0.05 ent 0.608 rollout 3.2s elapsed 828s frames/s 2892 restarts 0
it 258 steps 528384 games 258 recent30 410000 ballmean 205692 balllen 845 nudges/ball 61.15 tilts/ball 0.05 ent 0.617 rollout 3.0s elapsed 831s frames/s 2893 restarts 0
it 259 steps 530432 games 259 recent30 444708 ballmean 205259 balllen 845 nudges/ball 61.16 tilts/ball 0.05 ent 0.573 rollout 3.2s elapsed 834s frames/s 2893 restarts 0
it 260 steps 532480 games 260 recent30 446292 ballmean 204671 balllen 843 nudges/ball 61.01 tilts/ball 0.05 ent 0.522 rollout 3.0s elapsed 837s frames/s 2894 restarts 0
it 261 steps 534528 games 262 recent30 460717 ballmean 205090 balllen 845 nudges/ball 61.19 tilts/ball 0.05 ent 0.574 rollout 3.0s elapsed 841s frames/s 2895 restarts 0
it 262 steps 536576 games 263 recent30 454342 ballmean 204886 balllen 845 nudges/ball 61.16 tilts/ball 0.05 ent 0.606 rollout 3.0s elapsed 844s frames/s 2895 restarts 0
it 263 steps 538624 games 264 recent30 464275 ballmean 204351 balllen 843 nudges/ball 61.04 tilts/ball 0.05 ent 0.642 rollout 3.0s elapsed 847s frames/s 2895 restarts 0
it 264 steps 540672 games 264 recent30 464275 ballmean 204703 balllen 844 nudges/ball 61.12 tilts/ball 0.05 ent 0.619 rollout 3.2s elapsed 850s frames/s 2894 restarts 0
it 265 steps 542720 games 264 recent30 464275 ballmean 204384 balllen 843 nudges/ball 61.04 tilts/ball 0.05 ent 0.649 rollout 2.9s elapsed 853s frames/s 2894 restarts 0
it 266 steps 544768 games 264 recent30 464275 ballmean 204383 balllen 844 nudges/ball 61.09 tilts/ball 0.05 ent 0.675 rollout 3.1s elapsed 856s frames/s 2894 restarts 0
it 267 steps 546816 games 266 recent30 498858 ballmean 205259 balllen 846 nudges/ball 61.32 tilts/ball 0.05 ent 0.656 rollout 3.3s elapsed 860s frames/s 2894 restarts 0
it 268 steps 548864 games 268 recent30 488075 ballmean 206192 balllen 848 nudges/ball 61.75 tilts/ball 0.06 ent 0.595 rollout 2.9s elapsed 863s frames/s 2896 restarts 0
it 269 steps 550912 games 269 recent30 484950 ballmean 205785 balllen 847 nudges/ball 61.69 tilts/ball 0.06 ent 0.588 rollout 2.9s elapsed 866s frames/s 2897 restarts 0
it 270 steps 552960 games 273 recent30 493158 ballmean 204769 balllen 843 nudges/ball 61.50 tilts/ball 0.06 ent 0.594 rollout 3.1s elapsed 869s frames/s 2899 restarts 0
it 271 steps 555008 games 273 recent30 493158 ballmean 204751 balllen 845 nudges/ball 61.61 tilts/ball 0.06 ent 0.657 rollout 3.0s elapsed 872s frames/s 2898 restarts 0
it 272 steps 557056 games 274 recent30 484700 ballmean 205850 balllen 846 nudges/ball 61.76 tilts/ball 0.06 ent 0.667 rollout 3.0s elapsed 875s frames/s 2899 restarts 0
it 273 steps 559104 games 274 recent30 484700 ballmean 205559 balllen 845 nudges/ball 61.69 tilts/ball 0.06 ent 0.652 rollout 2.8s elapsed 878s frames/s 2899 restarts 0
it 274 steps 561152 games 275 recent30 482283 ballmean 205087 balllen 844 nudges/ball 61.65 tilts/ball 0.06 ent 0.691 rollout 3.1s elapsed 881s frames/s 2900 restarts 0
it 275 steps 563200 games 276 recent30 478942 ballmean 204880 balllen 844 nudges/ball 61.67 tilts/ball 0.05 ent 0.680 rollout 2.7s elapsed 884s frames/s 2901 restarts 0
it 276 steps 565248 games 277 recent30 482242 ballmean 204870 balllen 845 nudges/ball 61.78 tilts/ball 0.06 ent 0.635 rollout 2.9s elapsed 887s frames/s 2901 restarts 0
it 277 steps 567296 games 278 recent30 444617 ballmean 206442 balllen 845 nudges/ball 61.87 tilts/ball 0.06 ent 0.567 rollout 3.0s elapsed 890s frames/s 2901 restarts 0
it 278 steps 569344 games 278 recent30 444617 ballmean 206442 balllen 845 nudges/ball 61.87 tilts/ball 0.06 ent 0.562 rollout 2.9s elapsed 893s frames/s 2901 restarts 0
it 279 steps 571392 games 280 recent30 495117 ballmean 206177 balllen 845 nudges/ball 61.90 tilts/ball 0.06 ent 0.615 rollout 3.0s elapsed 896s frames/s 2902 restarts 0
it 280 steps 573440 games 281 recent30 512975 ballmean 206063 balllen 845 nudges/ball 61.92 tilts/ball 0.06 ent 0.583 rollout 3.0s elapsed 899s frames/s 2903 restarts 0
it 281 steps 575488 games 282 recent30 479742 ballmean 206183 balllen 845 nudges/ball 61.97 tilts/ball 0.06 ent 0.597 rollout 2.8s elapsed 902s frames/s 2903 restarts 0
it 282 steps 577536 games 282 recent30 479742 ballmean 206183 balllen 845 nudges/ball 61.97 tilts/ball 0.06 ent 0.588 rollout 2.8s elapsed 905s frames/s 2903 restarts 0
it 283 steps 579584 games 282 recent30 479742 ballmean 207434 balllen 848 nudges/ball 62.19 tilts/ball 0.06 ent 0.560 rollout 3.0s elapsed 908s frames/s 2904 restarts 0
it 284 steps 581632 games 284 recent30 526808 ballmean 207000 balllen 847 nudges/ball 62.16 tilts/ball 0.06 ent 0.489 rollout 2.9s elapsed 911s frames/s 2905 restarts 0
it 285 steps 583680 games 285 recent30 555492 ballmean 208341 balllen 851 nudges/ball 62.46 tilts/ball 0.06 ent 0.525 rollout 3.0s elapsed 914s frames/s 2906 restarts 0
it 286 steps 585728 games 286 recent30 554308 ballmean 208188 balllen 851 nudges/ball 62.43 tilts/ball 0.06 ent 0.561 rollout 2.8s elapsed 917s frames/s 2906 restarts 0
it 287 steps 587776 games 288 recent30 563025 ballmean 207412 balllen 848 nudges/ball 62.24 tilts/ball 0.06 ent 0.558 rollout 3.0s elapsed 920s frames/s 2907 restarts 0
it 288 steps 589824 games 289 recent30 495850 ballmean 207632 balllen 850 nudges/ball 62.35 tilts/ball 0.06 ent 0.578 rollout 3.1s elapsed 923s frames/s 2907 restarts 0
it 289 steps 591872 games 290 recent30 523650 ballmean 208560 balllen 851 nudges/ball 62.46 tilts/ball 0.06 ent 0.596 rollout 3.0s elapsed 926s frames/s 2907 restarts 0
it 290 steps 593920 games 291 recent30 515508 ballmean 208454 balllen 851 nudges/ball 62.43 tilts/ball 0.06 ent 0.580 rollout 3.1s elapsed 929s frames/s 2907 restarts 0
it 291 steps 595968 games 292 recent30 520408 ballmean 209398 balllen 853 nudges/ball 62.49 tilts/ball 0.06 ent 0.567 rollout 3.0s elapsed 932s frames/s 2907 restarts 0
it 292 steps 598016 games 293 recent30 555017 ballmean 210097 balllen 853 nudges/ball 62.47 tilts/ball 0.06 ent 0.567 rollout 3.1s elapsed 936s frames/s 2907 restarts 0
it 293 steps 600064 games 293 recent30 555017 ballmean 209907 balllen 853 nudges/ball 62.41 tilts/ball 0.06 ent 0.576 rollout 2.7s elapsed 938s frames/s 2908 restarts 0
it 294 steps 602112 games 295 recent30 539833 ballmean 209899 balllen 854 nudges/ball 62.43 tilts/ball 0.06 ent 0.486 rollout 3.1s elapsed 942s frames/s 2909 restarts 0
it 295 steps 604160 games 295 recent30 539833 ballmean 211101 balllen 856 nudges/ball 62.50 tilts/ball 0.06 ent 0.543 rollout 3.4s elapsed 945s frames/s 2908 restarts 0
it 296 steps 606208 games 298 recent30 549983 ballmean 210644 balllen 854 nudges/ball 62.38 tilts/ball 0.06 ent 0.529 rollout 3.3s elapsed 949s frames/s 2909 restarts 0
it 297 steps 608256 games 301 recent30 533433 ballmean 212212 balllen 853 nudges/ball 62.18 tilts/ball 0.06 ent 0.566 rollout 3.1s elapsed 952s frames/s 2911 restarts 0
it 298 steps 610304 games 302 recent30 522742 ballmean 211943 balllen 852 nudges/ball 62.08 tilts/ball 0.06 ent 0.499 rollout 2.9s elapsed 955s frames/s 2911 restarts 0
it 299 steps 612352 games 302 recent30 522742 ballmean 211943 balllen 852 nudges/ball 62.08 tilts/ball 0.06 ent 0.515 rollout 3.1s elapsed 958s frames/s 2911 restarts 0
it 300 steps 614400 games 303 recent30 511742 ballmean 212163 balllen 853 nudges/ball 62.16 tilts/ball 0.06 ent 0.532 rollout 2.9s elapsed 961s frames/s 2912 restarts 0
it 301 steps 616448 games 304 recent30 516158 ballmean 212595 balllen 855 nudges/ball 62.17 tilts/ball 0.05 ent 0.552 rollout 2.9s elapsed 964s frames/s 2912 restarts 0
it 302 steps 618496 games 305 recent30 516517 ballmean 212223 balllen 853 nudges/ball 62.07 tilts/ball 0.05 ent 0.537 rollout 3.0s elapsed 967s frames/s 2912 restarts 0
it 303 steps 620544 games 305 recent30 516517 ballmean 212223 balllen 853 nudges/ball 62.07 tilts/ball 0.05 ent 0.528 rollout 2.9s elapsed 970s frames/s 2912 restarts 0
it 304 steps 622592 games 306 recent30 515942 ballmean 212116 balllen 853 nudges/ball 62.02 tilts/ball 0.05 ent 0.537 rollout 3.2s elapsed 973s frames/s 2911 restarts 0
it 305 steps 624640 games 306 recent30 515942 ballmean 212116 balllen 853 nudges/ball 62.02 tilts/ball 0.05 ent 0.557 rollout 2.9s elapsed 976s frames/s 2910 restarts 0
it 306 steps 626688 games 307 recent30 507833 ballmean 212136 balllen 853 nudges/ball 62.07 tilts/ball 0.05 ent 0.615 rollout 2.9s elapsed 979s frames/s 2910 restarts 0
it 307 steps 628736 games 307 recent30 507833 ballmean 212197 balllen 854 nudges/ball 62.07 tilts/ball 0.05 ent 0.543 rollout 2.9s elapsed 982s frames/s 2910 restarts 0
it 308 steps 630784 games 309 recent30 538442 ballmean 212061 balllen 854 nudges/ball 62.07 tilts/ball 0.05 ent 0.595 rollout 3.1s elapsed 986s frames/s 2911 restarts 0
it 309 steps 632832 games 310 recent30 496600 ballmean 214263 balllen 859 nudges/ball 62.30 tilts/ball 0.05 ent 0.599 rollout 3.0s elapsed 989s frames/s 2912 restarts 0
it 310 steps 634880 games 310 recent30 496600 ballmean 213699 balllen 857 nudges/ball 62.18 tilts/ball 0.05 ent 0.599 rollout 3.2s elapsed 992s frames/s 2911 restarts 0
it 311 steps 636928 games 311 recent30 570783 ballmean 213373 balllen 856 nudges/ball 62.11 tilts/ball 0.05 ent 0.632 rollout 3.1s elapsed 995s frames/s 2911 restarts 0
it 312 steps 638976 games 312 recent30 579708 ballmean 212619 balllen 855 nudges/ball 62.10 tilts/ball 0.05 ent 0.647 rollout 3.0s elapsed 998s frames/s 2911 restarts 0
it 313 steps 641024 games 313 recent30 579517 ballmean 212356 balllen 854 nudges/ball 62.08 tilts/ball 0.06 ent 0.606 rollout 3.2s elapsed 1002s frames/s 2910 restarts 0
it 314 steps 643072 games 313 recent30 579517 ballmean 212356 balllen 854 nudges/ball 62.08 tilts/ball 0.06 ent 0.600 rollout 3.1s elapsed 1005s frames/s 2909 restarts 0
it 315 steps 645120 games 313 recent30 579517 ballmean 212356 balllen 854 nudges/ball 62.08 tilts/ball 0.06 ent 0.616 rollout 2.9s elapsed 1008s frames/s 2909 restarts 0
it 316 steps 647168 games 315 recent30 587883 ballmean 213383 balllen 856 nudges/ball 62.26 tilts/ball 0.05 ent 0.590 rollout 3.2s elapsed 1011s frames/s 2910 restarts 0
it 317 steps 649216 games 315 recent30 587883 ballmean 213874 balllen 859 nudges/ball 62.48 tilts/ball 0.05 ent 0.513 rollout 3.1s elapsed 1014s frames/s 2909 restarts 0
it 318 steps 651264 games 315 recent30 587883 ballmean 215797 balllen 863 nudges/ball 62.72 tilts/ball 0.05 ent 0.592 rollout 3.0s elapsed 1018s frames/s 2910 restarts 0
it 319 steps 653312 games 316 recent30 595800 ballmean 215720 balllen 863 nudges/ball 62.71 tilts/ball 0.05 ent 0.494 rollout 2.9s elapsed 1021s frames/s 2910 restarts 0
it 320 steps 655360 games 316 recent30 595800 ballmean 215966 balllen 865 nudges/ball 62.83 tilts/ball 0.05 ent 0.522 rollout 3.2s elapsed 1024s frames/s 2910 restarts 0
it 321 steps 657408 games 317 recent30 579375 ballmean 215780 balllen 864 nudges/ball 62.80 tilts/ball 0.05 ent 0.512 rollout 3.1s elapsed 1027s frames/s 2909 restarts 0
it 322 steps 659456 games 319 recent30 572242 ballmean 215764 balllen 866 nudges/ball 62.86 tilts/ball 0.05 ent 0.496 rollout 2.7s elapsed 1030s frames/s 2911 restarts 0
it 323 steps 661504 games 321 recent30 552633 ballmean 217410 balllen 868 nudges/ball 63.05 tilts/ball 0.05 ent 0.528 rollout 3.0s elapsed 1033s frames/s 2911 restarts 0
it 324 steps 663552 games 321 recent30 552633 ballmean 217152 balllen 868 nudges/ball 63.10 tilts/ball 0.05 ent 0.493 rollout 3.3s elapsed 1036s frames/s 2911 restarts 0
it 325 steps 665600 games 322 recent30 598625 ballmean 218531 balllen 870 nudges/ball 63.19 tilts/ball 0.05 ent 0.546 rollout 3.3s elapsed 1040s frames/s 2911 restarts 0
it 326 steps 667648 games 323 recent30 611908 ballmean 217799 balllen 868 nudges/ball 63.02 tilts/ball 0.05 ent 0.564 rollout 3.2s elapsed 1043s frames/s 2911 restarts 0
it 327 steps 669696 games 325 recent30 598550 ballmean 217599 balllen 867 nudges/ball 62.97 tilts/ball 0.05 ent 0.546 rollout 3.2s elapsed 1046s frames/s 2911 restarts 0
it 328 steps 671744 games 325 recent30 598550 ballmean 217414 balllen 866 nudges/ball 62.91 tilts/ball 0.05 ent 0.557 rollout 2.8s elapsed 1049s frames/s 2911 restarts 0
it 329 steps 673792 games 325 recent30 598550 ballmean 217619 balllen 867 nudges/ball 62.95 tilts/ball 0.05 ent 0.615 rollout 3.1s elapsed 1052s frames/s 2911 restarts 0
it 330 steps 675840 games 325 recent30 598550 ballmean 217619 balllen 867 nudges/ball 62.95 tilts/ball 0.05 ent 0.672 rollout 2.9s elapsed 1055s frames/s 2910 restarts 0
it 331 steps 677888 games 326 recent30 599158 ballmean 217345 balllen 866 nudges/ball 62.91 tilts/ball 0.05 ent 0.672 rollout 3.1s elapsed 1059s frames/s 2910 restarts 0
it 332 steps 679936 games 327 recent30 644558 ballmean 219243 balllen 869 nudges/ball 63.09 tilts/ball 0.05 ent 0.667 rollout 3.0s elapsed 1062s frames/s 2911 restarts 0
it 333 steps 681984 games 327 recent30 644558 ballmean 219282 balllen 869 nudges/ball 63.12 tilts/ball 0.05 ent 0.681 rollout 3.1s elapsed 1065s frames/s 2910 restarts 0
it 334 steps 684032 games 327 recent30 644558 ballmean 219650 balllen 871 nudges/ball 63.22 tilts/ball 0.05 ent 0.727 rollout 2.9s elapsed 1068s frames/s 2911 restarts 0
it 335 steps 686080 games 327 recent30 644558 ballmean 221492 balllen 874 nudges/ball 63.45 tilts/ball 0.05 ent 0.730 rollout 3.2s elapsed 1071s frames/s 2910 restarts 0
it 336 steps 688128 games 327 recent30 644558 ballmean 221492 balllen 874 nudges/ball 63.45 tilts/ball 0.05 ent 0.669 rollout 2.8s elapsed 1074s frames/s 2909 restarts 0
it 337 steps 690176 games 328 recent30 621692 ballmean 221625 balllen 874 nudges/ball 63.60 tilts/ball 0.05 ent 0.653 rollout 3.0s elapsed 1077s frames/s 2910 restarts 0
it 338 steps 692224 games 331 recent30 643317 ballmean 221741 balllen 875 nudges/ball 63.81 tilts/ball 0.05 ent 0.653 rollout 3.3s elapsed 1080s frames/s 2910 restarts 0
it 339 steps 694272 games 333 recent30 647600 ballmean 223437 balllen 878 nudges/ball 64.20 tilts/ball 0.06 ent 0.660 rollout 3.3s elapsed 1084s frames/s 2910 restarts 0
it 340 steps 696320 games 333 recent30 647600 ballmean 223079 balllen 878 nudges/ball 64.27 tilts/ball 0.05 ent 0.654 rollout 3.3s elapsed 1087s frames/s 2910 restarts 0
it 341 steps 698368 games 333 recent30 647600 ballmean 222895 balllen 878 nudges/ball 64.38 tilts/ball 0.06 ent 0.653 rollout 3.0s elapsed 1090s frames/s 2910 restarts 0
it 342 steps 700416 games 333 recent30 647600 ballmean 223199 balllen 880 nudges/ball 64.60 tilts/ball 0.06 ent 0.642 rollout 3.1s elapsed 1094s frames/s 2909 restarts 0
it 343 steps 702464 games 334 recent30 697050 ballmean 223255 balllen 880 nudges/ball 64.72 tilts/ball 0.06 ent 0.616 rollout 3.0s elapsed 1097s frames/s 2909 restarts 0
it 344 steps 704512 games 334 recent30 697050 ballmean 222910 balllen 879 nudges/ball 64.68 tilts/ball 0.06 ent 0.589 rollout 3.0s elapsed 1100s frames/s 2909 restarts 0
it 345 steps 706560 games 335 recent30 686517 ballmean 222911 balllen 878 nudges/ball 64.78 tilts/ball 0.06 ent 0.607 rollout 3.0s elapsed 1103s frames/s 2909 restarts 0
it 346 steps 708608 games 335 recent30 686517 ballmean 222459 balllen 877 nudges/ball 64.89 tilts/ball 0.06 ent 0.641 rollout 3.1s elapsed 1106s frames/s 2909 restarts 0
it 347 steps 710656 games 336 recent30 707208 ballmean 221850 balllen 875 nudges/ball 64.82 tilts/ball 0.06 ent 0.598 rollout 3.0s elapsed 1109s frames/s 2909 restarts 0
it 348 steps 712704 games 336 recent30 707208 ballmean 222718 balllen 877 nudges/ball 64.99 tilts/ball 0.06 ent 0.638 rollout 3.2s elapsed 1112s frames/s 2909 restarts 0
it 349 steps 714752 games 338 recent30 734642 ballmean 222543 balllen 876 nudges/ball 65.02 tilts/ball 0.06 ent 0.609 rollout 3.2s elapsed 1116s frames/s 2910 restarts 0
it 350 steps 716800 games 338 recent30 734642 ballmean 222543 balllen 876 nudges/ball 65.02 tilts/ball 0.06 ent 0.628 rollout 2.9s elapsed 1119s frames/s 2910 restarts 0
it 351 steps 718848 games 341 recent30 630550 ballmean 222569 balllen 876 nudges/ball 65.27 tilts/ball 0.06 ent 0.679 rollout 3.2s elapsed 1122s frames/s 2910 restarts 0
it 352 steps 720896 games 342 recent30 620917 ballmean 222190 balllen 875 nudges/ball 65.21 tilts/ball 0.06 ent 0.672 rollout 3.1s elapsed 1125s frames/s 2910 restarts 0
it 353 steps 722944 games 342 recent30 620917 ballmean 222031 balllen 873 nudges/ball 65.13 tilts/ball 0.06 ent 0.603 rollout 2.9s elapsed 1128s frames/s 2910 restarts 0
it 354 steps 724992 games 345 recent30 582792 ballmean 227745 balllen 880 nudges/ball 66.04 tilts/ball 0.06 ent 0.645 rollout 2.9s elapsed 1131s frames/s 2913 restarts 0
it 355 steps 727040 games 346 recent30 633083 ballmean 227901 balllen 880 nudges/ball 66.15 tilts/ball 0.06 ent 0.575 rollout 2.6s elapsed 1134s frames/s 2914 restarts 0
it 356 steps 729088 games 346 recent30 633083 ballmean 228110 balllen 880 nudges/ball 66.26 tilts/ball 0.06 ent 0.572 rollout 3.0s elapsed 1137s frames/s 2914 restarts 0
it 357 steps 731136 games 350 recent30 778042 ballmean 228410 balllen 879 nudges/ball 66.34 tilts/ball 0.06 ent 0.555 rollout 3.5s elapsed 1140s frames/s 2914 restarts 0
it 358 steps 733184 games 351 recent30 782225 ballmean 228554 balllen 880 nudges/ball 66.48 tilts/ball 0.06 ent 0.575 rollout 3.0s elapsed 1144s frames/s 2915 restarts 0
it 359 steps 735232 games 351 recent30 782225 ballmean 228753 balllen 880 nudges/ball 66.55 tilts/ball 0.06 ent 0.568 rollout 2.9s elapsed 1147s frames/s 2915 restarts 0
it 360 steps 737280 games 354 recent30 754558 ballmean 228551 balllen 880 nudges/ball 66.62 tilts/ball 0.06 ent 0.641 rollout 3.3s elapsed 1150s frames/s 2916 restarts 0
it 361 steps 739328 games 355 recent30 765958 ballmean 227801 balllen 875 nudges/ball 66.41 tilts/ball 0.06 ent 0.544 rollout 3.1s elapsed 1153s frames/s 2917 restarts 0
it 362 steps 741376 games 357 recent30 710000 ballmean 227587 balllen 874 nudges/ball 66.38 tilts/ball 0.06 ent 0.564 rollout 2.9s elapsed 1156s frames/s 2918 restarts 0
it 363 steps 743424 games 360 recent30 781150 ballmean 225781 balllen 871 nudges/ball 66.31 tilts/ball 0.06 ent 0.529 rollout 2.9s elapsed 1159s frames/s 2919 restarts 0
it 364 steps 745472 games 360 recent30 781150 ballmean 225067 balllen 868 nudges/ball 66.20 tilts/ball 0.06 ent 0.524 rollout 3.1s elapsed 1162s frames/s 2919 restarts 0
it 365 steps 747520 games 360 recent30 781150 ballmean 223469 balllen 865 nudges/ball 65.85 tilts/ball 0.06 ent 0.470 rollout 2.8s elapsed 1165s frames/s 2919 restarts 0
it 366 steps 749568 games 361 recent30 780158 ballmean 222826 balllen 861 nudges/ball 65.57 tilts/ball 0.06 ent 0.509 rollout 2.9s elapsed 1168s frames/s 2920 restarts 0
it 367 steps 751616 games 362 recent30 776175 ballmean 222651 balllen 861 nudges/ball 65.55 tilts/ball 0.06 ent 0.503 rollout 2.7s elapsed 1171s frames/s 2921 restarts 0
it 368 steps 753664 games 364 recent30 731400 ballmean 222281 balllen 860 nudges/ball 65.39 tilts/ball 0.06 ent 0.509 rollout 2.8s elapsed 1174s frames/s 2922 restarts 0
it 369 steps 755712 games 365 recent30 730292 ballmean 223688 balllen 864 nudges/ball 65.76 tilts/ball 0.06 ent 0.465 rollout 3.0s elapsed 1177s frames/s 2922 restarts 0
it 370 steps 757760 games 365 recent30 730292 ballmean 224230 balllen 866 nudges/ball 65.93 tilts/ball 0.06 ent 0.454 rollout 2.8s elapsed 1180s frames/s 2922 restarts 0
it 371 steps 759808 games 367 recent30 684225 ballmean 223869 balllen 866 nudges/ball 66.08 tilts/ball 0.06 ent 0.472 rollout 3.1s elapsed 1183s frames/s 2924 restarts 0
it 372 steps 761856 games 367 recent30 684225 ballmean 223869 balllen 866 nudges/ball 66.08 tilts/ball 0.06 ent 0.505 rollout 2.9s elapsed 1186s frames/s 2923 restarts 0
it 373 steps 763904 games 367 recent30 684225 ballmean 223608 balllen 864 nudges/ball 65.96 tilts/ball 0.06 ent 0.469 rollout 2.7s elapsed 1189s frames/s 2924 restarts 0
it 374 steps 765952 games 367 recent30 684225 ballmean 223433 balllen 864 nudges/ball 65.95 tilts/ball 0.06 ent 0.422 rollout 2.8s elapsed 1192s frames/s 2924 restarts 0
it 375 steps 768000 games 367 recent30 684225 ballmean 223467 balllen 865 nudges/ball 65.95 tilts/ball 0.06 ent 0.428 rollout 2.9s elapsed 1195s frames/s 2924 restarts 0
it 376 steps 770048 games 369 recent30 664817 ballmean 223735 balllen 865 nudges/ball 65.97 tilts/ball 0.06 ent 0.439 rollout 2.8s elapsed 1198s frames/s 2925 restarts 0
it 377 steps 772096 games 371 recent30 680125 ballmean 223079 balllen 866 nudges/ball 65.86 tilts/ball 0.06 ent 0.433 rollout 2.8s elapsed 1201s frames/s 2926 restarts 0
it 378 steps 774144 games 372 recent30 689100 ballmean 222801 balllen 865 nudges/ball 65.75 tilts/ball 0.06 ent 0.464 rollout 2.9s elapsed 1204s frames/s 2927 restarts 0
it 379 steps 776192 games 374 recent30 647367 ballmean 222645 balllen 863 nudges/ball 65.58 tilts/ball 0.06 ent 0.446 rollout 3.0s elapsed 1207s frames/s 2927 restarts 0
it 380 steps 778240 games 375 recent30 656442 ballmean 222656 balllen 863 nudges/ball 65.61 tilts/ball 0.06 ent 0.483 rollout 2.9s elapsed 1210s frames/s 2928 restarts 0
it 381 steps 780288 games 377 recent30 479183 ballmean 223047 balllen 866 nudges/ball 65.79 tilts/ball 0.06 ent 0.495 rollout 3.3s elapsed 1213s frames/s 2928 restarts 0
it 382 steps 782336 games 377 recent30 479183 ballmean 223926 balllen 867 nudges/ball 65.82 tilts/ball 0.06 ent 0.499 rollout 2.9s elapsed 1216s frames/s 2928 restarts 0
it 383 steps 784384 games 377 recent30 479183 ballmean 222246 balllen 863 nudges/ball 65.57 tilts/ball 0.06 ent 0.523 rollout 3.0s elapsed 1219s frames/s 2928 restarts 0
it 384 steps 786432 games 377 recent30 479183 ballmean 222246 balllen 863 nudges/ball 65.57 tilts/ball 0.06 ent 0.552 rollout 2.6s elapsed 1222s frames/s 2928 restarts 0
it 385 steps 788480 games 380 recent30 486417 ballmean 223932 balllen 866 nudges/ball 65.73 tilts/ball 0.06 ent 0.554 rollout 2.9s elapsed 1225s frames/s 2930 restarts 0
it 386 steps 790528 games 381 recent30 493142 ballmean 224180 balllen 866 nudges/ball 65.88 tilts/ball 0.06 ent 0.536 rollout 2.9s elapsed 1228s frames/s 2930 restarts 0
it 387 steps 792576 games 381 recent30 493142 ballmean 224158 balllen 866 nudges/ball 65.89 tilts/ball 0.06 ent 0.531 rollout 2.7s elapsed 1231s frames/s 2931 restarts 0
it 388 steps 794624 games 382 recent30 414625 ballmean 224372 balllen 867 nudges/ball 65.96 tilts/ball 0.06 ent 0.492 rollout 3.1s elapsed 1234s frames/s 2931 restarts 0
it 389 steps 796672 games 383 recent30 422558 ballmean 223116 balllen 865 nudges/ball 65.75 tilts/ball 0.06 ent 0.501 rollout 3.3s elapsed 1237s frames/s 2930 restarts 0
it 390 steps 798720 games 385 recent30 460742 ballmean 223342 balllen 865 nudges/ball 65.79 tilts/ball 0.06 ent 0.517 rollout 3.1s elapsed 1240s frames/s 2930 restarts 0
it 391 steps 800768 games 386 recent30 462108 ballmean 223449 balllen 866 nudges/ball 65.87 tilts/ball 0.06 ent 0.552 rollout 2.9s elapsed 1243s frames/s 2930 restarts 0
it 392 steps 802816 games 387 recent30 486025 ballmean 226293 balllen 869 nudges/ball 66.06 tilts/ball 0.06 ent 0.510 rollout 3.6s elapsed 1247s frames/s 2929 restarts 0
it 393 steps 804864 games 387 recent30 486025 ballmean 226272 balllen 869 nudges/ball 66.07 tilts/ball 0.06 ent 0.475 rollout 2.8s elapsed 1250s frames/s 2929 restarts 0
it 394 steps 806912 games 388 recent30 396883 ballmean 226311 balllen 869 nudges/ball 66.12 tilts/ball 0.06 ent 0.507 rollout 3.5s elapsed 1254s frames/s 2928 restarts 0
it 395 steps 808960 games 388 recent30 396883 ballmean 226439 balllen 869 nudges/ball 66.18 tilts/ball 0.06 ent 0.504 rollout 3.2s elapsed 1257s frames/s 2927 restarts 0
it 396 steps 811008 games 389 recent30 408408 ballmean 226664 balllen 871 nudges/ball 66.37 tilts/ball 0.06 ent 0.454 rollout 3.1s elapsed 1260s frames/s 2928 restarts 0
it 397 steps 813056 games 391 recent30 502867 ballmean 226990 balllen 872 nudges/ball 66.52 tilts/ball 0.06 ent 0.413 rollout 3.3s elapsed 1263s frames/s 2928 restarts 0
it 398 steps 815104 games 392 recent30 502517 ballmean 226686 balllen 871 nudges/ball 66.36 tilts/ball 0.06 ent 0.470 rollout 3.1s elapsed 1267s frames/s 2928 restarts 0
it 399 steps 817152 games 392 recent30 502517 ballmean 226778 balllen 871 nudges/ball 66.37 tilts/ball 0.06 ent 0.459 rollout 3.0s elapsed 1270s frames/s 2928 restarts 0
it 400 steps 819200 games 392 recent30 502517 ballmean 226778 balllen 871 nudges/ball 66.37 tilts/ball 0.06 ent 0.466 rollout 2.8s elapsed 1273s frames/s 2927 restarts 0
it 401 steps 821248 games 395 recent30 520425 ballmean 227399 balllen 873 nudges/ball 66.55 tilts/ball 0.06 ent 0.472 rollout 3.3s elapsed 1276s frames/s 2927 restarts 0
it 402 steps 823296 games 396 recent30 516617 ballmean 226838 balllen 872 nudges/ball 66.40 tilts/ball 0.05 ent 0.482 rollout 3.0s elapsed 1279s frames/s 2927 restarts 0
it 403 steps 825344 games 396 recent30 516617 ballmean 226044 balllen 869 nudges/ball 66.17 tilts/ball 0.05 ent 0.482 rollout 3.6s elapsed 1283s frames/s 2926 restarts 0
it 404 steps 827392 games 396 recent30 516617 ballmean 227158 balllen 871 nudges/ball 66.30 tilts/ball 0.05 ent 0.520 rollout 3.2s elapsed 1286s frames/s 2926 restarts 0
it 405 steps 829440 games 396 recent30 516617 ballmean 227158 balllen 871 nudges/ball 66.30 tilts/ball 0.05 ent 0.517 rollout 3.2s elapsed 1289s frames/s 2925 restarts 0
it 406 steps 831488 games 397 recent30 525450 ballmean 226846 balllen 871 nudges/ball 66.23 tilts/ball 0.05 ent 0.507 rollout 3.0s elapsed 1293s frames/s 2925 restarts 0
it 407 steps 833536 games 397 recent30 525450 ballmean 227235 balllen 871 nudges/ball 66.28 tilts/ball 0.05 ent 0.507 rollout 3.1s elapsed 1296s frames/s 2925 restarts 0
it 408 steps 835584 games 398 recent30 529208 ballmean 227895 balllen 873 nudges/ball 66.34 tilts/ball 0.05 ent 0.560 rollout 3.2s elapsed 1299s frames/s 2924 restarts 0
it 409 steps 837632 games 402 recent30 632533 ballmean 228137 balllen 872 nudges/ball 66.40 tilts/ball 0.05 ent 0.590 rollout 3.2s elapsed 1302s frames/s 2925 restarts 0
it 410 steps 839680 games 404 recent30 661125 ballmean 228629 balllen 872 nudges/ball 66.43 tilts/ball 0.05 ent 0.579 rollout 3.4s elapsed 1306s frames/s 2925 restarts 0
it 411 steps 841728 games 405 recent30 653542 ballmean 225902 balllen 871 nudges/ball 66.36 tilts/ball 0.05 ent 0.568 rollout 3.1s elapsed 1309s frames/s 2925 restarts 0
it 412 steps 843776 games 405 recent30 653542 ballmean 225661 balllen 869 nudges/ball 66.25 tilts/ball 0.05 ent 0.598 rollout 2.9s elapsed 1312s frames/s 2925 restarts 0
it 413 steps 845824 games 405 recent30 653542 ballmean 225661 balllen 869 nudges/ball 66.25 tilts/ball 0.05 ent 0.639 rollout 3.0s elapsed 1315s frames/s 2925 restarts 0
it 414 steps 847872 games 405 recent30 653542 ballmean 225900 balllen 870 nudges/ball 66.27 tilts/ball 0.05 ent 0.648 rollout 3.1s elapsed 1318s frames/s 2925 restarts 0
it 415 steps 849920 games 405 recent30 653542 ballmean 225352 balllen 868 nudges/ball 66.14 tilts/ball 0.05 ent 0.652 rollout 3.0s elapsed 1321s frames/s 2925 restarts 0
it 416 steps 851968 games 406 recent30 647050 ballmean 224225 balllen 866 nudges/ball 65.99 tilts/ball 0.05 ent 0.645 rollout 2.7s elapsed 1324s frames/s 2926 restarts 0
it 417 steps 854016 games 407 recent30 639617 ballmean 224098 balllen 865 nudges/ball 65.98 tilts/ball 0.05 ent 0.608 rollout 3.2s elapsed 1328s frames/s 2925 restarts 0
it 418 steps 856064 games 408 recent30 607342 ballmean 224086 balllen 865 nudges/ball 66.00 tilts/ball 0.05 ent 0.598 rollout 3.0s elapsed 1331s frames/s 2925 restarts 0
it 419 steps 858112 games 409 recent30 616375 ballmean 224103 balllen 865 nudges/ball 66.09 tilts/ball 0.05 ent 0.589 rollout 3.3s elapsed 1334s frames/s 2925 restarts 0
it 420 steps 860160 games 410 recent30 623267 ballmean 222713 balllen 863 nudges/ball 65.98 tilts/ball 0.05 ent 0.561 rollout 3.1s elapsed 1337s frames/s 2925 restarts 0
it 421 steps 862208 games 410 recent30 623267 ballmean 222676 balllen 863 nudges/ball 66.00 tilts/ball 0.05 ent 0.593 rollout 3.0s elapsed 1340s frames/s 2924 restarts 0
it 422 steps 864256 games 411 recent30 624792 ballmean 223958 balllen 864 nudges/ball 66.23 tilts/ball 0.05 ent 0.611 rollout 2.9s elapsed 1343s frames/s 2925 restarts 0
it 423 steps 866304 games 413 recent30 624808 ballmean 223641 balllen 863 nudges/ball 66.24 tilts/ball 0.05 ent 0.672 rollout 2.9s elapsed 1346s frames/s 2926 restarts 0
it 424 steps 868352 games 414 recent30 606283 ballmean 223560 balllen 861 nudges/ball 66.23 tilts/ball 0.05 ent 0.657 rollout 3.0s elapsed 1349s frames/s 2926 restarts 0
it 425 steps 870400 games 415 recent30 603425 ballmean 223573 balllen 861 nudges/ball 66.25 tilts/ball 0.05 ent 0.635 rollout 3.4s elapsed 1353s frames/s 2925 restarts 0
it 426 steps 872448 games 416 recent30 609325 ballmean 223634 balllen 862 nudges/ball 66.32 tilts/ball 0.05 ent 0.676 rollout 3.0s elapsed 1356s frames/s 2925 restarts 0
it 427 steps 874496 games 418 recent30 587817 ballmean 224332 balllen 865 nudges/ball 66.81 tilts/ball 0.05 ent 0.621 rollout 3.0s elapsed 1359s frames/s 2925 restarts 0
it 428 steps 876544 games 420 recent30 569542 ballmean 224268 balllen 864 nudges/ball 66.78 tilts/ball 0.05 ent 0.650 rollout 3.4s elapsed 1362s frames/s 2925 restarts 0
it 429 steps 878592 games 420 recent30 569542 ballmean 223820 balllen 864 nudges/ball 66.73 tilts/ball 0.05 ent 0.729 rollout 3.4s elapsed 1366s frames/s 2924 restarts 0
it 430 steps 880640 games 420 recent30 569542 ballmean 223820 balllen 864 nudges/ball 66.73 tilts/ball 0.05 ent 0.689 rollout 2.9s elapsed 1369s frames/s 2924 restarts 0
it 431 steps 882688 games 425 recent30 496742 ballmean 223801 balllen 863 nudges/ball 67.02 tilts/ball 0.06 ent 0.654 rollout 3.3s elapsed 1372s frames/s 2925 restarts 0
it 432 steps 884736 games 426 recent30 496433 ballmean 223212 balllen 861 nudges/ball 67.01 tilts/ball 0.06 ent 0.565 rollout 3.6s elapsed 1376s frames/s 2924 restarts 0
it 433 steps 886784 games 426 recent30 496433 ballmean 225370 balllen 865 nudges/ball 67.44 tilts/ball 0.06 ent 0.598 rollout 3.0s elapsed 1379s frames/s 2924 restarts 0
it 434 steps 888832 games 426 recent30 496433 ballmean 225335 balllen 864 nudges/ball 67.48 tilts/ball 0.06 ent 0.539 rollout 3.0s elapsed 1382s frames/s 2924 restarts 0
it 435 steps 890880 games 427 recent30 477875 ballmean 225649 balllen 867 nudges/ball 67.81 tilts/ball 0.06 ent 0.510 rollout 3.2s elapsed 1386s frames/s 2924 restarts 0
it 436 steps 892928 games 428 recent30 482375 ballmean 225248 balllen 866 nudges/ball 67.73 tilts/ball 0.06 ent 0.489 rollout 3.4s elapsed 1389s frames/s 2923 restarts 0
it 437 steps 894976 games 428 recent30 482375 ballmean 225262 balllen 866 nudges/ball 67.76 tilts/ball 0.06 ent 0.515 rollout 2.8s elapsed 1392s frames/s 2923 restarts 0
it 438 steps 897024 games 430 recent30 380183 ballmean 223999 balllen 865 nudges/ball 67.61 tilts/ball 0.06 ent 0.503 rollout 3.0s elapsed 1395s frames/s 2924 restarts 0
it 439 steps 899072 games 433 recent30 366083 ballmean 224122 balllen 865 nudges/ball 67.67 tilts/ball 0.06 ent 0.516 rollout 2.7s elapsed 1398s frames/s 2925 restarts 0
it 440 steps 901120 games 434 recent30 351767 ballmean 223604 balllen 863 nudges/ball 67.48 tilts/ball 0.06 ent 0.542 rollout 2.9s elapsed 1401s frames/s 2926 restarts 0
it 441 steps 903168 games 435 recent30 348975 ballmean 223657 balllen 863 nudges/ball 67.51 tilts/ball 0.06 ent 0.478 rollout 3.0s elapsed 1404s frames/s 2926 restarts 0
it 442 steps 905216 games 435 recent30 348975 ballmean 223657 balllen 863 nudges/ball 67.51 tilts/ball 0.06 ent 0.530 rollout 3.2s elapsed 1407s frames/s 2925 restarts 0
it 443 steps 907264 games 435 recent30 348975 ballmean 222509 balllen 861 nudges/ball 67.41 tilts/ball 0.06 ent 0.550 rollout 3.2s elapsed 1410s frames/s 2924 restarts 0
it 444 steps 909312 games 435 recent30 348975 ballmean 222509 balllen 861 nudges/ball 67.41 tilts/ball 0.06 ent 0.459 rollout 2.7s elapsed 1413s frames/s 2924 restarts 0
it 445 steps 911360 games 435 recent30 348975 ballmean 222242 balllen 860 nudges/ball 67.39 tilts/ball 0.06 ent 0.509 rollout 2.8s elapsed 1416s frames/s 2925 restarts 0
it 446 steps 913408 games 436 recent30 347367 ballmean 222386 balllen 860 nudges/ball 67.41 tilts/ball 0.06 ent 0.504 rollout 2.9s elapsed 1419s frames/s 2925 restarts 0
it 447 steps 915456 games 438 recent30 446608 ballmean 225907 balllen 868 nudges/ball 68.13 tilts/ball 0.06 ent 0.577 rollout 3.2s elapsed 1422s frames/s 2925 restarts 0
it 448 steps 917504 games 440 recent30 452300 ballmean 226571 balllen 868 nudges/ball 68.18 tilts/ball 0.06 ent 0.565 rollout 2.8s elapsed 1425s frames/s 2926 restarts 0
it 449 steps 919552 games 441 recent30 498317 ballmean 226335 balllen 866 nudges/ball 67.98 tilts/ball 0.06 ent 0.492 rollout 2.9s elapsed 1428s frames/s 2927 restarts 0
it 450 steps 921600 games 442 recent30 597583 ballmean 227332 balllen 867 nudges/ball 68.07 tilts/ball 0.06 ent 0.497 rollout 2.9s elapsed 1431s frames/s 2927 restarts 0
it 451 steps 923648 games 444 recent30 569550 ballmean 225696 balllen 864 nudges/ball 67.80 tilts/ball 0.06 ent 0.533 rollout 3.0s elapsed 1434s frames/s 2928 restarts 0
it 452 steps 925696 games 446 recent30 580792 ballmean 226010 balllen 866 nudges/ball 67.92 tilts/ball 0.06 ent 0.533 rollout 3.1s elapsed 1437s frames/s 2928 restarts 0
it 453 steps 927744 games 447 recent30 571050 ballmean 225919 balllen 865 nudges/ball 67.92 tilts/ball 0.06 ent 0.581 rollout 2.9s elapsed 1440s frames/s 2928 restarts 0
it 454 steps 929792 games 449 recent30 606842 ballmean 224933 balllen 863 nudges/ball 67.73 tilts/ball 0.06 ent 0.521 rollout 2.9s elapsed 1443s frames/s 2929 restarts 0
it 455 steps 931840 games 450 recent30 599450 ballmean 223878 balllen 859 nudges/ball 67.28 tilts/ball 0.06 ent 0.562 rollout 2.9s elapsed 1446s frames/s 2929 restarts 0
it 456 steps 933888 games 450 recent30 599450 ballmean 224689 balllen 861 nudges/ball 67.42 tilts/ball 0.06 ent 0.535 rollout 3.0s elapsed 1449s frames/s 2929 restarts 0
it 457 steps 935936 games 450 recent30 599450 ballmean 224538 balllen 860 nudges/ball 67.34 tilts/ball 0.06 ent 0.556 rollout 3.1s elapsed 1453s frames/s 2929 restarts 0
it 458 steps 937984 games 451 recent30 597050 ballmean 224097 balllen 859 nudges/ball 67.26 tilts/ball 0.06 ent 0.580 rollout 2.9s elapsed 1456s frames/s 2930 restarts 0
it 459 steps 940032 games 452 recent30 562142 ballmean 224078 balllen 858 nudges/ball 67.25 tilts/ball 0.06 ent 0.510 rollout 3.7s elapsed 1459s frames/s 2929 restarts 0
it 460 steps 942080 games 453 recent30 563050 ballmean 223792 balllen 858 nudges/ball 67.20 tilts/ball 0.06 ent 0.530 rollout 3.2s elapsed 1463s frames/s 2929 restarts 0
it 461 steps 944128 games 456 recent30 605792 ballmean 224192 balllen 859 nudges/ball 67.24 tilts/ball 0.06 ent 0.477 rollout 3.1s elapsed 1466s frames/s 2929 restarts 0
it 462 steps 946176 games 458 recent30 634192 ballmean 224738 balllen 861 nudges/ball 67.31 tilts/ball 0.05 ent 0.546 rollout 3.2s elapsed 1469s frames/s 2929 restarts 0
it 463 steps 948224 games 459 recent30 633108 ballmean 225153 balllen 862 nudges/ball 67.41 tilts/ball 0.05 ent 0.627 rollout 3.0s elapsed 1472s frames/s 2929 restarts 0
it 464 steps 950272 games 461 recent30 632375 ballmean 224923 balllen 861 nudges/ball 67.31 tilts/ball 0.06 ent 0.574 rollout 3.3s elapsed 1476s frames/s 2929 restarts 0
it 465 steps 952320 games 462 recent30 624233 ballmean 225752 balllen 862 nudges/ball 67.43 tilts/ball 0.06 ent 0.510 rollout 3.2s elapsed 1479s frames/s 2929 restarts 0
it 466 steps 954368 games 463 recent30 619958 ballmean 224786 balllen 859 nudges/ball 67.22 tilts/ball 0.06 ent 0.421 rollout 2.9s elapsed 1482s frames/s 2929 restarts 0
it 467 steps 956416 games 463 recent30 619958 ballmean 224786 balllen 859 nudges/ball 67.22 tilts/ball 0.06 ent 0.526 rollout 3.1s elapsed 1485s frames/s 2929 restarts 0
it 468 steps 958464 games 465 recent30 656525 ballmean 223347 balllen 853 nudges/ball 66.82 tilts/ball 0.05 ent 0.441 rollout 2.9s elapsed 1488s frames/s 2930 restarts 0
it 469 steps 960512 games 466 recent30 675008 ballmean 223160 balllen 853 nudges/ball 66.79 tilts/ball 0.05 ent 0.478 rollout 3.1s elapsed 1492s frames/s 2930 restarts 0
it 470 steps 962560 games 467 recent30 606542 ballmean 223041 balllen 852 nudges/ball 66.68 tilts/ball 0.05 ent 0.521 rollout 3.4s elapsed 1495s frames/s 2929 restarts 0
it 471 steps 964608 games 470 recent30 579550 ballmean 222485 balllen 850 nudges/ball 66.40 tilts/ball 0.05 ent 0.539 rollout 3.0s elapsed 1498s frames/s 2930 restarts 0
it 472 steps 966656 games 470 recent30 579550 ballmean 221536 balllen 849 nudges/ball 66.23 tilts/ball 0.05 ent 0.514 rollout 2.9s elapsed 1501s frames/s 2930 restarts 0
it 473 steps 968704 games 472 recent30 403725 ballmean 222084 balllen 848 nudges/ball 66.21 tilts/ball 0.05 ent 0.474 rollout 3.0s elapsed 1504s frames/s 2931 restarts 0
it 474 steps 970752 games 473 recent30 424208 ballmean 222318 balllen 849 nudges/ball 66.23 tilts/ball 0.05 ent 0.466 rollout 2.8s elapsed 1507s frames/s 2932 restarts 0
it 475 steps 972800 games 474 recent30 433558 ballmean 222525 balllen 849 nudges/ball 66.26 tilts/ball 0.05 ent 0.483 rollout 3.0s elapsed 1510s frames/s 2932 restarts 0
it 476 steps 974848 games 475 recent30 419092 ballmean 220140 balllen 848 nudges/ball 66.08 tilts/ball 0.05 ent 0.475 rollout 3.1s elapsed 1513s frames/s 2932 restarts 0
it 477 steps 976896 games 477 recent30 439667 ballmean 217206 balllen 843 nudges/ball 65.55 tilts/ball 0.05 ent 0.516 rollout 3.2s elapsed 1517s frames/s 2932 restarts 0
it 478 steps 978944 games 479 recent30 417467 ballmean 217029 balllen 842 nudges/ball 65.41 tilts/ball 0.05 ent 0.484 rollout 3.2s elapsed 1520s frames/s 2932 restarts 0
it 479 steps 980992 games 479 recent30 417467 ballmean 216944 balllen 841 nudges/ball 65.34 tilts/ball 0.05 ent 0.520 rollout 3.1s elapsed 1523s frames/s 2932 restarts 0
it 480 steps 983040 games 480 recent30 426175 ballmean 217593 balllen 844 nudges/ball 65.47 tilts/ball 0.05 ent 0.511 rollout 3.0s elapsed 1526s frames/s 2932 restarts 0
it 481 steps 985088 games 480 recent30 426175 ballmean 217799 balllen 846 nudges/ball 65.49 tilts/ball 0.05 ent 0.572 rollout 2.9s elapsed 1529s frames/s 2932 restarts 0
it 482 steps 987136 games 480 recent30 426175 ballmean 217549 balllen 845 nudges/ball 65.31 tilts/ball 0.05 ent 0.560 rollout 2.7s elapsed 1532s frames/s 2933 restarts 0
it 483 steps 989184 games 482 recent30 429050 ballmean 216454 balllen 841 nudges/ball 64.96 tilts/ball 0.05 ent 0.589 rollout 2.8s elapsed 1535s frames/s 2933 restarts 0
it 484 steps 991232 games 482 recent30 429050 ballmean 216350 balllen 841 nudges/ball 64.86 tilts/ball 0.05 ent 0.556 rollout 2.9s elapsed 1538s frames/s 2934 restarts 0
it 485 steps 993280 games 483 recent30 436017 ballmean 217930 balllen 842 nudges/ball 64.90 tilts/ball 0.05 ent 0.531 rollout 2.9s elapsed 1541s frames/s 2934 restarts 0
it 486 steps 995328 games 484 recent30 414575 ballmean 217687 balllen 841 nudges/ball 64.75 tilts/ball 0.05 ent 0.529 rollout 3.0s elapsed 1544s frames/s 2934 restarts 0
it 487 steps 997376 games 486 recent30 419825 ballmean 218075 balllen 839 nudges/ball 64.58 tilts/ball 0.05 ent 0.562 rollout 2.9s elapsed 1547s frames/s 2935 restarts 0
it 488 steps 999424 games 487 recent30 414908 ballmean 219339 balllen 841 nudges/ball 64.73 tilts/ball 0.05 ent 0.539 rollout 3.2s elapsed 1550s frames/s 2934 restarts 0
it 489 steps 1001472 games 489 recent30 389975 ballmean 217954 balllen 839 nudges/ball 64.64 tilts/ball 0.05 ent 0.538 rollout 3.0s elapsed 1553s frames/s 2935 restarts 0
it 490 steps 1003520 games 490 recent30 400808 ballmean 218250 balllen 841 nudges/ball 64.73 tilts/ball 0.05 ent 0.536 rollout 3.0s elapsed 1556s frames/s 2935 restarts 0
it 491 steps 1005568 games 490 recent30 400808 ballmean 218166 balllen 840 nudges/ball 64.69 tilts/ball 0.05 ent 0.616 rollout 2.9s elapsed 1559s frames/s 2935 restarts 0
it 492 steps 1007616 games 491 recent30 423208 ballmean 218499 balllen 840 nudges/ball 64.62 tilts/ball 0.05 ent 0.532 rollout 2.8s elapsed 1562s frames/s 2935 restarts 0
it 493 steps 1009664 games 491 recent30 423208 ballmean 218498 balllen 841 nudges/ball 64.66 tilts/ball 0.05 ent 0.635 rollout 3.0s elapsed 1565s frames/s 2935 restarts 0
it 494 steps 1011712 games 491 recent30 423208 ballmean 218283 balllen 839 nudges/ball 64.53 tilts/ball 0.05 ent 0.599 rollout 3.2s elapsed 1569s frames/s 2935 restarts 0
it 495 steps 1013760 games 491 recent30 423208 ballmean 217798 balllen 837 nudges/ball 64.39 tilts/ball 0.05 ent 0.615 rollout 2.8s elapsed 1571s frames/s 2935 restarts 0
it 496 steps 1015808 games 495 recent30 398858 ballmean 218510 balllen 841 nudges/ball 64.72 tilts/ball 0.05 ent 0.594 rollout 3.0s elapsed 1575s frames/s 2936 restarts 0
it 497 steps 1017856 games 497 recent30 364083 ballmean 218420 balllen 840 nudges/ball 64.70 tilts/ball 0.05 ent 0.551 rollout 3.1s elapsed 1578s frames/s 2936 restarts 0
it 498 steps 1019904 games 499 recent30 364775 ballmean 219281 balllen 842 nudges/ball 64.78 tilts/ball 0.05 ent 0.524 rollout 2.9s elapsed 1581s frames/s 2937 restarts 0
it 499 steps 1021952 games 500 recent30 383175 ballmean 219308 balllen 841 nudges/ball 64.69 tilts/ball 0.05 ent 0.568 rollout 2.9s elapsed 1584s frames/s 2938 restarts 0
it 500 steps 1024000 games 501 recent30 375742 ballmean 218894 balllen 840 nudges/ball 64.53 tilts/ball 0.05 ent 0.554 rollout 2.7s elapsed 1587s frames/s 2938 restarts 0
it 501 steps 1026048 games 501 recent30 375742 ballmean 219634 balllen 841 nudges/ball 64.60 tilts/ball 0.05 ent 0.595 rollout 3.1s elapsed 1590s frames/s 2938 restarts 0
it 502 steps 1028096 games 503 recent30 448408 ballmean 219014 balllen 838 nudges/ball 64.33 tilts/ball 0.05 ent 0.610 rollout 3.4s elapsed 1593s frames/s 2938 restarts 0
it 503 steps 1030144 games 504 recent30 438733 ballmean 218949 balllen 836 nudges/ball 64.08 tilts/ball 0.05 ent 0.648 rollout 3.0s elapsed 1596s frames/s 2938 restarts 0
it 504 steps 1032192 games 504 recent30 438733 ballmean 218949 balllen 836 nudges/ball 64.08 tilts/ball 0.05 ent 0.617 rollout 2.9s elapsed 1599s frames/s 2938 restarts 0
it 505 steps 1034240 games 504 recent30 438733 ballmean 219097 balllen 837 nudges/ball 64.10 tilts/ball 0.05 ent 0.600 rollout 3.1s elapsed 1602s frames/s 2937 restarts 0
it 506 steps 1036288 games 507 recent30 460983 ballmean 220012 balllen 838 nudges/ball 64.22 tilts/ball 0.05 ent 0.629 rollout 3.0s elapsed 1605s frames/s 2938 restarts 0
it 507 steps 1038336 games 509 recent30 564750 ballmean 220541 balllen 840 nudges/ball 64.48 tilts/ball 0.05 ent 0.587 rollout 2.7s elapsed 1608s frames/s 2939 restarts 0
it 508 steps 1040384 games 509 recent30 564750 ballmean 220159 balllen 839 nudges/ball 64.30 tilts/ball 0.05 ent 0.568 rollout 2.7s elapsed 1611s frames/s 2939 restarts 0
it 509 steps 1042432 games 510 recent30 564458 ballmean 220598 balllen 841 nudges/ball 64.50 tilts/ball 0.05 ent 0.572 rollout 2.8s elapsed 1614s frames/s 2940 restarts 0
it 510 steps 1044480 games 510 recent30 564458 ballmean 220808 balllen 841 nudges/ball 64.50 tilts/ball 0.05 ent 0.567 rollout 2.8s elapsed 1617s frames/s 2940 restarts 0
it 511 steps 1046528 games 510 recent30 564458 ballmean 220808 balllen 841 nudges/ball 64.50 tilts/ball 0.05 ent 0.566 rollout 2.8s elapsed 1620s frames/s 2939 restarts 0
it 512 steps 1048576 games 511 recent30 566467 ballmean 220835 balllen 840 nudges/ball 64.42 tilts/ball 0.05 ent 0.555 rollout 3.1s elapsed 1623s frames/s 2940 restarts 0
it 513 steps 1050624 games 511 recent30 566467 ballmean 220143 balllen 836 nudges/ball 64.11 tilts/ball 0.05 ent 0.542 rollout 3.1s elapsed 1626s frames/s 2939 restarts 0
it 514 steps 1052672 games 511 recent30 566467 ballmean 220143 balllen 836 nudges/ball 64.11 tilts/ball 0.05 ent 0.633 rollout 2.6s elapsed 1629s frames/s 2939 restarts 0
it 515 steps 1054720 games 513 recent30 559183 ballmean 220255 balllen 837 nudges/ball 64.16 tilts/ball 0.05 ent 0.626 rollout 2.9s elapsed 1632s frames/s 2940 restarts 0
it 516 steps 1056768 games 514 recent30 562500 ballmean 221717 balllen 842 nudges/ball 64.58 tilts/ball 0.05 ent 0.578 rollout 2.7s elapsed 1635s frames/s 2940 restarts 0
it 517 steps 1058816 games 515 recent30 571333 ballmean 220997 balllen 844 nudges/ball 64.72 tilts/ball 0.05 ent 0.603 rollout 3.0s elapsed 1638s frames/s 2941 restarts 0
it 518 steps 1060864 games 516 recent30 576000 ballmean 222073 balllen 846 nudges/ball 64.88 tilts/ball 0.05 ent 0.546 rollout 2.9s elapsed 1641s frames/s 2941 restarts 0
it 519 steps 1062912 games 516 recent30 576000 ballmean 221952 balllen 847 nudges/ball 64.88 tilts/ball 0.05 ent 0.536 rollout 2.9s elapsed 1644s frames/s 2942 restarts 0
it 520 steps 1064960 games 516 recent30 576000 ballmean 222484 balllen 849 nudges/ball 65.07 tilts/ball 0.05 ent 0.550 rollout 2.8s elapsed 1647s frames/s 2942 restarts 0
it 521 steps 1067008 games 517 recent30 571658 ballmean 222008 balllen 847 nudges/ball 64.91 tilts/ball 0.05 ent 0.565 rollout 2.8s elapsed 1650s frames/s 2942 restarts 0
it 522 steps 1069056 games 517 recent30 571658 ballmean 223372 balllen 849 nudges/ball 65.03 tilts/ball 0.05 ent 0.542 rollout 2.9s elapsed 1652s frames/s 2942 restarts 0
it 523 steps 1071104 games 518 recent30 577358 ballmean 223618 balllen 849 nudges/ball 65.02 tilts/ball 0.05 ent 0.568 rollout 3.4s elapsed 1656s frames/s 2942 restarts 0
it 524 steps 1073152 games 519 recent30 583958 ballmean 223677 balllen 850 nudges/ball 65.05 tilts/ball 0.05 ent 0.543 rollout 2.9s elapsed 1659s frames/s 2942 restarts 0
it 525 steps 1075200 games 520 recent30 615408 ballmean 224168 balllen 850 nudges/ball 65.10 tilts/ball 0.05 ent 0.556 rollout 3.0s elapsed 1662s frames/s 2942 restarts 0
it 526 steps 1077248 games 520 recent30 615408 ballmean 226976 balllen 856 nudges/ball 65.48 tilts/ball 0.05 ent 0.502 rollout 2.9s elapsed 1665s frames/s 2942 restarts 0
it 527 steps 1079296 games 521 recent30 628933 ballmean 227833 balllen 857 nudges/ball 65.56 tilts/ball 0.05 ent 0.528 rollout 3.1s elapsed 1668s frames/s 2942 restarts 0
it 528 steps 1081344 games 523 recent30 644450 ballmean 227086 balllen 857 nudges/ball 65.44 tilts/ball 0.05 ent 0.557 rollout 2.9s elapsed 1671s frames/s 2943 restarts 0
it 529 steps 1083392 games 526 recent30 682558 ballmean 227249 balllen 857 nudges/ball 65.36 tilts/ball 0.05 ent 0.615 rollout 2.9s elapsed 1674s frames/s 2943 restarts 0
it 530 steps 1085440 games 528 recent30 734433 ballmean 226160 balllen 851 nudges/ball 64.80 tilts/ball 0.04 ent 0.632 rollout 3.0s elapsed 1677s frames/s 2944 restarts 0
it 531 steps 1087488 games 530 recent30 784075 ballmean 226869 balllen 852 nudges/ball 64.83 tilts/ball 0.04 ent 0.638 rollout 3.0s elapsed 1680s frames/s 2944 restarts 0
it 532 steps 1089536 games 531 recent30 803883 ballmean 226961 balllen 852 nudges/ball 64.85 tilts/ball 0.04 ent 0.632 rollout 2.7s elapsed 1683s frames/s 2945 restarts 0
it 533 steps 1091584 games 533 recent30 725025 ballmean 226786 balllen 851 nudges/ball 64.76 tilts/ball 0.04 ent 0.637 rollout 2.9s elapsed 1686s frames/s 2945 restarts 0
it 534 steps 1093632 games 533 recent30 725025 ballmean 226621 balllen 850 nudges/ball 64.65 tilts/ball 0.04 ent 0.600 rollout 2.8s elapsed 1689s frames/s 2946 restarts 0
it 535 steps 1095680 games 533 recent30 725025 ballmean 226621 balllen 850 nudges/ball 64.65 tilts/ball 0.04 ent 0.610 rollout 2.8s elapsed 1692s frames/s 2946 restarts 0
it 536 steps 1097728 games 537 recent30 674133 ballmean 226699 balllen 850 nudges/ball 64.68 tilts/ball 0.04 ent 0.594 rollout 2.9s elapsed 1695s frames/s 2947 restarts 0
it 537 steps 1099776 games 538 recent30 620367 ballmean 225020 balllen 847 nudges/ball 64.41 tilts/ball 0.04 ent 0.616 rollout 2.8s elapsed 1698s frames/s 2948 restarts 0
it 538 steps 1101824 games 538 recent30 620367 ballmean 225076 balllen 847 nudges/ball 64.50 tilts/ball 0.04 ent 0.556 rollout 2.8s elapsed 1701s frames/s 2948 restarts 0
it 539 steps 1103872 games 539 recent30 544775 ballmean 224910 balllen 846 nudges/ball 64.39 tilts/ball 0.04 ent 0.605 rollout 2.7s elapsed 1704s frames/s 2949 restarts 0
it 540 steps 1105920 games 539 recent30 544775 ballmean 224352 balllen 843 nudges/ball 64.11 tilts/ball 0.04 ent 0.595 rollout 2.6s elapsed 1706s frames/s 2949 restarts 0
it 541 steps 1107968 games 541 recent30 548617 ballmean 224381 balllen 841 nudges/ball 63.98 tilts/ball 0.04 ent 0.538 rollout 2.8s elapsed 1709s frames/s 2950 restarts 0
it 542 steps 1110016 games 543 recent30 556600 ballmean 223886 balllen 840 nudges/ball 63.91 tilts/ball 0.04 ent 0.504 rollout 2.8s elapsed 1712s frames/s 2950 restarts 0
it 543 steps 1112064 games 543 recent30 556600 ballmean 223907 balllen 840 nudges/ball 63.92 tilts/ball 0.04 ent 0.546 rollout 2.7s elapsed 1715s frames/s 2950 restarts 0
it 544 steps 1114112 games 545 recent30 547992 ballmean 224062 balllen 842 nudges/ball 64.02 tilts/ball 0.04 ent 0.535 rollout 2.9s elapsed 1718s frames/s 2951 restarts 0
it 545 steps 1116160 games 545 recent30 547992 ballmean 224280 balllen 842 nudges/ball 64.10 tilts/ball 0.04 ent 0.533 rollout 3.1s elapsed 1721s frames/s 2950 restarts 0
it 546 steps 1118208 games 546 recent30 521383 ballmean 224222 balllen 842 nudges/ball 64.07 tilts/ball 0.04 ent 0.545 rollout 2.7s elapsed 1724s frames/s 2951 restarts 0
it 547 steps 1120256 games 547 recent30 520000 ballmean 225091 balllen 844 nudges/ball 64.18 tilts/ball 0.04 ent 0.546 rollout 2.8s elapsed 1727s frames/s 2952 restarts 0
it 548 steps 1122304 games 548 recent30 521417 ballmean 225084 balllen 845 nudges/ball 64.20 tilts/ball 0.04 ent 0.580 rollout 2.9s elapsed 1730s frames/s 2952 restarts 0
it 549 steps 1124352 games 548 recent30 521417 ballmean 226100 balllen 846 nudges/ball 64.19 tilts/ball 0.04 ent 0.589 rollout 2.8s elapsed 1733s frames/s 2953 restarts 0
it 550 steps 1126400 games 548 recent30 521417 ballmean 226126 balllen 847 nudges/ball 64.26 tilts/ball 0.04 ent 0.543 rollout 2.8s elapsed 1735s frames/s 2953 restarts 0
it 551 steps 1128448 games 548 recent30 521417 ballmean 226126 balllen 847 nudges/ball 64.26 tilts/ball 0.04 ent 0.551 rollout 2.5s elapsed 1738s frames/s 2953 restarts 0
it 552 steps 1130496 games 550 recent30 532000 ballmean 226124 balllen 846 nudges/ball 64.21 tilts/ball 0.04 ent 0.543 rollout 2.9s elapsed 1741s frames/s 2954 restarts 0
it 553 steps 1132544 games 552 recent30 527700 ballmean 226156 balllen 846 nudges/ball 64.06 tilts/ball 0.04 ent 0.541 rollout 3.1s elapsed 1744s frames/s 2954 restarts 0
it 554 steps 1134592 games 553 recent30 488308 ballmean 226093 balllen 846 nudges/ball 64.02 tilts/ball 0.04 ent 0.557 rollout 2.7s elapsed 1747s frames/s 2955 restarts 0
it 555 steps 1136640 games 554 recent30 485050 ballmean 226974 balllen 847 nudges/ball 63.97 tilts/ball 0.04 ent 0.511 rollout 2.8s elapsed 1750s frames/s 2955 restarts 0
it 556 steps 1138688 games 555 recent30 478000 ballmean 226788 balllen 846 nudges/ball 63.91 tilts/ball 0.04 ent 0.559 rollout 2.8s elapsed 1753s frames/s 2956 restarts 0
it 557 steps 1140736 games 555 recent30 478000 ballmean 226788 balllen 846 nudges/ball 63.91 tilts/ball 0.04 ent 0.534 rollout 2.8s elapsed 1756s frames/s 2956 restarts 0
it 558 steps 1142784 games 560 recent30 391233 ballmean 233036 balllen 853 nudges/ball 64.23 tilts/ball 0.04 ent 0.497 rollout 3.1s elapsed 1759s frames/s 2957 restarts 0
it 559 steps 1144832 games 560 recent30 391233 ballmean 233388 balllen 855 nudges/ball 64.30 tilts/ball 0.04 ent 0.481 rollout 2.9s elapsed 1762s frames/s 2957 restarts 0
it 560 steps 1146880 games 560 recent30 391233 ballmean 233313 balllen 854 nudges/ball 64.27 tilts/ball 0.04 ent 0.537 rollout 2.7s elapsed 1765s frames/s 2958 restarts 0
it 561 steps 1148928 games 562 recent30 398467 ballmean 233145 balllen 854 nudges/ball 64.15 tilts/ball 0.04 ent 0.495 rollout 2.9s elapsed 1768s frames/s 2958 restarts 0
it 562 steps 1150976 games 563 recent30 404342 ballmean 231898 balllen 850 nudges/ball 63.88 tilts/ball 0.04 ent 0.504 rollout 3.0s elapsed 1771s frames/s 2959 restarts 0
it 563 steps 1153024 games 564 recent30 398067 ballmean 231872 balllen 851 nudges/ball 63.90 tilts/ball 0.04 ent 0.531 rollout 2.8s elapsed 1774s frames/s 2959 restarts 0
it 564 steps 1155072 games 566 recent30 414075 ballmean 232391 balllen 853 nudges/ball 63.94 tilts/ball 0.04 ent 0.452 rollout 3.1s elapsed 1777s frames/s 2959 restarts 0
it 565 steps 1157120 games 566 recent30 414075 ballmean 231830 balllen 851 nudges/ball 63.78 tilts/ball 0.04 ent 0.527 rollout 3.0s elapsed 1780s frames/s 2959 restarts 0
it 566 steps 1159168 games 567 recent30 421450 ballmean 229777 balllen 846 nudges/ball 63.38 tilts/ball 0.04 ent 0.527 rollout 3.1s elapsed 1783s frames/s 2959 restarts 0
it 567 steps 1161216 games 568 recent30 421767 ballmean 228493 balllen 843 nudges/ball 63.16 tilts/ball 0.04 ent 0.540 rollout 2.8s elapsed 1786s frames/s 2959 restarts 0
it 568 steps 1163264 games 568 recent30 421767 ballmean 228444 balllen 843 nudges/ball 63.16 tilts/ball 0.04 ent 0.519 rollout 2.7s elapsed 1789s frames/s 2959 restarts 0
it 569 steps 1165312 games 570 recent30 426333 ballmean 229837 balllen 842 nudges/ball 63.02 tilts/ball 0.04 ent 0.526 rollout 2.7s elapsed 1792s frames/s 2960 restarts 0
it 570 steps 1167360 games 573 recent30 424292 ballmean 228994 balllen 838 nudges/ball 62.71 tilts/ball 0.04 ent 0.567 rollout 2.9s elapsed 1795s frames/s 2961 restarts 0
it 571 steps 1169408 games 576 recent30 441508 ballmean 229802 balllen 841 nudges/ball 62.84 tilts/ball 0.04 ent 0.586 rollout 2.8s elapsed 1798s frames/s 2961 restarts 0
it 572 steps 1171456 games 576 recent30 441508 ballmean 230009 balllen 840 nudges/ball 62.70 tilts/ball 0.04 ent 0.615 rollout 2.7s elapsed 1801s frames/s 2961 restarts 0
it 573 steps 1173504 games 578 recent30 478467 ballmean 230829 balllen 841 nudges/ball 62.66 tilts/ball 0.04 ent 0.587 rollout 3.0s elapsed 1804s frames/s 2962 restarts 0
it 574 steps 1175552 games 579 recent30 691942 ballmean 231139 balllen 841 nudges/ball 62.72 tilts/ball 0.04 ent 0.521 rollout 2.9s elapsed 1807s frames/s 2962 restarts 0
it 575 steps 1177600 games 579 recent30 691942 ballmean 231111 balllen 841 nudges/ball 62.70 tilts/ball 0.04 ent 0.612 rollout 2.9s elapsed 1810s frames/s 2962 restarts 0
it 576 steps 1179648 games 581 recent30 626558 ballmean 231040 balllen 841 nudges/ball 62.60 tilts/ball 0.04 ent 0.584 rollout 2.9s elapsed 1813s frames/s 2962 restarts 0
it 577 steps 1181696 games 581 recent30 626558 ballmean 231116 balllen 841 nudges/ball 62.60 tilts/ball 0.04 ent 0.523 rollout 2.8s elapsed 1816s frames/s 2962 restarts 0
it 578 steps 1183744 games 584 recent30 633058 ballmean 232291 balllen 843 nudges/ball 62.79 tilts/ball 0.04 ent 0.553 rollout 3.1s elapsed 1819s frames/s 2963 restarts 0
it 579 steps 1185792 games 584 recent30 633058 ballmean 232193 balllen 843 nudges/ball 62.76 tilts/ball 0.04 ent 0.519 rollout 2.6s elapsed 1822s frames/s 2963 restarts 0
it 580 steps 1187840 games 584 recent30 633058 ballmean 232193 balllen 843 nudges/ball 62.76 tilts/ball 0.04 ent 0.549 rollout 2.7s elapsed 1825s frames/s 2963 restarts 0
it 581 steps 1189888 games 584 recent30 633058 ballmean 232758 balllen 846 nudges/ball 62.91 tilts/ball 0.04 ent 0.508 rollout 2.8s elapsed 1828s frames/s 2963 restarts 0
it 582 steps 1191936 games 586 recent30 609258 ballmean 233060 balllen 846 nudges/ball 62.83 tilts/ball 0.04 ent 0.537 rollout 2.8s elapsed 1831s frames/s 2964 restarts 0
it 583 steps 1193984 games 586 recent30 609258 ballmean 233060 balllen 846 nudges/ball 62.83 tilts/ball 0.04 ent 0.571 rollout 2.7s elapsed 1833s frames/s 2964 restarts 0
it 584 steps 1196032 games 587 recent30 609742 ballmean 232690 balllen 844 nudges/ball 62.71 tilts/ball 0.04 ent 0.517 rollout 2.9s elapsed 1837s frames/s 2964 restarts 0
it 585 steps 1198080 games 589 recent30 605367 ballmean 232463 balllen 844 nudges/ball 62.67 tilts/ball 0.04 ent 0.605 rollout 3.0s elapsed 1840s frames/s 2964 restarts 0
it 586 steps 1200128 games 591 recent30 568975 ballmean 231692 balllen 842 nudges/ball 62.45 tilts/ball 0.04 ent 0.592 rollout 2.7s elapsed 1843s frames/s 2965 restarts 0
it 587 steps 1202176 games 592 recent30 575042 ballmean 231432 balllen 843 nudges/ball 62.43 tilts/ball 0.04 ent 0.563 rollout 2.8s elapsed 1845s frames/s 2965 restarts 0
it 588 steps 1204224 games 592 recent30 575042 ballmean 231384 balllen 843 nudges/ball 62.46 tilts/ball 0.04 ent 0.633 rollout 2.8s elapsed 1848s frames/s 2965 restarts 0
it 589 steps 1206272 games 592 recent30 575042 ballmean 232466 balllen 844 nudges/ball 62.55 tilts/ball 0.04 ent 0.612 rollout 3.0s elapsed 1852s frames/s 2965 restarts 0
it 590 steps 1208320 games 593 recent30 578717 ballmean 231928 balllen 845 nudges/ball 62.61 tilts/ball 0.04 ent 0.639 rollout 2.7s elapsed 1854s frames/s 2965 restarts 0
it 591 steps 1210368 games 594 recent30 586475 ballmean 232022 balllen 846 nudges/ball 62.70 tilts/ball 0.04 ent 0.651 rollout 2.9s elapsed 1858s frames/s 2965 restarts 0
it 592 steps 1212416 games 594 recent30 586475 ballmean 232022 balllen 846 nudges/ball 62.70 tilts/ball 0.04 ent 0.678 rollout 2.7s elapsed 1860s frames/s 2965 restarts 0
it 593 steps 1214464 games 594 recent30 586475 ballmean 232750 balllen 849 nudges/ball 62.88 tilts/ball 0.04 ent 0.678 rollout 2.7s elapsed 1863s frames/s 2965 restarts 0
it 594 steps 1216512 games 594 recent30 586475 ballmean 234080 balllen 851 nudges/ball 63.10 tilts/ball 0.04 ent 0.737 rollout 2.7s elapsed 1866s frames/s 2965 restarts 0
it 595 steps 1218560 games 596 recent30 604275 ballmean 234309 balllen 854 nudges/ball 63.44 tilts/ball 0.04 ent 0.648 rollout 2.8s elapsed 1869s frames/s 2966 restarts 0
it 596 steps 1220608 games 598 recent30 609967 ballmean 233780 balllen 854 nudges/ball 63.53 tilts/ball 0.04 ent 0.662 rollout 2.7s elapsed 1872s frames/s 2967 restarts 0
it 597 steps 1222656 games 598 recent30 609967 ballmean 233842 balllen 853 nudges/ball 63.55 tilts/ball 0.04 ent 0.653 rollout 2.9s elapsed 1875s frames/s 2967 restarts 0
it 598 steps 1224704 games 598 recent30 609967 ballmean 234212 balllen 855 nudges/ball 63.78 tilts/ball 0.04 ent 0.679 rollout 2.9s elapsed 1878s frames/s 2966 restarts 0
it 599 steps 1226752 games 598 recent30 609967 ballmean 234212 balllen 855 nudges/ball 63.78 tilts/ball 0.04 ent 0.737 rollout 2.9s elapsed 1881s frames/s 2966 restarts 0
it 600 steps 1228800 games 599 recent30 625792 ballmean 232785 balllen 852 nudges/ball 63.65 tilts/ball 0.04 ent 0.718 rollout 2.9s elapsed 1884s frames/s 2966 restarts 0
it 601 steps 1230848 games 599 recent30 625792 ballmean 232647 balllen 852 nudges/ball 63.62 tilts/ball 0.04 ent 0.716 rollout 2.6s elapsed 1887s frames/s 2967 restarts 0
it 602 steps 1232896 games 601 recent30 627950 ballmean 232548 balllen 852 nudges/ball 63.69 tilts/ball 0.04 ent 0.712 rollout 2.9s elapsed 1890s frames/s 2967 restarts 0
it 603 steps 1234944 games 601 recent30 627950 ballmean 232128 balllen 851 nudges/ball 63.73 tilts/ball 0.04 ent 0.734 rollout 2.8s elapsed 1893s frames/s 2967 restarts 0
it 604 steps 1236992 games 602 recent30 634783 ballmean 231889 balllen 850 nudges/ball 63.72 tilts/ball 0.04 ent 0.739 rollout 2.9s elapsed 1896s frames/s 2967 restarts 0
it 605 steps 1239040 games 602 recent30 634783 ballmean 232022 balllen 851 nudges/ball 63.81 tilts/ball 0.04 ent 0.716 rollout 2.8s elapsed 1899s frames/s 2967 restarts 0
it 606 steps 1241088 games 603 recent30 647542 ballmean 232090 balllen 852 nudges/ball 64.03 tilts/ball 0.04 ent 0.639 rollout 2.9s elapsed 1902s frames/s 2967 restarts 0
it 607 steps 1243136 games 603 recent30 647542 ballmean 232244 balllen 853 nudges/ball 64.21 tilts/ball 0.04 ent 0.634 rollout 2.8s elapsed 1905s frames/s 2967 restarts 0
it 608 steps 1245184 games 605 recent30 677783 ballmean 233055 balllen 855 nudges/ball 64.74 tilts/ball 0.04 ent 0.607 rollout 3.2s elapsed 1908s frames/s 2967 restarts 0
it 609 steps 1247232 games 606 recent30 691483 ballmean 233137 balllen 855 nudges/ball 64.78 tilts/ball 0.04 ent 0.614 rollout 2.8s elapsed 1911s frames/s 2967 restarts 0
it 610 steps 1249280 games 608 recent30 669683 ballmean 232627 balllen 853 nudges/ball 64.68 tilts/ball 0.04 ent 0.618 rollout 2.9s elapsed 1914s frames/s 2967 restarts 0
it 611 steps 1251328 games 609 recent30 525217 ballmean 234931 balllen 856 nudges/ball 65.05 tilts/ball 0.04 ent 0.645 rollout 2.6s elapsed 1917s frames/s 2968 restarts 0
it 612 steps 1253376 games 611 recent30 569517 ballmean 234633 balllen 856 nudges/ball 65.00 tilts/ball 0.04 ent 0.644 rollout 2.8s elapsed 1920s frames/s 2968 restarts 0
it 613 steps 1255424 games 612 recent30 544317 ballmean 234726 balllen 856 nudges/ball 65.07 tilts/ball 0.04 ent 0.626 rollout 2.7s elapsed 1923s frames/s 2968 restarts 0
it 614 steps 1257472 games 612 recent30 544317 ballmean 234948 balllen 857 nudges/ball 65.15 tilts/ball 0.04 ent 0.644 rollout 2.8s elapsed 1926s frames/s 2968 restarts 0
it 615 steps 1259520 games 612 recent30 544317 ballmean 234210 balllen 857 nudges/ball 65.22 tilts/ball 0.04 ent 0.648 rollout 3.2s elapsed 1929s frames/s 2968 restarts 0
it 616 steps 1261568 games 613 recent30 579325 ballmean 235434 balllen 859 nudges/ball 65.45 tilts/ball 0.04 ent 0.726 rollout 2.9s elapsed 1932s frames/s 2968 restarts 0
it 617 steps 1263616 games 614 recent30 577650 ballmean 235352 balllen 860 nudges/ball 65.49 tilts/ball 0.04 ent 0.633 rollout 2.9s elapsed 1935s frames/s 2968 restarts 0
it 618 steps 1265664 games 615 recent30 593267 ballmean 235766 balllen 859 nudges/ball 65.51 tilts/ball 0.04 ent 0.657 rollout 2.8s elapsed 1938s frames/s 2969 restarts 0
it 619 steps 1267712 games 616 recent30 615942 ballmean 235793 balllen 859 nudges/ball 65.55 tilts/ball 0.04 ent 0.678 rollout 2.9s elapsed 1941s frames/s 2969 restarts 0
it 620 steps 1269760 games 618 recent30 622983 ballmean 235659 balllen 858 nudges/ball 65.58 tilts/ball 0.04 ent 0.650 rollout 3.1s elapsed 1944s frames/s 2969 restarts 0
it 621 steps 1271808 games 619 recent30 618017 ballmean 235172 balllen 858 nudges/ball 65.55 tilts/ball 0.04 ent 0.644 rollout 3.0s elapsed 1947s frames/s 2969 restarts 0
it 622 steps 1273856 games 619 recent30 618017 ballmean 236062 balllen 859 nudges/ball 65.70 tilts/ball 0.04 ent 0.646 rollout 2.7s elapsed 1950s frames/s 2969 restarts 0
it 623 steps 1275904 games 621 recent30 628483 ballmean 236205 balllen 860 nudges/ball 65.83 tilts/ball 0.04 ent 0.648 rollout 2.9s elapsed 1953s frames/s 2969 restarts 0
it 624 steps 1277952 games 621 recent30 628483 ballmean 236205 balllen 860 nudges/ball 65.83 tilts/ball 0.04 ent 0.645 rollout 2.7s elapsed 1956s frames/s 2969 restarts 0
it 625 steps 1280000 games 622 recent30 632058 ballmean 236542 balllen 862 nudges/ball 66.07 tilts/ball 0.04 ent 0.663 rollout 3.1s elapsed 1959s frames/s 2969 restarts 0
it 626 steps 1282048 games 623 recent30 622258 ballmean 236429 balllen 861 nudges/ball 66.09 tilts/ball 0.04 ent 0.628 rollout 2.6s elapsed 1962s frames/s 2970 restarts 0
it 627 steps 1284096 games 623 recent30 622258 ballmean 236209 balllen 862 nudges/ball 66.15 tilts/ball 0.04 ent 0.659 rollout 2.7s elapsed 1965s frames/s 2970 restarts 0
it 628 steps 1286144 games 623 recent30 622258 ballmean 237559 balllen 865 nudges/ball 66.50 tilts/ball 0.04 ent 0.633 rollout 2.8s elapsed 1967s frames/s 2970 restarts 0
it 629 steps 1288192 games 624 recent30 616358 ballmean 237540 balllen 865 nudges/ball 66.48 tilts/ball 0.04 ent 0.645 rollout 3.0s elapsed 1970s frames/s 2970 restarts 0
it 630 steps 1290240 games 627 recent30 613708 ballmean 233063 balllen 862 nudges/ball 66.21 tilts/ball 0.04 ent 0.656 rollout 2.9s elapsed 1973s frames/s 2971 restarts 0
it 631 steps 1292288 games 627 recent30 613708 ballmean 233615 balllen 864 nudges/ball 66.48 tilts/ball 0.04 ent 0.653 rollout 2.8s elapsed 1976s frames/s 2971 restarts 0
it 632 steps 1294336 games 629 recent30 588025 ballmean 230201 balllen 861 nudges/ball 66.30 tilts/ball 0.04 ent 0.653 rollout 3.0s elapsed 1979s frames/s 2971 restarts 0
it 633 steps 1296384 games 629 recent30 588025 ballmean 229963 balllen 860 nudges/ball 66.25 tilts/ball 0.04 ent 0.682 rollout 2.6s elapsed 1982s frames/s 2972 restarts 0
it 634 steps 1298432 games 629 recent30 588025 ballmean 229913 balllen 858 nudges/ball 66.16 tilts/ball 0.04 ent 0.642 rollout 2.9s elapsed 1985s frames/s 2972 restarts 0
it 635 steps 1300480 games 629 recent30 588025 ballmean 230062 balllen 859 nudges/ball 66.30 tilts/ball 0.04 ent 0.623 rollout 2.7s elapsed 1988s frames/s 2972 restarts 0
it 636 steps 1302528 games 632 recent30 590467 ballmean 226317 balllen 854 nudges/ball 65.98 tilts/ball 0.04 ent 0.686 rollout 3.0s elapsed 1991s frames/s 2973 restarts 0
it 637 steps 1304576 games 633 recent30 568267 ballmean 226450 balllen 855 nudges/ball 66.07 tilts/ball 0.04 ent 0.641 rollout 2.9s elapsed 1994s frames/s 2973 restarts 0
it 638 steps 1306624 games 634 recent30 583842 ballmean 226523 balllen 855 nudges/ball 66.03 tilts/ball 0.04 ent 0.621 rollout 2.6s elapsed 1997s frames/s 2974 restarts 0
it 639 steps 1308672 games 637 recent30 587183 ballmean 227579 balllen 860 nudges/ball 66.57 tilts/ball 0.04 ent 0.581 rollout 2.8s elapsed 1999s frames/s 2975 restarts 0
it 640 steps 1310720 games 637 recent30 587183 ballmean 227579 balllen 860 nudges/ball 66.57 tilts/ball 0.04 ent 0.606 rollout 2.6s elapsed 2002s frames/s 2975 restarts 0
it 641 steps 1312768 games 641 recent30 475750 ballmean 225362 balllen 855 nudges/ball 66.16 tilts/ball 0.04 ent 0.583 rollout 2.8s elapsed 2005s frames/s 2976 restarts 0
it 642 steps 1314816 games 641 recent30 475750 ballmean 225579 balllen 857 nudges/ball 66.31 tilts/ball 0.04 ent 0.508 rollout 2.6s elapsed 2008s frames/s 2976 restarts 0
it 643 steps 1316864 games 642 recent30 479333 ballmean 226056 balllen 858 nudges/ball 66.42 tilts/ball 0.04 ent 0.537 rollout 2.7s elapsed 2011s frames/s 2976 restarts 0
it 644 steps 1318912 games 642 recent30 479333 ballmean 226087 balllen 858 nudges/ball 66.41 tilts/ball 0.04 ent 0.551 rollout 2.8s elapsed 2014s frames/s 2977 restarts 0
it 645 steps 1320960 games 642 recent30 479333 ballmean 227345 balllen 861 nudges/ball 66.61 tilts/ball 0.04 ent 0.558 rollout 2.7s elapsed 2016s frames/s 2977 restarts 0
it 646 steps 1323008 games 643 recent30 446825 ballmean 227280 balllen 860 nudges/ball 66.62 tilts/ball 0.04 ent 0.566 rollout 2.9s elapsed 2019s frames/s 2977 restarts 0
it 647 steps 1325056 games 644 recent30 448892 ballmean 227528 balllen 861 nudges/ball 66.64 tilts/ball 0.04 ent 0.609 rollout 2.8s elapsed 2022s frames/s 2978 restarts 0
it 648 steps 1327104 games 644 recent30 448892 ballmean 227416 balllen 861 nudges/ball 66.63 tilts/ball 0.04 ent 0.613 rollout 2.8s elapsed 2025s frames/s 2978 restarts 0
it 649 steps 1329152 games 645 recent30 423717 ballmean 226448 balllen 858 nudges/ball 66.28 tilts/ball 0.04 ent 0.618 rollout 2.9s elapsed 2028s frames/s 2978 restarts 0
it 650 steps 1331200 games 646 recent30 409025 ballmean 227056 balllen 860 nudges/ball 66.47 tilts/ball 0.04 ent 0.631 rollout 2.6s elapsed 2031s frames/s 2979 restarts 0
it 651 steps 1333248 games 649 recent30 400250 ballmean 227270 balllen 861 nudges/ball 66.62 tilts/ball 0.04 ent 0.570 rollout 2.8s elapsed 2034s frames/s 2980 restarts 0
it 652 steps 1335296 games 649 recent30 400250 ballmean 227251 balllen 862 nudges/ball 66.63 tilts/ball 0.04 ent 0.587 rollout 2.8s elapsed 2037s frames/s 2980 restarts 0
it 653 steps 1337344 games 649 recent30 400250 ballmean 227081 balllen 861 nudges/ball 66.63 tilts/ball 0.04 ent 0.604 rollout 2.8s elapsed 2039s frames/s 2980 restarts 0
it 654 steps 1339392 games 651 recent30 406800 ballmean 227877 balllen 865 nudges/ball 66.97 tilts/ball 0.04 ent 0.609 rollout 3.0s elapsed 2043s frames/s 2980 restarts 0
it 655 steps 1341440 games 651 recent30 406800 ballmean 227877 balllen 865 nudges/ball 66.97 tilts/ball 0.04 ent 0.637 rollout 2.9s elapsed 2045s frames/s 2980 restarts 0
it 656 steps 1343488 games 651 recent30 406800 ballmean 228035 balllen 865 nudges/ball 66.96 tilts/ball 0.04 ent 0.680 rollout 2.9s elapsed 2048s frames/s 2980 restarts 0
it 657 steps 1345536 games 652 recent30 397800 ballmean 228736 balllen 867 nudges/ball 67.10 tilts/ball 0.04 ent 0.687 rollout 2.8s elapsed 2051s frames/s 2980 restarts 0
it 658 steps 1347584 games 652 recent30 397800 ballmean 228736 balllen 867 nudges/ball 67.10 tilts/ball 0.04 ent 0.708 rollout 2.7s elapsed 2054s frames/s 2980 restarts 0
it 659 steps 1349632 games 654 recent30 441308 ballmean 228946 balllen 866 nudges/ball 67.08 tilts/ball 0.03 ent 0.682 rollout 2.8s elapsed 2057s frames/s 2981 restarts 0
it 660 steps 1351680 games 655 recent30 543800 ballmean 229625 balllen 868 nudges/ball 67.42 tilts/ball 0.03 ent 0.764 rollout 2.8s elapsed 2060s frames/s 2981 restarts 0
it 661 steps 1353728 games 656 recent30 543925 ballmean 230472 balllen 869 nudges/ball 67.59 tilts/ball 0.04 ent 0.816 rollout 2.7s elapsed 2063s frames/s 2982 restarts 0
it 662 steps 1355776 games 659 recent30 586583 ballmean 228265 balllen 867 nudges/ball 67.78 tilts/ball 0.04 ent 0.752 rollout 3.1s elapsed 2066s frames/s 2982 restarts 0
it 663 steps 1357824 games 661 recent30 624300 ballmean 230607 balllen 869 nudges/ball 68.11 tilts/ball 0.04 ent 0.757 rollout 2.9s elapsed 2069s frames/s 2983 restarts 0
it 664 steps 1359872 games 662 recent30 612875 ballmean 230886 balllen 870 nudges/ball 68.24 tilts/ball 0.04 ent 0.739 rollout 2.7s elapsed 2072s frames/s 2983 restarts 0
it 665 steps 1361920 games 665 recent30 608675 ballmean 231228 balllen 872 nudges/ball 68.70 tilts/ball 0.04 ent 0.725 rollout 2.8s elapsed 2074s frames/s 2984 restarts 0
it 666 steps 1363968 games 665 recent30 608675 ballmean 231182 balllen 872 nudges/ball 68.72 tilts/ball 0.04 ent 0.647 rollout 3.0s elapsed 2078s frames/s 2983 restarts 0
it 667 steps 1366016 games 667 recent30 575250 ballmean 231448 balllen 872 nudges/ball 68.97 tilts/ball 0.04 ent 0.628 rollout 2.8s elapsed 2080s frames/s 2984 restarts 0
it 668 steps 1368064 games 668 recent30 595692 ballmean 229197 balllen 869 nudges/ball 68.85 tilts/ball 0.04 ent 0.664 rollout 2.9s elapsed 2083s frames/s 2984 restarts 0
it 669 steps 1370112 games 669 recent30 587958 ballmean 227644 balllen 867 nudges/ball 68.88 tilts/ball 0.04 ent 0.637 rollout 3.0s elapsed 2086s frames/s 2985 restarts 0
it 670 steps 1372160 games 669 recent30 587958 ballmean 227244 balllen 865 nudges/ball 68.73 tilts/ball 0.04 ent 0.639 rollout 2.9s elapsed 2089s frames/s 2985 restarts 0
it 671 steps 1374208 games 672 recent30 561900 ballmean 226654 balllen 861 nudges/ball 68.59 tilts/ball 0.04 ent 0.604 rollout 3.0s elapsed 2092s frames/s 2986 restarts 0
it 672 steps 1376256 games 674 recent30 552000 ballmean 226488 balllen 861 nudges/ball 68.79 tilts/ball 0.04 ent 0.669 rollout 3.1s elapsed 2096s frames/s 2986 restarts 0
it 673 steps 1378304 games 677 recent30 549033 ballmean 225933 balllen 859 nudges/ball 68.62 tilts/ball 0.04 ent 0.618 rollout 3.2s elapsed 2099s frames/s 2986 restarts 0
it 674 steps 1380352 games 679 recent30 545583 ballmean 225832 balllen 858 nudges/ball 68.52 tilts/ball 0.04 ent 0.613 rollout 2.9s elapsed 2102s frames/s 2986 restarts 0
it 675 steps 1382400 games 679 recent30 545583 ballmean 225832 balllen 858 nudges/ball 68.52 tilts/ball 0.04 ent 0.681 rollout 2.7s elapsed 2105s frames/s 2986 restarts 0
it 676 steps 1384448 games 679 recent30 545583 ballmean 225762 balllen 858 nudges/ball 68.50 tilts/ball 0.04 ent 0.677 rollout 2.8s elapsed 2108s frames/s 2986 restarts 0
it 677 steps 1386496 games 680 recent30 541725 ballmean 226152 balllen 861 nudges/ball 69.00 tilts/ball 0.04 ent 0.658 rollout 3.0s elapsed 2111s frames/s 2987 restarts 0
it 678 steps 1388544 games 680 recent30 541725 ballmean 226462 balllen 863 nudges/ball 69.29 tilts/ball 0.04 ent 0.651 rollout 2.9s elapsed 2114s frames/s 2987 restarts 0
it 679 steps 1390592 games 682 recent30 542050 ballmean 226115 balllen 862 nudges/ball 69.42 tilts/ball 0.04 ent 0.686 rollout 3.1s elapsed 2117s frames/s 2987 restarts 0
it 680 steps 1392640 games 683 recent30 545200 ballmean 227205 balllen 865 nudges/ball 69.92 tilts/ball 0.04 ent 0.690 rollout 2.9s elapsed 2120s frames/s 2988 restarts 0
it 681 steps 1394688 games 684 recent30 493283 ballmean 227462 balllen 867 nudges/ball 70.07 tilts/ball 0.04 ent 0.659 rollout 3.0s elapsed 2123s frames/s 2988 restarts 0
it 682 steps 1396736 games 686 recent30 378167 ballmean 227639 balllen 866 nudges/ball 70.15 tilts/ball 0.04 ent 0.647 rollout 2.9s elapsed 2126s frames/s 2988 restarts 0
it 683 steps 1398784 games 688 recent30 347992 ballmean 227714 balllen 867 nudges/ball 70.28 tilts/ball 0.04 ent 0.697 rollout 3.0s elapsed 2129s frames/s 2988 restarts 0
it 684 steps 1400832 games 688 recent30 347992 ballmean 227714 balllen 867 nudges/ball 70.28 tilts/ball 0.04 ent 0.722 rollout 2.6s elapsed 2131s frames/s 2988 restarts 0
it 685 steps 1402880 games 689 recent30 333808 ballmean 228325 balllen 867 nudges/ball 70.46 tilts/ball 0.04 ent 0.673 rollout 2.6s elapsed 2134s frames/s 2989 restarts 0
it 686 steps 1404928 games 691 recent30 293575 ballmean 227343 balllen 866 nudges/ball 70.41 tilts/ball 0.04 ent 0.638 rollout 2.7s elapsed 2137s frames/s 2989 restarts 0
it 687 steps 1406976 games 691 recent30 293575 ballmean 227343 balllen 866 nudges/ball 70.41 tilts/ball 0.04 ent 0.647 rollout 2.9s elapsed 2140s frames/s 2989 restarts 0
it 688 steps 1409024 games 691 recent30 293575 ballmean 227343 balllen 866 nudges/ball 70.41 tilts/ball 0.04 ent 0.676 rollout 2.6s elapsed 2143s frames/s 2989 restarts 0
it 689 steps 1411072 games 691 recent30 293575 ballmean 227351 balllen 866 nudges/ball 70.44 tilts/ball 0.04 ent 0.673 rollout 2.8s elapsed 2145s frames/s 2990 restarts 0
it 690 steps 1413120 games 691 recent30 293575 ballmean 227272 balllen 866 nudges/ball 70.44 tilts/ball 0.04 ent 0.621 rollout 2.9s elapsed 2148s frames/s 2990 restarts 0
it 691 steps 1415168 games 691 recent30 293575 ballmean 228864 balllen 867 nudges/ball 70.72 tilts/ball 0.04 ent 0.677 rollout 2.9s elapsed 2151s frames/s 2990 restarts 0
it 692 steps 1417216 games 694 recent30 281150 ballmean 228954 balllen 867 nudges/ball 70.81 tilts/ball 0.04 ent 0.649 rollout 2.8s elapsed 2154s frames/s 2990 restarts 0
it 693 steps 1419264 games 694 recent30 281150 ballmean 229168 balllen 869 nudges/ball 71.02 tilts/ball 0.04 ent 0.656 rollout 2.7s elapsed 2157s frames/s 2991 restarts 0
it 694 steps 1421312 games 695 recent30 265167 ballmean 229542 balllen 871 nudges/ball 71.20 tilts/ball 0.04 ent 0.600 rollout 2.8s elapsed 2160s frames/s 2991 restarts 0
it 695 steps 1423360 games 696 recent30 274875 ballmean 230154 balllen 872 nudges/ball 71.40 tilts/ball 0.04 ent 0.605 rollout 3.0s elapsed 2163s frames/s 2992 restarts 0
it 696 steps 1425408 games 698 recent30 340317 ballmean 229695 balllen 870 nudges/ball 71.35 tilts/ball 0.04 ent 0.548 rollout 2.8s elapsed 2166s frames/s 2992 restarts 0
it 697 steps 1427456 games 700 recent30 337475 ballmean 227995 balllen 864 nudges/ball 70.92 tilts/ball 0.04 ent 0.650 rollout 2.9s elapsed 2169s frames/s 2993 restarts 0
it 698 steps 1429504 games 701 recent30 342208 ballmean 229280 balllen 865 nudges/ball 71.03 tilts/ball 0.04 ent 0.629 rollout 2.7s elapsed 2172s frames/s 2993 restarts 0
it 699 steps 1431552 games 702 recent30 366067 ballmean 229210 balllen 864 nudges/ball 70.91 tilts/ball 0.04 ent 0.618 rollout 2.7s elapsed 2175s frames/s 2993 restarts 0
it 700 steps 1433600 games 704 recent30 390217 ballmean 226524 balllen 859 nudges/ball 70.64 tilts/ball 0.04 ent 0.616 rollout 3.0s elapsed 2178s frames/s 2994 restarts 0
it 701 steps 1435648 games 705 recent30 390500 ballmean 225950 balllen 859 nudges/ball 70.65 tilts/ball 0.04 ent 0.656 rollout 3.0s elapsed 2181s frames/s 2994 restarts 0
it 702 steps 1437696 games 706 recent30 382892 ballmean 225014 balllen 856 nudges/ball 70.37 tilts/ball 0.04 ent 0.678 rollout 2.9s elapsed 2184s frames/s 2995 restarts 0
it 703 steps 1439744 games 708 recent30 430308 ballmean 225369 balllen 854 nudges/ball 70.28 tilts/ball 0.04 ent 0.693 rollout 2.9s elapsed 2187s frames/s 2995 restarts 0
it 704 steps 1441792 games 708 recent30 430308 ballmean 225482 balllen 855 nudges/ball 70.30 tilts/ball 0.04 ent 0.691 rollout 2.8s elapsed 2190s frames/s 2995 restarts 0
it 705 steps 1443840 games 709 recent30 438783 ballmean 225607 balllen 856 nudges/ball 70.50 tilts/ball 0.04 ent 0.742 rollout 2.6s elapsed 2192s frames/s 2995 restarts 0
it 706 steps 1445888 games 711 recent30 435133 ballmean 225897 balllen 858 nudges/ball 70.61 tilts/ball 0.04 ent 0.705 rollout 2.9s elapsed 2195s frames/s 2996 restarts 0
it 707 steps 1447936 games 713 recent30 424092 ballmean 225012 balllen 857 nudges/ball 70.64 tilts/ball 0.04 ent 0.712 rollout 2.8s elapsed 2198s frames/s 2996 restarts 0
it 708 steps 1449984 games 714 recent30 426967 ballmean 225009 balllen 858 nudges/ball 70.81 tilts/ball 0.04 ent 0.707 rollout 3.0s elapsed 2201s frames/s 2996 restarts 0
it 709 steps 1452032 games 715 recent30 424083 ballmean 225797 balllen 860 nudges/ball 71.08 tilts/ball 0.04 ent 0.708 rollout 2.9s elapsed 2204s frames/s 2996 restarts 0
it 710 steps 1454080 games 716 recent30 415717 ballmean 226007 balllen 861 nudges/ball 71.20 tilts/ball 0.04 ent 0.716 rollout 2.7s elapsed 2207s frames/s 2997 restarts 0
it 711 steps 1456128 games 717 recent30 406608 ballmean 226549 balllen 861 nudges/ball 71.44 tilts/ball 0.04 ent 0.710 rollout 2.9s elapsed 2210s frames/s 2997 restarts 0
it 712 steps 1458176 games 718 recent30 411983 ballmean 226517 balllen 861 nudges/ball 71.38 tilts/ball 0.04 ent 0.760 rollout 2.6s elapsed 2213s frames/s 2998 restarts 0
it 713 steps 1460224 games 721 recent30 471825 ballmean 227011 balllen 862 nudges/ball 71.72 tilts/ball 0.04 ent 0.744 rollout 2.9s elapsed 2216s frames/s 2998 restarts 0
it 714 steps 1462272 games 724 recent30 486700 ballmean 226561 balllen 861 nudges/ball 71.77 tilts/ball 0.05 ent 0.647 rollout 2.8s elapsed 2219s frames/s 2999 restarts 0
it 715 steps 1464320 games 726 recent30 544100 ballmean 226382 balllen 861 nudges/ball 71.81 tilts/ball 0.05 ent 0.654 rollout 2.8s elapsed 2222s frames/s 2999 restarts 0
it 716 steps 1466368 games 728 recent30 470608 ballmean 226392 balllen 861 nudges/ball 71.98 tilts/ball 0.05 ent 0.620 rollout 2.9s elapsed 2225s frames/s 3000 restarts 0
it 717 steps 1468416 games 728 recent30 470608 ballmean 226086 balllen 859 nudges/ball 71.92 tilts/ball 0.05 ent 0.664 rollout 2.9s elapsed 2227s frames/s 3000 restarts 0
it 718 steps 1470464 games 729 recent30 470175 ballmean 226116 balllen 860 nudges/ball 71.95 tilts/ball 0.05 ent 0.659 rollout 3.2s elapsed 2231s frames/s 3000 restarts 0
it 719 steps 1472512 games 729 recent30 470175 ballmean 225843 balllen 858 nudges/ball 71.80 tilts/ball 0.05 ent 0.704 rollout 2.8s elapsed 2234s frames/s 3000 restarts 0
it 720 steps 1474560 games 729 recent30 470175 ballmean 226303 balllen 860 nudges/ball 72.03 tilts/ball 0.05 ent 0.653 rollout 2.9s elapsed 2237s frames/s 3000 restarts 0
it 721 steps 1476608 games 731 recent30 469692 ballmean 226952 balllen 861 nudges/ball 72.26 tilts/ball 0.05 ent 0.664 rollout 3.1s elapsed 2240s frames/s 3000 restarts 0
it 722 steps 1478656 games 732 recent30 445775 ballmean 225702 balllen 858 nudges/ball 71.99 tilts/ball 0.05 ent 0.649 rollout 2.8s elapsed 2243s frames/s 3001 restarts 0
it 723 steps 1480704 games 733 recent30 437567 ballmean 225850 balllen 858 nudges/ball 72.02 tilts/ball 0.05 ent 0.640 rollout 2.7s elapsed 2245s frames/s 3001 restarts 0
it 724 steps 1482752 games 735 recent30 439367 ballmean 224229 balllen 857 nudges/ball 71.99 tilts/ball 0.05 ent 0.656 rollout 2.8s elapsed 2248s frames/s 3002 restarts 0
it 725 steps 1484800 games 735 recent30 439367 ballmean 225163 balllen 858 nudges/ball 72.15 tilts/ball 0.05 ent 0.675 rollout 2.8s elapsed 2251s frames/s 3002 restarts 0
it 726 steps 1486848 games 735 recent30 439367 ballmean 225163 balllen 858 nudges/ball 72.15 tilts/ball 0.05 ent 0.657 rollout 2.7s elapsed 2254s frames/s 3002 restarts 0
it 727 steps 1488896 games 736 recent30 440558 ballmean 223282 balllen 852 nudges/ball 71.64 tilts/ball 0.05 ent 0.650 rollout 2.8s elapsed 2257s frames/s 3002 restarts 0
it 728 steps 1490944 games 738 recent30 400075 ballmean 224207 balllen 853 nudges/ball 71.79 tilts/ball 0.05 ent 0.698 rollout 3.1s elapsed 2260s frames/s 3003 restarts 0
it 729 steps 1492992 games 739 recent30 389358 ballmean 223284 balllen 850 nudges/ball 71.66 tilts/ball 0.05 ent 0.670 rollout 2.8s elapsed 2263s frames/s 3003 restarts 0
it 730 steps 1495040 games 741 recent30 381283 ballmean 222665 balllen 846 nudges/ball 71.45 tilts/ball 0.05 ent 0.693 rollout 3.1s elapsed 2266s frames/s 3004 restarts 0
it 731 steps 1497088 games 741 recent30 381283 ballmean 222616 balllen 846 nudges/ball 71.44 tilts/ball 0.05 ent 0.648 rollout 2.6s elapsed 2269s frames/s 3004 restarts 0
it 732 steps 1499136 games 744 recent30 437092 ballmean 223079 balllen 849 nudges/ball 71.77 tilts/ball 0.05 ent 0.602 rollout 2.8s elapsed 2272s frames/s 3005 restarts 0
it 733 steps 1501184 games 745 recent30 486742 ballmean 223632 balllen 848 nudges/ball 71.76 tilts/ball 0.05 ent 0.606 rollout 2.9s elapsed 2275s frames/s 3005 restarts 0
it 734 steps 1503232 games 745 recent30 486742 ballmean 223361 balllen 847 nudges/ball 71.77 tilts/ball 0.05 ent 0.601 rollout 2.7s elapsed 2277s frames/s 3005 restarts 0
it 735 steps 1505280 games 746 recent30 495325 ballmean 223283 balllen 847 nudges/ball 71.77 tilts/ball 0.05 ent 0.610 rollout 2.9s elapsed 2280s frames/s 3005 restarts 0
it 736 steps 1507328 games 747 recent30 501567 ballmean 223222 balllen 846 nudges/ball 71.81 tilts/ball 0.05 ent 0.607 rollout 2.6s elapsed 2283s frames/s 3005 restarts 0
it 737 steps 1509376 games 748 recent30 494408 ballmean 223190 balllen 846 nudges/ball 71.79 tilts/ball 0.05 ent 0.606 rollout 2.9s elapsed 2286s frames/s 3005 restarts 0
it 738 steps 1511424 games 751 recent30 439208 ballmean 218775 balllen 838 nudges/ball 71.12 tilts/ball 0.05 ent 0.701 rollout 3.1s elapsed 2290s frames/s 3006 restarts 0
it 739 steps 1513472 games 752 recent30 433000 ballmean 219008 balllen 839 nudges/ball 71.22 tilts/ball 0.05 ent 0.670 rollout 2.8s elapsed 2292s frames/s 3006 restarts 0
it 740 steps 1515520 games 753 recent30 431000 ballmean 219201 balllen 840 nudges/ball 71.34 tilts/ball 0.05 ent 0.641 rollout 2.7s elapsed 2295s frames/s 3006 restarts 0
it 741 steps 1517568 games 754 recent30 453708 ballmean 220369 balllen 841 nudges/ball 71.56 tilts/ball 0.05 ent 0.611 rollout 2.7s elapsed 2298s frames/s 3006 restarts 0
it 742 steps 1519616 games 755 recent30 454592 ballmean 219366 balllen 837 nudges/ball 71.22 tilts/ball 0.05 ent 0.584 rollout 3.1s elapsed 2301s frames/s 3006 restarts 0
it 743 steps 1521664 games 756 recent30 423658 ballmean 221338 balllen 840 nudges/ball 71.57 tilts/ball 0.05 ent 0.615 rollout 2.9s elapsed 2304s frames/s 3006 restarts 0
it 744 steps 1523712 games 758 recent30 416583 ballmean 221417 balllen 841 nudges/ball 71.64 tilts/ball 0.05 ent 0.661 rollout 3.0s elapsed 2307s frames/s 3007 restarts 0
it 745 steps 1525760 games 758 recent30 416583 ballmean 220892 balllen 839 nudges/ball 71.55 tilts/ball 0.05 ent 0.619 rollout 2.6s elapsed 2310s frames/s 3007 restarts 0
it 746 steps 1527808 games 759 recent30 425700 ballmean 220253 balllen 835 nudges/ball 71.30 tilts/ball 0.06 ent 0.561 rollout 3.0s elapsed 2313s frames/s 3007 restarts 0
it 747 steps 1529856 games 759 recent30 425700 ballmean 220253 balllen 835 nudges/ball 71.30 tilts/ball 0.06 ent 0.619 rollout 2.9s elapsed 2316s frames/s 3007 restarts 0
it 748 steps 1531904 games 759 recent30 425700 ballmean 221098 balllen 836 nudges/ball 71.38 tilts/ball 0.06 ent 0.578 rollout 2.7s elapsed 2319s frames/s 3007 restarts 0
it 749 steps 1533952 games 759 recent30 425700 ballmean 220827 balllen 834 nudges/ball 71.27 tilts/ball 0.06 ent 0.590 rollout 2.8s elapsed 2322s frames/s 3008 restarts 0
it 750 steps 1536000 games 760 recent30 437258 ballmean 220786 balllen 834 nudges/ball 71.33 tilts/ball 0.06 ent 0.595 rollout 3.0s elapsed 2325s frames/s 3007 restarts 0
it 751 steps 1538048 games 761 recent30 459350 ballmean 223805 balllen 842 nudges/ball 72.06 tilts/ball 0.06 ent 0.667 rollout 3.0s elapsed 2328s frames/s 3007 restarts 0
it 752 steps 1540096 games 763 recent30 488075 ballmean 223295 balllen 841 nudges/ball 72.02 tilts/ball 0.06 ent 0.684 rollout 2.7s elapsed 2331s frames/s 3008 restarts 0
it 753 steps 1542144 games 764 recent30 486567 ballmean 222179 balllen 838 nudges/ball 71.85 tilts/ball 0.06 ent 0.717 rollout 2.9s elapsed 2334s frames/s 3008 restarts 0
it 754 steps 1544192 games 766 recent30 510258 ballmean 221922 balllen 838 nudges/ball 71.93 tilts/ball 0.06 ent 0.592 rollout 2.9s elapsed 2337s frames/s 3009 restarts 0
it 755 steps 1546240 games 766 recent30 510258 ballmean 221918 balllen 838 nudges/ball 71.95 tilts/ball 0.06 ent 0.644 rollout 3.0s elapsed 2340s frames/s 3008 restarts 0
it 756 steps 1548288 games 768 recent30 540550 ballmean 222897 balllen 839 nudges/ball 72.02 tilts/ball 0.06 ent 0.589 rollout 2.9s elapsed 2343s frames/s 3009 restarts 0
it 757 steps 1550336 games 770 recent30 541317 ballmean 226218 balllen 845 nudges/ball 72.61 tilts/ball 0.06 ent 0.628 rollout 2.7s elapsed 2345s frames/s 3009 restarts 0
it 758 steps 1552384 games 772 recent30 553217 ballmean 225205 balllen 844 nudges/ball 72.59 tilts/ball 0.06 ent 0.648 rollout 3.0s elapsed 2349s frames/s 3009 restarts 0
it 759 steps 1554432 games 774 recent30 534917 ballmean 225412 balllen 845 nudges/ball 72.77 tilts/ball 0.06 ent 0.610 rollout 2.6s elapsed 2351s frames/s 3010 restarts 0
it 760 steps 1556480 games 774 recent30 534917 ballmean 225076 balllen 845 nudges/ball 72.77 tilts/ball 0.06 ent 0.585 rollout 2.8s elapsed 2354s frames/s 3010 restarts 0
it 761 steps 1558528 games 775 recent30 482725 ballmean 225096 balllen 845 nudges/ball 72.77 tilts/ball 0.06 ent 0.631 rollout 3.1s elapsed 2357s frames/s 3010 restarts 0
it 762 steps 1560576 games 775 recent30 482725 ballmean 224782 balllen 843 nudges/ball 72.65 tilts/ball 0.06 ent 0.659 rollout 3.0s elapsed 2361s frames/s 3010 restarts 0
it 763 steps 1562624 games 776 recent30 474875 ballmean 226066 balllen 846 nudges/ball 72.87 tilts/ball 0.06 ent 0.723 rollout 2.9s elapsed 2364s frames/s 3010 restarts 0
it 764 steps 1564672 games 777 recent30 548408 ballmean 226107 balllen 846 nudges/ball 72.89 tilts/ball 0.06 ent 0.664 rollout 3.1s elapsed 2367s frames/s 3010 restarts 0
it 765 steps 1566720 games 777 recent30 548408 ballmean 226354 balllen 847 nudges/ball 73.06 tilts/ball 0.06 ent 0.636 rollout 2.9s elapsed 2370s frames/s 3010 restarts 0
it 766 steps 1568768 games 779 recent30 544650 ballmean 226154 balllen 847 nudges/ball 73.17 tilts/ball 0.06 ent 0.766 rollout 3.0s elapsed 2373s frames/s 3010 restarts 0
it 767 steps 1570816 games 780 recent30 568075 ballmean 226046 balllen 847 nudges/ball 73.17 tilts/ball 0.06 ent 0.699 rollout 2.9s elapsed 2376s frames/s 3010 restarts 0
it 768 steps 1572864 games 780 recent30 568075 ballmean 225065 balllen 846 nudges/ball 73.08 tilts/ball 0.06 ent 0.714 rollout 2.8s elapsed 2379s frames/s 3010 restarts 0
it 769 steps 1574912 games 780 recent30 568075 ballmean 225858 balllen 847 nudges/ball 73.23 tilts/ball 0.06 ent 0.635 rollout 2.7s elapsed 2382s frames/s 3010 restarts 0
it 770 steps 1576960 games 782 recent30 565167 ballmean 224401 balllen 843 nudges/ball 73.15 tilts/ball 0.06 ent 0.620 rollout 3.0s elapsed 2385s frames/s 3011 restarts 0
it 771 steps 1579008 games 784 recent30 559450 ballmean 226214 balllen 846 nudges/ball 73.37 tilts/ball 0.06 ent 0.568 rollout 2.9s elapsed 2388s frames/s 3011 restarts 0
it 772 steps 1581056 games 786 recent30 536525 ballmean 226548 balllen 846 nudges/ball 73.64 tilts/ball 0.06 ent 0.536 rollout 2.9s elapsed 2391s frames/s 3011 restarts 0
it 773 steps 1583104 games 786 recent30 536525 ballmean 226472 balllen 846 nudges/ball 73.62 tilts/ball 0.06 ent 0.515 rollout 2.8s elapsed 2394s frames/s 3011 restarts 0
it 774 steps 1585152 games 790 recent30 546200 ballmean 226287 balllen 844 nudges/ball 73.48 tilts/ball 0.06 ent 0.536 rollout 2.9s elapsed 2397s frames/s 3012 restarts 0
it 775 steps 1587200 games 790 recent30 546200 ballmean 224965 balllen 842 nudges/ball 73.29 tilts/ball 0.06 ent 0.573 rollout 2.7s elapsed 2399s frames/s 3012 restarts 0
it 776 steps 1589248 games 790 recent30 546200 ballmean 225930 balllen 845 nudges/ball 73.61 tilts/ball 0.06 ent 0.561 rollout 2.8s elapsed 2402s frames/s 3012 restarts 0
it 777 steps 1591296 games 791 recent30 527892 ballmean 224824 balllen 842 nudges/ball 73.45 tilts/ball 0.06 ent 0.555 rollout 3.0s elapsed 2405s frames/s 3013 restarts 0
it 778 steps 1593344 games 793 recent30 536258 ballmean 225771 balllen 842 nudges/ball 73.47 tilts/ball 0.06 ent 0.570 rollout 2.7s elapsed 2408s frames/s 3013 restarts 0
it 779 steps 1595392 games 795 recent30 546692 ballmean 226330 balllen 844 nudges/ball 73.72 tilts/ball 0.06 ent 0.596 rollout 2.9s elapsed 2411s frames/s 3013 restarts 0
it 780 steps 1597440 games 795 recent30 546692 ballmean 227339 balllen 845 nudges/ball 73.84 tilts/ball 0.06 ent 0.626 rollout 2.6s elapsed 2414s frames/s 3014 restarts 0
it 781 steps 1599488 games 796 recent30 531400 ballmean 227851 balllen 847 nudges/ball 74.02 tilts/ball 0.06 ent 0.573 rollout 2.9s elapsed 2417s frames/s 3014 restarts 0
it 782 steps 1601536 games 799 recent30 562475 ballmean 229408 balllen 851 nudges/ball 74.41 tilts/ball 0.06 ent 0.580 rollout 3.2s elapsed 2420s frames/s 3014 restarts 0
it 783 steps 1603584 games 799 recent30 562475 ballmean 229313 balllen 850 nudges/ball 74.29 tilts/ball 0.06 ent 0.538 rollout 2.9s elapsed 2423s frames/s 3014 restarts 0
it 784 steps 1605632 games 801 recent30 527958 ballmean 228834 balllen 847 nudges/ball 74.15 tilts/ball 0.06 ent 0.529 rollout 3.0s elapsed 2426s frames/s 3015 restarts 0
it 785 steps 1607680 games 801 recent30 527958 ballmean 228076 balllen 846 nudges/ball 74.09 tilts/ball 0.06 ent 0.571 rollout 2.9s elapsed 2429s frames/s 3015 restarts 0
it 786 steps 1609728 games 802 recent30 531000 ballmean 226653 balllen 843 nudges/ball 73.91 tilts/ball 0.06 ent 0.514 rollout 3.0s elapsed 2432s frames/s 3015 restarts 0
it 787 steps 1611776 games 803 recent30 521892 ballmean 226437 balllen 843 nudges/ball 73.88 tilts/ball 0.06 ent 0.565 rollout 3.0s elapsed 2435s frames/s 3015 restarts 0
it 788 steps 1613824 games 804 recent30 526417 ballmean 227295 balllen 843 nudges/ball 73.87 tilts/ball 0.06 ent 0.541 rollout 3.0s elapsed 2438s frames/s 3015 restarts 0
it 789 steps 1615872 games 806 recent30 689500 ballmean 228644 balllen 845 nudges/ball 74.02 tilts/ball 0.06 ent 0.503 rollout 3.1s elapsed 2441s frames/s 3015 restarts 0
it 790 steps 1617920 games 808 recent30 627242 ballmean 227118 balllen 840 nudges/ball 73.68 tilts/ball 0.06 ent 0.498 rollout 3.1s elapsed 2445s frames/s 3015 restarts 0
it 791 steps 1619968 games 808 recent30 627242 ballmean 227130 balllen 840 nudges/ball 73.70 tilts/ball 0.06 ent 0.494 rollout 2.9s elapsed 2448s frames/s 3015 restarts 0
it 792 steps 1622016 games 809 recent30 623800 ballmean 227363 balllen 842 nudges/ball 73.80 tilts/ball 0.06 ent 0.558 rollout 3.0s elapsed 2451s frames/s 3015 restarts 0
it 793 steps 1624064 games 810 recent30 629392 ballmean 227058 balllen 840 nudges/ball 73.65 tilts/ball 0.06 ent 0.525 rollout 3.1s elapsed 2454s frames/s 3015 restarts 0
it 794 steps 1626112 games 810 recent30 629392 ballmean 227016 balllen 840 nudges/ball 73.66 tilts/ball 0.06 ent 0.576 rollout 3.1s elapsed 2457s frames/s 3015 restarts 0
it 795 steps 1628160 games 811 recent30 637050 ballmean 227632 balllen 842 nudges/ball 73.79 tilts/ball 0.06 ent 0.562 rollout 2.9s elapsed 2460s frames/s 3015 restarts 0
it 796 steps 1630208 games 813 recent30 620342 ballmean 227805 balllen 843 nudges/ball 73.78 tilts/ball 0.06 ent 0.559 rollout 2.9s elapsed 2463s frames/s 3015 restarts 0
it 797 steps 1632256 games 814 recent30 634825 ballmean 228916 balllen 843 nudges/ball 73.89 tilts/ball 0.06 ent 0.545 rollout 2.9s elapsed 2466s frames/s 3016 restarts 0
it 798 steps 1634304 games 814 recent30 634825 ballmean 228916 balllen 843 nudges/ball 73.89 tilts/ball 0.06 ent 0.513 rollout 2.7s elapsed 2469s frames/s 3016 restarts 0
it 799 steps 1636352 games 815 recent30 629283 ballmean 229541 balllen 846 nudges/ball 74.17 tilts/ball 0.06 ent 0.494 rollout 2.9s elapsed 2472s frames/s 3016 restarts 0
it 800 steps 1638400 games 815 recent30 629283 ballmean 229541 balllen 846 nudges/ball 74.17 tilts/ball 0.06 ent 0.562 rollout 2.9s elapsed 2475s frames/s 3016 restarts 0
it 801 steps 1640448 games 816 recent30 641067 ballmean 229527 balllen 846 nudges/ball 74.17 tilts/ball 0.06 ent 0.557 rollout 2.8s elapsed 2478s frames/s 3016 restarts 0
it 802 steps 1642496 games 817 recent30 679267 ballmean 230760 balllen 848 nudges/ball 74.41 tilts/ball 0.06 ent 0.552 rollout 2.7s elapsed 2480s frames/s 3016 restarts 0
it 803 steps 1644544 games 818 recent30 658092 ballmean 231911 balllen 850 nudges/ball 74.48 tilts/ball 0.06 ent 0.567 rollout 2.9s elapsed 2483s frames/s 3016 restarts 0
it 804 steps 1646592 games 818 recent30 658092 ballmean 231746 balllen 849 nudges/ball 74.44 tilts/ball 0.06 ent 0.585 rollout 2.7s elapsed 2486s frames/s 3016 restarts 0
it 805 steps 1648640 games 820 recent30 687667 ballmean 231530 balllen 851 nudges/ball 74.68 tilts/ball 0.06 ent 0.578 rollout 2.9s elapsed 2489s frames/s 3017 restarts 0
it 806 steps 1650688 games 821 recent30 688575 ballmean 231320 balllen 851 nudges/ball 74.65 tilts/ball 0.06 ent 0.584 rollout 2.9s elapsed 2492s frames/s 3017 restarts 0
it 807 steps 1652736 games 821 recent30 688575 ballmean 231170 balllen 851 nudges/ball 74.65 tilts/ball 0.06 ent 0.641 rollout 3.2s elapsed 2495s frames/s 3016 restarts 0
