/home/a/.local/lib/python3.12/site-packages/torch/cuda/__init__.py:410: UserWarning: PYTORCH_CUDA_ALLOC_CONF is deprecated, use PYTORCH_ALLOC_CONF instead (Triggered internally at /pytorch/c10/core/AllocatorConfig.cpp:28.)
  torch._C._cuda_init()
init: runs/bat2/best.pt | new tensors: []
rnd 100 steps 0.01M t 0.0m eps 0.030 pairs_len 65 wins A/B/draw 24/18/0 loss 0.0000 item_loss 0.00000 items: used 0.56 of rows-with-items, k>0 161, thrown 715/1178
/home/a/Desktop/stuff/polycube/ndrl/train_battle.py:258: UserWarning: Converting a tensor with requires_grad=True to a scalar may lead to unexpected behavior.
Consider using tensor.detach() first. (Triggered internally at /pytorch/torch/csrc/autograd/generated/python_variable_methods.cpp:836.)
  if rnd % 10 == 0: loss_ema = 0.99 * loss_ema + 0.01 * loss.item(); iloss_ema = 0.99 * iloss_ema + 0.01 * float(il)
rnd 200 steps 0.03M t 0.1m eps 0.030 pairs_len 91 wins A/B/draw 59/58/0 loss 0.0002 item_loss 0.00007 items: used 0.58 of rows-with-items, k>0 206, thrown 796/1248
rnd 300 steps 0.04M t 0.1m eps 0.030 pairs_len 97 wins A/B/draw 90/93/0 loss 0.0017 item_loss 0.00025 items: used 0.62 of rows-with-items, k>0 135, thrown 729/1162
rnd 400 steps 0.05M t 0.2m eps 0.029 pairs_len 101 wins A/B/draw 116/131/0 loss 0.0030 item_loss 0.00046 items: used 0.65 of rows-with-items, k>0 179, thrown 738/1245
rnd 500 steps 0.06M t 0.2m eps 0.029 pairs_len 105 wins A/B/draw 146/154/0 loss 0.0042 item_loss 0.00070 items: used 0.60 of rows-with-items, k>0 155, thrown 684/1196
rnd 600 steps 0.08M t 0.2m eps 0.029 pairs_len 113 wins A/B/draw 152/147/1 loss 0.0048 item_loss 0.00102 items: used 0.57 of rows-with-items, k>0 191, thrown 764/1293
rnd 700 steps 0.09M t 0.3m eps 0.029 pairs_len 117 wins A/B/draw 146/153/1 loss 0.0058 item_loss 0.00114 items: used 0.57 of rows-with-items, k>0 160, thrown 727/1191
rnd 800 steps 0.10M t 0.3m eps 0.029 pairs_len 119 wins A/B/draw 156/143/1 loss 0.0064 item_loss 0.00126 items: used 0.60 of rows-with-items, k>0 193, thrown 716/1246
rnd 900 steps 0.12M t 0.3m eps 0.029 pairs_len 121 wins A/B/draw 146/153/1 loss 0.0071 item_loss 0.00140 items: used 0.59 of rows-with-items, k>0 220, thrown 709/1204
rnd 1000 steps 0.13M t 0.4m eps 0.029 pairs_len 119 wins A/B/draw 137/162/1 loss 0.0075 item_loss 0.00152 items: used 0.61 of rows-with-items, k>0 189, thrown 726/1198
rnd 1100 steps 0.14M t 0.4m eps 0.029 pairs_len 118 wins A/B/draw 138/162/0 loss 0.0079 item_loss 0.00171 items: used 0.60 of rows-with-items, k>0 208, thrown 757/1302
rnd 1200 steps 0.15M t 0.4m eps 0.028 pairs_len 117 wins A/B/draw 139/161/0 loss 0.0081 item_loss 0.00176 items: used 0.56 of rows-with-items, k>0 162, thrown 753/1223
rnd 1300 steps 0.17M t 0.5m eps 0.028 pairs_len 117 wins A/B/draw 145/154/1 loss 0.0086 item_loss 0.00184 items: used 0.54 of rows-with-items, k>0 192, thrown 829/1337
rnd 1400 steps 0.18M t 0.5m eps 0.028 pairs_len 119 wins A/B/draw 149/150/1 loss 0.0091 item_loss 0.00188 items: used 0.56 of rows-with-items, k>0 215, thrown 818/1314
rnd 1500 steps 0.19M t 0.5m eps 0.028 pairs_len 118 wins A/B/draw 146/153/1 loss 0.0098 item_loss 0.00203 items: used 0.58 of rows-with-items, k>0 216, thrown 826/1351
rnd 1600 steps 0.20M t 0.6m eps 0.028 pairs_len 119 wins A/B/draw 153/146/1 loss 0.0103 item_loss 0.00209 items: used 0.60 of rows-with-items, k>0 188, thrown 828/1332
rnd 1700 steps 0.22M t 0.6m eps 0.028 pairs_len 124 wins A/B/draw 143/156/1 loss 0.0103 item_loss 0.00206 items: used 0.55 of rows-with-items, k>0 227, thrown 807/1305
rnd 1800 steps 0.23M t 0.6m eps 0.028 pairs_len 126 wins A/B/draw 142/158/0 loss 0.0106 item_loss 0.00213 items: used 0.56 of rows-with-items, k>0 209, thrown 791/1299
rnd 1900 steps 0.24M t 0.7m eps 0.028 pairs_len 126 wins A/B/draw 135/165/0 loss 0.0110 item_loss 0.00209 items: used 0.59 of rows-with-items, k>0 167, thrown 759/1250
rnd 2000 steps 0.26M t 0.7m eps 0.027 pairs_len 128 wins A/B/draw 134/166/0 loss 0.0113 item_loss 0.00215 items: used 0.59 of rows-with-items, k>0 247, thrown 777/1300
rnd 2100 steps 0.27M t 0.7m eps 0.027 pairs_len 128 wins A/B/draw 139/161/0 loss 0.0115 item_loss 0.00217 items: used 0.58 of rows-with-items, k>0 206, thrown 739/1209
rnd 2200 steps 0.28M t 0.8m eps 0.027 pairs_len 126 wins A/B/draw 140/160/0 loss 0.0118 item_loss 0.00221 items: used 0.59 of rows-with-items, k>0 273, thrown 800/1284
rnd 2300 steps 0.29M t 0.8m eps 0.027 pairs_len 129 wins A/B/draw 142/158/0 loss 0.0120 item_loss 0.00216 items: used 0.59 of rows-with-items, k>0 247, thrown 822/1328
rnd 2400 steps 0.31M t 0.8m eps 0.027 pairs_len 129 wins A/B/draw 140/160/0 loss 0.0122 item_loss 0.00214 items: used 0.58 of rows-with-items, k>0 253, thrown 812/1340
rnd 2500 steps 0.32M t 0.9m eps 0.027 pairs_len 127 wins A/B/draw 140/160/0 loss 0.0122 item_loss 0.00217 items: used 0.59 of rows-with-items, k>0 258, thrown 861/1342
rnd 2600 steps 0.33M t 0.9m eps 0.027 pairs_len 127 wins A/B/draw 145/155/0 loss 0.0124 item_loss 0.00222 items: used 0.56 of rows-with-items, k>0 241, thrown 819/1327
rnd 2700 steps 0.35M t 0.9m eps 0.027 pairs_len 129 wins A/B/draw 149/151/0 loss 0.0124 item_loss 0.00222 items: used 0.56 of rows-with-items, k>0 239, thrown 745/1259
rnd 2800 steps 0.36M t 1.1m eps 0.026 pairs_len 126 wins A/B/draw 155/145/0 loss 0.0127 item_loss 0.00248 items: used 0.56 of rows-with-items, k>0 177, thrown 777/1262
rnd 2900 steps 0.37M t 1.3m eps 0.026 pairs_len 123 wins A/B/draw 154/145/1 loss 0.0126 item_loss 0.00250 items: used 0.52 of rows-with-items, k>0 259, thrown 800/1328
rnd 3000 steps 0.38M t 1.4m eps 0.026 pairs_len 122 wins A/B/draw 150/149/1 loss 0.0127 item_loss 0.00248 items: used 0.58 of rows-with-items, k>0 214, thrown 794/1287
rnd 3100 steps 0.40M t 1.4m eps 0.026 pairs_len 122 wins A/B/draw 149/150/1 loss 0.0129 item_loss 0.00250 items: used 0.58 of rows-with-items, k>0 243, thrown 830/1347
rnd 3200 steps 0.41M t 1.4m eps 0.026 pairs_len 121 wins A/B/draw 138/161/1 loss 0.0129 item_loss 0.00264 items: used 0.55 of rows-with-items, k>0 249, thrown 827/1267
rnd 3300 steps 0.42M t 1.5m eps 0.026 pairs_len 120 wins A/B/draw 141/158/1 loss 0.0132 item_loss 0.00261 items: used 0.53 of rows-with-items, k>0 263, thrown 855/1345
EVAL battle-net(A) vs solo-net + old rule(B): {'win': 0.5833333333333334, 'lose': 0.4166666666666667, 'draw': 0.0, 'games': 96, 'mean_len': 89.04166666666667}
rnd 3400 steps 0.44M t 1.6m eps 0.026 pairs_len 121 wins A/B/draw 135/165/0 loss 0.0135 item_loss 0.00263 items: used 0.56 of rows-with-items, k>0 207, thrown 788/1291
rnd 3500 steps 0.45M t 1.6m eps 0.026 pairs_len 122 wins A/B/draw 142/158/0 loss 0.0134 item_loss 0.00271 items: used 0.55 of rows-with-items, k>0 288, thrown 825/1361
rnd 3600 steps 0.46M t 1.7m eps 0.025 pairs_len 123 wins A/B/draw 156/144/0 loss 0.0135 item_loss 0.00278 items: used 0.56 of rows-with-items, k>0 269, thrown 811/1302
rnd 3700 steps 0.47M t 1.7m eps 0.025 pairs_len 124 wins A/B/draw 154/145/1 loss 0.0138 item_loss 0.00296 items: used 0.55 of rows-with-items, k>0 252, thrown 839/1304
rnd 3800 steps 0.49M t 1.7m eps 0.025 pairs_len 125 wins A/B/draw 165/133/2 loss 0.0140 item_loss 0.00283 items: used 0.55 of rows-with-items, k>0 256, thrown 837/1334
rnd 3900 steps 0.50M t 1.8m eps 0.025 pairs_len 127 wins A/B/draw 170/128/2 loss 0.0141 item_loss 0.00296 items: used 0.57 of rows-with-items, k>0 269, thrown 853/1359
rnd 4000 steps 0.51M t 1.8m eps 0.025 pairs_len 125 wins A/B/draw 162/136/2 loss 0.0144 item_loss 0.00306 items: used 0.56 of rows-with-items, k>0 264, thrown 832/1294
rnd 4100 steps 0.52M t 1.8m eps 0.025 pairs_len 123 wins A/B/draw 157/141/2 loss 0.0146 item_loss 0.00299 items: used 0.55 of rows-with-items, k>0 248, thrown 851/1308
rnd 4200 steps 0.54M t 1.9m eps 0.025 pairs_len 122 wins A/B/draw 162/137/1 loss 0.0150 item_loss 0.00288 items: used 0.58 of rows-with-items, k>0 280, thrown 874/1415
rnd 4300 steps 0.55M t 1.9m eps 0.024 pairs_len 123 wins A/B/draw 154/146/0 loss 0.0153 item_loss 0.00301 items: used 0.56 of rows-with-items, k>0 264, thrown 784/1316
rnd 4400 steps 0.56M t 1.9m eps 0.024 pairs_len 121 wins A/B/draw 154/146/0 loss 0.0155 item_loss 0.00292 items: used 0.57 of rows-with-items, k>0 274, thrown 806/1327
rnd 4500 steps 0.58M t 2.0m eps 0.024 pairs_len 119 wins A/B/draw 160/140/0 loss 0.0156 item_loss 0.00297 items: used 0.57 of rows-with-items, k>0 280, thrown 880/1396
rnd 4600 steps 0.59M t 2.0m eps 0.024 pairs_len 119 wins A/B/draw 165/135/0 loss 0.0157 item_loss 0.00286 items: used 0.55 of rows-with-items, k>0 252, thrown 797/1278
rnd 4700 steps 0.60M t 2.0m eps 0.024 pairs_len 120 wins A/B/draw 163/137/0 loss 0.0157 item_loss 0.00278 items: used 0.55 of rows-with-items, k>0 280, thrown 860/1349
rnd 4800 steps 0.61M t 2.0m eps 0.024 pairs_len 119 wins A/B/draw 168/132/0 loss 0.0157 item_loss 0.00269 items: used 0.52 of rows-with-items, k>0 293, thrown 851/1379
rnd 4900 steps 0.63M t 2.1m eps 0.024 pairs_len 120 wins A/B/draw 168/132/0 loss 0.0158 item_loss 0.00269 items: used 0.57 of rows-with-items, k>0 281, thrown 819/1291
rnd 5000 steps 0.64M t 2.1m eps 0.024 pairs_len 119 wins A/B/draw 165/135/0 loss 0.0160 item_loss 0.00267 items: used 0.55 of rows-with-items, k>0 290, thrown 833/1355
rnd 5100 steps 0.65M t 2.1m eps 0.023 pairs_len 121 wins A/B/draw 154/145/1 loss 0.0160 item_loss 0.00267 items: used 0.51 of rows-with-items, k>0 283, thrown 836/1328
rnd 5200 steps 0.67M t 2.2m eps 0.023 pairs_len 120 wins A/B/draw 153/146/1 loss 0.0160 item_loss 0.00265 items: used 0.51 of rows-with-items, k>0 245, thrown 817/1322
rnd 5300 steps 0.68M t 2.2m eps 0.023 pairs_len 120 wins A/B/draw 149/150/1 loss 0.0162 item_loss 0.00269 items: used 0.55 of rows-with-items, k>0 265, thrown 850/1339
rnd 5400 steps 0.69M t 2.2m eps 0.023 pairs_len 121 wins A/B/draw 145/154/1 loss 0.0163 item_loss 0.00264 items: used 0.52 of rows-with-items, k>0 314, thrown 881/1396
rnd 5500 steps 0.70M t 2.3m eps 0.023 pairs_len 122 wins A/B/draw 142/158/0 loss 0.0165 item_loss 0.00257 items: used 0.53 of rows-with-items, k>0 267, thrown 847/1330
rnd 5600 steps 0.72M t 2.3m eps 0.023 pairs_len 119 wins A/B/draw 155/145/0 loss 0.0167 item_loss 0.00250 items: used 0.53 of rows-with-items, k>0 283, thrown 864/1333
rnd 5700 steps 0.73M t 2.3m eps 0.023 pairs_len 119 wins A/B/draw 157/143/0 loss 0.0169 item_loss 0.00246 items: used 0.55 of rows-with-items, k>0 282, thrown 819/1316
rnd 5800 steps 0.74M t 2.4m eps 0.023 pairs_len 117 wins A/B/draw 155/145/0 loss 0.0170 item_loss 0.00254 items: used 0.57 of rows-with-items, k>0 290, thrown 851/1374
rnd 5900 steps 0.76M t 2.4m eps 0.022 pairs_len 117 wins A/B/draw 155/145/0 loss 0.0175 item_loss 0.00273 items: used 0.55 of rows-with-items, k>0 326, thrown 890/1388
rnd 6000 steps 0.77M t 2.4m eps 0.022 pairs_len 118 wins A/B/draw 152/148/0 loss 0.0174 item_loss 0.00275 items: used 0.55 of rows-with-items, k>0 289, thrown 887/1385
rnd 6100 steps 0.78M t 2.5m eps 0.022 pairs_len 119 wins A/B/draw 155/145/0 loss 0.0174 item_loss 0.00282 items: used 0.54 of rows-with-items, k>0 282, thrown 852/1317
rnd 6200 steps 0.79M t 2.5m eps 0.022 pairs_len 119 wins A/B/draw 152/148/0 loss 0.0175 item_loss 0.00280 items: used 0.52 of rows-with-items, k>0 306, thrown 825/1303
rnd 6300 steps 0.81M t 2.5m eps 0.022 pairs_len 120 wins A/B/draw 154/146/0 loss 0.0177 item_loss 0.00278 items: used 0.55 of rows-with-items, k>0 271, thrown 828/1337
rnd 6400 steps 0.82M t 2.5m eps 0.022 pairs_len 118 wins A/B/draw 156/144/0 loss 0.0177 item_loss 0.00268 items: used 0.55 of rows-with-items, k>0 313, thrown 872/1383
rnd 6500 steps 0.83M t 2.6m eps 0.022 pairs_len 117 wins A/B/draw 150/150/0 loss 0.0180 item_loss 0.00268 items: used 0.54 of rows-with-items, k>0 278, thrown 818/1332
rnd 6600 steps 0.84M t 2.6m eps 0.022 pairs_len 117 wins A/B/draw 149/151/0 loss 0.0184 item_loss 0.00278 items: used 0.53 of rows-with-items, k>0 328, thrown 875/1359
rnd 6700 steps 0.86M t 2.7m eps 0.021 pairs_len 115 wins A/B/draw 140/160/0 loss 0.0183 item_loss 0.00271 items: used 0.51 of rows-with-items, k>0 313, thrown 869/1344
rnd 6800 steps 0.87M t 2.7m eps 0.021 pairs_len 113 wins A/B/draw 141/159/0 loss 0.0184 item_loss 0.00269 items: used 0.52 of rows-with-items, k>0 273, thrown 804/1293
rnd 6900 steps 0.88M t 2.9m eps 0.021 pairs_len 113 wins A/B/draw 137/161/2 loss 0.0187 item_loss 0.00269 items: used 0.51 of rows-with-items, k>0 305, thrown 892/1433
rnd 7000 steps 0.90M t 3.1m eps 0.021 pairs_len 115 wins A/B/draw 138/160/2 loss 0.0187 item_loss 0.00272 items: used 0.53 of rows-with-items, k>0 320, thrown 867/1358
rnd 7100 steps 0.91M t 3.1m eps 0.021 pairs_len 118 wins A/B/draw 140/158/2 loss 0.0186 item_loss 0.00275 items: used 0.49 of rows-with-items, k>0 278, thrown 760/1256
rnd 7200 steps 0.92M t 3.1m eps 0.021 pairs_len 121 wins A/B/draw 147/151/2 loss 0.0184 item_loss 0.00281 items: used 0.50 of rows-with-items, k>0 288, thrown 812/1269
rnd 7300 steps 0.93M t 3.2m eps 0.021 pairs_len 125 wins A/B/draw 144/154/2 loss 0.0190 item_loss 0.00282 items: used 0.52 of rows-with-items, k>0 306, thrown 879/1366
rnd 7400 steps 0.95M t 3.2m eps 0.021 pairs_len 125 wins A/B/draw 151/148/1 loss 0.0190 item_loss 0.00283 items: used 0.49 of rows-with-items, k>0 318, thrown 843/1345
rnd 7500 steps 0.96M t 3.3m eps 0.020 pairs_len 122 wins A/B/draw 157/142/1 loss 0.0190 item_loss 0.00286 items: used 0.50 of rows-with-items, k>0 295, thrown 822/1313
rnd 7600 steps 0.97M t 3.3m eps 0.020 pairs_len 119 wins A/B/draw 160/138/2 loss 0.0189 item_loss 0.00298 items: used 0.51 of rows-with-items, k>0 269, thrown 813/1272
rnd 7700 steps 0.99M t 3.3m eps 0.020 pairs_len 117 wins A/B/draw 148/151/1 loss 0.0188 item_loss 0.00291 items: used 0.47 of rows-with-items, k>0 328, thrown 871/1344
rnd 7800 steps 1.00M t 3.4m eps 0.020 pairs_len 117 wins A/B/draw 157/142/1 loss 0.0190 item_loss 0.00299 items: used 0.50 of rows-with-items, k>0 299, thrown 811/1314
rnd 7900 steps 1.01M t 3.4m eps 0.020 pairs_len 118 wins A/B/draw 151/148/1 loss 0.0189 item_loss 0.00293 items: used 0.49 of rows-with-items, k>0 323, thrown 792/1301
rnd 8000 steps 1.02M t 3.4m eps 0.020 pairs_len 118 wins A/B/draw 153/146/1 loss 0.0191 item_loss 0.00311 items: used 0.47 of rows-with-items, k>0 290, thrown 820/1305
rnd 8100 steps 1.04M t 3.5m eps 0.020 pairs_len 120 wins A/B/draw 163/137/0 loss 0.0193 item_loss 0.00319 items: used 0.47 of rows-with-items, k>0 293, thrown 822/1322
rnd 8200 steps 1.05M t 3.5m eps 0.020 pairs_len 120 wins A/B/draw 159/141/0 loss 0.0197 item_loss 0.00316 items: used 0.48 of rows-with-items, k>0 275, thrown 815/1318
rnd 8300 steps 1.06M t 3.6m eps 0.019 pairs_len 122 wins A/B/draw 167/133/0 loss 0.0204 item_loss 0.00316 items: used 0.49 of rows-with-items, k>0 303, thrown 854/1346
rnd 8400 steps 1.08M t 3.6m eps 0.019 pairs_len 121 wins A/B/draw 161/139/0 loss 0.0204 item_loss 0.00329 items: used 0.47 of rows-with-items, k>0 283, thrown 818/1272
rnd 8500 steps 1.09M t 3.6m eps 0.019 pairs_len 120 wins A/B/draw 157/143/0 loss 0.0206 item_loss 0.00343 items: used 0.49 of rows-with-items, k>0 301, thrown 860/1382
rnd 8600 steps 1.10M t 3.7m eps 0.019 pairs_len 117 wins A/B/draw 155/145/0 loss 0.0210 item_loss 0.00343 items: used 0.45 of rows-with-items, k>0 286, thrown 846/1334
rnd 8700 steps 1.11M t 3.7m eps 0.019 pairs_len 118 wins A/B/draw 151/149/0 loss 0.0213 item_loss 0.00341 items: used 0.46 of rows-with-items, k>0 316, thrown 789/1280
rnd 8800 steps 1.13M t 3.7m eps 0.019 pairs_len 119 wins A/B/draw 142/158/0 loss 0.0213 item_loss 0.00336 items: used 0.45 of rows-with-items, k>0 344, thrown 877/1373
rnd 8900 steps 1.14M t 3.8m eps 0.019 pairs_len 120 wins A/B/draw 140/160/0 loss 0.0212 item_loss 0.00357 items: used 0.44 of rows-with-items, k>0 344, thrown 836/1330
rnd 9000 steps 1.15M t 3.8m eps 0.018 pairs_len 122 wins A/B/draw 151/148/1 loss 0.0208 item_loss 0.00353 items: used 0.44 of rows-with-items, k>0 336, thrown 835/1326
rnd 9100 steps 1.16M t 3.8m eps 0.018 pairs_len 127 wins A/B/draw 151/148/1 loss 0.0204 item_loss 0.00343 items: used 0.42 of rows-with-items, k>0 319, thrown 804/1290
rnd 9200 steps 1.18M t 3.9m eps 0.018 pairs_len 127 wins A/B/draw 158/141/1 loss 0.0199 item_loss 0.00345 items: used 0.45 of rows-with-items, k>0 310, thrown 861/1317
rnd 9300 steps 1.19M t 3.9m eps 0.018 pairs_len 127 wins A/B/draw 153/146/1 loss 0.0198 item_loss 0.00350 items: used 0.44 of rows-with-items, k>0 324, thrown 831/1357
rnd 9400 steps 1.20M t 3.9m eps 0.018 pairs_len 127 wins A/B/draw 144/155/1 loss 0.0197 item_loss 0.00347 items: used 0.41 of rows-with-items, k>0 340, thrown 809/1313
rnd 9500 steps 1.22M t 3.9m eps 0.018 pairs_len 127 wins A/B/draw 139/161/0 loss 0.0196 item_loss 0.00337 items: used 0.43 of rows-with-items, k>0 321, thrown 836/1364
rnd 9600 steps 1.23M t 4.0m eps 0.018 pairs_len 125 wins A/B/draw 133/167/0 loss 0.0196 item_loss 0.00330 items: used 0.42 of rows-with-items, k>0 344, thrown 868/1360
rnd 9700 steps 1.24M t 4.0m eps 0.018 pairs_len 124 wins A/B/draw 133/167/0 loss 0.0196 item_loss 0.00349 items: used 0.44 of rows-with-items, k>0 306, thrown 877/1368
rnd 9800 steps 1.25M t 4.0m eps 0.017 pairs_len 122 wins A/B/draw 134/166/0 loss 0.0196 item_loss 0.00350 items: used 0.46 of rows-with-items, k>0 302, thrown 827/1263
rnd 9900 steps 1.27M t 4.1m eps 0.017 pairs_len 119 wins A/B/draw 138/162/0 loss 0.0194 item_loss 0.00347 items: used 0.46 of rows-with-items, k>0 326, thrown 848/1366
rnd 10000 steps 1.28M t 4.1m eps 0.017 pairs_len 118 wins A/B/draw 132/168/0 loss 0.0193 item_loss 0.00346 items: used 0.47 of rows-with-items, k>0 361, thrown 888/1409
rnd 10100 steps 1.29M t 4.2m eps 0.017 pairs_len 118 wins A/B/draw 127/173/0 loss 0.0193 item_loss 0.00343 items: used 0.45 of rows-with-items, k>0 319, thrown 805/1303
rnd 10200 steps 1.31M t 4.2m eps 0.017 pairs_len 117 wins A/B/draw 134/166/0 loss 0.0191 item_loss 0.00339 items: used 0.42 of rows-with-items, k>0 338, thrown 822/1309
rnd 10300 steps 1.32M t 4.2m eps 0.017 pairs_len 120 wins A/B/draw 136/164/0 loss 0.0192 item_loss 0.00360 items: used 0.41 of rows-with-items, k>0 319, thrown 828/1292
rnd 10400 steps 1.33M t 4.3m eps 0.017 pairs_len 120 wins A/B/draw 142/158/0 loss 0.0190 item_loss 0.00368 items: used 0.46 of rows-with-items, k>0 305, thrown 812/1329
rnd 10500 steps 1.34M t 4.3m eps 0.017 pairs_len 123 wins A/B/draw 151/149/0 loss 0.0195 item_loss 0.00370 items: used 0.47 of rows-with-items, k>0 315, thrown 814/1292
rnd 10600 steps 1.36M t 4.3m eps 0.016 pairs_len 124 wins A/B/draw 153/147/0 loss 0.0194 item_loss 0.00384 items: used 0.43 of rows-with-items, k>0 311, thrown 858/1324
rnd 10700 steps 1.37M t 4.3m eps 0.016 pairs_len 123 wins A/B/draw 161/139/0 loss 0.0192 item_loss 0.00375 items: used 0.47 of rows-with-items, k>0 300, thrown 816/1315
rnd 10800 steps 1.38M t 4.4m eps 0.016 pairs_len 124 wins A/B/draw 162/138/0 loss 0.0199 item_loss 0.00395 items: used 0.45 of rows-with-items, k>0 312, thrown 814/1296
rnd 10900 steps 1.40M t 4.4m eps 0.016 pairs_len 124 wins A/B/draw 157/143/0 loss 0.0203 item_loss 0.00393 items: used 0.41 of rows-with-items, k>0 321, thrown 822/1321
rnd 11000 steps 1.41M t 4.4m eps 0.016 pairs_len 122 wins A/B/draw 156/144/0 loss 0.0202 item_loss 0.00413 items: used 0.44 of rows-with-items, k>0 316, thrown 807/1289
rnd 11100 steps 1.42M t 4.5m eps 0.016 pairs_len 123 wins A/B/draw 151/149/0 loss 0.0202 item_loss 0.00417 items: used 0.47 of rows-with-items, k>0 316, thrown 808/1325
rnd 11200 steps 1.43M t 4.5m eps 0.016 pairs_len 126 wins A/B/draw 145/155/0 loss 0.0202 item_loss 0.00415 items: used 0.42 of rows-with-items, k>0 331, thrown 834/1332
rnd 11300 steps 1.45M t 4.5m eps 0.016 pairs_len 124 wins A/B/draw 150/150/0 loss 0.0206 item_loss 0.00431 items: used 0.45 of rows-with-items, k>0 329, thrown 857/1355
rnd 11400 steps 1.46M t 4.6m eps 0.015 pairs_len 127 wins A/B/draw 151/149/0 loss 0.0208 item_loss 0.00422 items: used 0.38 of rows-with-items, k>0 384, thrown 840/1366
rnd 11500 steps 1.47M t 4.8m eps 0.015 pairs_len 125 wins A/B/draw 148/152/0 loss 0.0207 item_loss 0.00424 items: used 0.41 of rows-with-items, k>0 279, thrown 782/1237
rnd 11600 steps 1.48M t 4.9m eps 0.015 pairs_len 123 wins A/B/draw 148/152/0 loss 0.0211 item_loss 0.00430 items: used 0.41 of rows-with-items, k>0 319, thrown 834/1322
rnd 11700 steps 1.50M t 5.0m eps 0.015 pairs_len 123 wins A/B/draw 144/155/1 loss 0.0210 item_loss 0.00426 items: used 0.44 of rows-with-items, k>0 304, thrown 773/1272
rnd 11800 steps 1.51M t 5.0m eps 0.015 pairs_len 122 wins A/B/draw 137/162/1 loss 0.0210 item_loss 0.00432 items: used 0.46 of rows-with-items, k>0 325, thrown 845/1379
rnd 11900 steps 1.52M t 5.1m eps 0.015 pairs_len 120 wins A/B/draw 133/166/1 loss 0.0215 item_loss 0.00437 items: used 0.42 of rows-with-items, k>0 328, thrown 849/1313
rnd 12000 steps 1.54M t 5.1m eps 0.015 pairs_len 118 wins A/B/draw 133/166/1 loss 0.0216 item_loss 0.00442 items: used 0.42 of rows-with-items, k>0 277, thrown 768/1240
rnd 12100 steps 1.55M t 5.2m eps 0.015 pairs_len 118 wins A/B/draw 133/167/0 loss 0.0217 item_loss 0.00442 items: used 0.41 of rows-with-items, k>0 312, thrown 811/1307
rnd 12200 steps 1.56M t 5.2m eps 0.014 pairs_len 117 wins A/B/draw 135/164/1 loss 0.0218 item_loss 0.00438 items: used 0.43 of rows-with-items, k>0 314, thrown 836/1309
rnd 12300 steps 1.57M t 5.3m eps 0.014 pairs_len 118 wins A/B/draw 140/159/1 loss 0.0218 item_loss 0.00446 items: used 0.38 of rows-with-items, k>0 325, thrown 830/1296
rnd 12400 steps 1.59M t 5.3m eps 0.014 pairs_len 121 wins A/B/draw 140/159/1 loss 0.0219 item_loss 0.00452 items: used 0.38 of rows-with-items, k>0 366, thrown 857/1369
rnd 12500 steps 1.60M t 5.3m eps 0.014 pairs_len 121 wins A/B/draw 151/148/1 loss 0.0221 item_loss 0.00452 items: used 0.35 of rows-with-items, k>0 305, thrown 765/1211
rnd 12600 steps 1.61M t 5.4m eps 0.014 pairs_len 119 wins A/B/draw 162/138/0 loss 0.0216 item_loss 0.00476 items: used 0.39 of rows-with-items, k>0 340, thrown 856/1311
rnd 12700 steps 1.63M t 5.4m eps 0.014 pairs_len 117 wins A/B/draw 160/140/0 loss 0.0214 item_loss 0.00465 items: used 0.37 of rows-with-items, k>0 339, thrown 779/1281
rnd 12800 steps 1.64M t 5.4m eps 0.014 pairs_len 116 wins A/B/draw 168/132/0 loss 0.0215 item_loss 0.00479 items: used 0.38 of rows-with-items, k>0 383, thrown 824/1289
rnd 12900 steps 1.65M t 5.5m eps 0.013 pairs_len 114 wins A/B/draw 165/135/0 loss 0.0215 item_loss 0.00481 items: used 0.40 of rows-with-items, k>0 341, thrown 788/1297
rnd 13000 steps 1.66M t 5.5m eps 0.013 pairs_len 113 wins A/B/draw 163/136/1 loss 0.0214 item_loss 0.00496 items: used 0.42 of rows-with-items, k>0 368, thrown 856/1393
rnd 13100 steps 1.68M t 5.5m eps 0.013 pairs_len 116 wins A/B/draw 163/135/2 loss 0.0214 item_loss 0.00510 items: used 0.40 of rows-with-items, k>0 315, thrown 818/1313
rnd 13200 steps 1.69M t 5.6m eps 0.013 pairs_len 120 wins A/B/draw 162/136/2 loss 0.0214 item_loss 0.00543 items: used 0.37 of rows-with-items, k>0 346, thrown 841/1329
rnd 13300 steps 1.70M t 5.6m eps 0.013 pairs_len 122 wins A/B/draw 158/140/2 loss 0.0216 item_loss 0.00559 items: used 0.36 of rows-with-items, k>0 372, thrown 859/1325
rnd 13400 steps 1.72M t 5.6m eps 0.013 pairs_len 120 wins A/B/draw 156/143/1 loss 0.0216 item_loss 0.00566 items: used 0.40 of rows-with-items, k>0 354, thrown 825/1292
rnd 13500 steps 1.73M t 5.6m eps 0.013 pairs_len 119 wins A/B/draw 148/152/0 loss 0.0219 item_loss 0.00558 items: used 0.39 of rows-with-items, k>0 351, thrown 833/1272
rnd 13600 steps 1.74M t 5.7m eps 0.013 pairs_len 115 wins A/B/draw 145/154/1 loss 0.0220 item_loss 0.00557 items: used 0.37 of rows-with-items, k>0 353, thrown 852/1312
rnd 13700 steps 1.75M t 5.7m eps 0.012 pairs_len 114 wins A/B/draw 152/147/1 loss 0.0220 item_loss 0.00538 items: used 0.35 of rows-with-items, k>0 346, thrown 807/1266
rnd 13800 steps 1.77M t 5.7m eps 0.012 pairs_len 115 wins A/B/draw 143/156/1 loss 0.0219 item_loss 0.00544 items: used 0.33 of rows-with-items, k>0 389, thrown 883/1367
rnd 13900 steps 1.78M t 5.8m eps 0.012 pairs_len 117 wins A/B/draw 155/144/1 loss 0.0221 item_loss 0.00570 items: used 0.34 of rows-with-items, k>0 381, thrown 836/1297
rnd 14000 steps 1.79M t 5.8m eps 0.012 pairs_len 117 wins A/B/draw 155/145/0 loss 0.0219 item_loss 0.00575 items: used 0.34 of rows-with-items, k>0 374, thrown 833/1294
rnd 14100 steps 1.80M t 5.8m eps 0.012 pairs_len 116 wins A/B/draw 146/154/0 loss 0.0218 item_loss 0.00560 items: used 0.35 of rows-with-items, k>0 356, thrown 841/1335
rnd 14200 steps 1.82M t 5.9m eps 0.012 pairs_len 121 wins A/B/draw 140/160/0 loss 0.0219 item_loss 0.00552 items: used 0.35 of rows-with-items, k>0 341, thrown 797/1280
rnd 14300 steps 1.83M t 5.9m eps 0.012 pairs_len 117 wins A/B/draw 142/158/0 loss 0.0219 item_loss 0.00537 items: used 0.34 of rows-with-items, k>0 435, thrown 832/1315
rnd 14400 steps 1.84M t 5.9m eps 0.012 pairs_len 121 wins A/B/draw 147/153/0 loss 0.0219 item_loss 0.00521 items: used 0.32 of rows-with-items, k>0 354, thrown 843/1311
rnd 14500 steps 1.86M t 6.0m eps 0.011 pairs_len 123 wins A/B/draw 153/147/0 loss 0.0220 item_loss 0.00529 items: used 0.35 of rows-with-items, k>0 414, thrown 847/1300
rnd 14600 steps 1.87M t 6.0m eps 0.011 pairs_len 121 wins A/B/draw 159/141/0 loss 0.0223 item_loss 0.00551 items: used 0.32 of rows-with-items, k>0 334, thrown 749/1190
rnd 14700 steps 1.88M t 6.0m eps 0.011 pairs_len 121 wins A/B/draw 150/150/0 loss 0.0224 item_loss 0.00552 items: used 0.32 of rows-with-items, k>0 431, thrown 869/1338
rnd 14800 steps 1.89M t 6.1m eps 0.011 pairs_len 122 wins A/B/draw 144/156/0 loss 0.0225 item_loss 0.00575 items: used 0.30 of rows-with-items, k>0 407, thrown 885/1316
rnd 14900 steps 1.91M t 6.1m eps 0.011 pairs_len 120 wins A/B/draw 145/155/0 loss 0.0224 item_loss 0.00568 items: used 0.33 of rows-with-items, k>0 341, thrown 836/1272
rnd 15000 steps 1.92M t 6.1m eps 0.011 pairs_len 122 wins A/B/draw 149/151/0 loss 0.0224 item_loss 0.00554 items: used 0.35 of rows-with-items, k>0 409, thrown 865/1330
rnd 15100 steps 1.93M t 6.2m eps 0.011 pairs_len 118 wins A/B/draw 154/146/0 loss 0.0223 item_loss 0.00550 items: used 0.33 of rows-with-items, k>0 415, thrown 855/1297
rnd 15200 steps 1.95M t 6.2m eps 0.011 pairs_len 118 wins A/B/draw 159/140/1 loss 0.0222 item_loss 0.00581 items: used 0.33 of rows-with-items, k>0 369, thrown 811/1246
rnd 15300 steps 1.96M t 6.2m eps 0.010 pairs_len 118 wins A/B/draw 154/145/1 loss 0.0222 item_loss 0.00562 items: used 0.32 of rows-with-items, k>0 413, thrown 870/1293
rnd 15400 steps 1.97M t 6.3m eps 0.010 pairs_len 117 wins A/B/draw 151/148/1 loss 0.0222 item_loss 0.00577 items: used 0.32 of rows-with-items, k>0 452, thrown 831/1267
rnd 15500 steps 1.98M t 6.3m eps 0.010 pairs_len 116 wins A/B/draw 146/153/1 loss 0.0223 item_loss 0.00600 items: used 0.29 of rows-with-items, k>0 420, thrown 803/1221
rnd 15600 steps 2.00M t 6.5m eps 0.010 pairs_len 115 wins A/B/draw 143/157/0 loss 0.0222 item_loss 0.00629 items: used 0.33 of rows-with-items, k>0 396, thrown 845/1292
rnd 15700 steps 2.01M t 6.7m eps 0.010 pairs_len 113 wins A/B/draw 141/159/0 loss 0.0227 item_loss 0.00646 items: used 0.28 of rows-with-items, k>0 419, thrown 772/1199
rnd 15800 steps 2.02M t 6.7m eps 0.010 pairs_len 110 wins A/B/draw 139/161/0 loss 0.0228 item_loss 0.00666 items: used 0.32 of rows-with-items, k>0 350, thrown 788/1237
rnd 15900 steps 2.04M t 6.7m eps 0.010 pairs_len 113 wins A/B/draw 135/165/0 loss 0.0231 item_loss 0.00670 items: used 0.33 of rows-with-items, k>0 374, thrown 862/1316
rnd 16000 steps 2.05M t 6.8m eps 0.010 pairs_len 114 wins A/B/draw 133/167/0 loss 0.0232 item_loss 0.00650 items: used 0.27 of rows-with-items, k>0 432, thrown 808/1219
rnd 16100 steps 2.06M t 6.8m eps 0.010 pairs_len 117 wins A/B/draw 135/165/0 loss 0.0232 item_loss 0.00650 items: used 0.32 of rows-with-items, k>0 428, thrown 853/1313
rnd 16200 steps 2.07M t 6.9m eps 0.010 pairs_len 118 wins A/B/draw 140/160/0 loss 0.0232 item_loss 0.00663 items: used 0.29 of rows-with-items, k>0 435, thrown 849/1261
rnd 16300 steps 2.09M t 6.9m eps 0.010 pairs_len 116 wins A/B/draw 147/153/0 loss 0.0234 item_loss 0.00657 items: used 0.28 of rows-with-items, k>0 440, thrown 804/1285
rnd 16400 steps 2.10M t 7.0m eps 0.010 pairs_len 115 wins A/B/draw 150/150/0 loss 0.0234 item_loss 0.00646 items: used 0.33 of rows-with-items, k>0 398, thrown 858/1302
rnd 16500 steps 2.11M t 7.0m eps 0.010 pairs_len 111 wins A/B/draw 157/143/0 loss 0.0236 item_loss 0.00677 items: used 0.30 of rows-with-items, k>0 390, thrown 822/1231
rnd 16600 steps 2.12M t 7.1m eps 0.010 pairs_len 111 wins A/B/draw 167/133/0 loss 0.0238 item_loss 0.00679 items: used 0.28 of rows-with-items, k>0 420, thrown 831/1284
rnd 16700 steps 2.14M t 7.1m eps 0.010 pairs_len 112 wins A/B/draw 157/142/1 loss 0.0240 item_loss 0.00670 items: used 0.31 of rows-with-items, k>0 414, thrown 835/1291
rnd 16800 steps 2.15M t 7.2m eps 0.010 pairs_len 113 wins A/B/draw 158/141/1 loss 0.0240 item_loss 0.00694 items: used 0.32 of rows-with-items, k>0 379, thrown 834/1274
rnd 16900 steps 2.16M t 7.2m eps 0.010 pairs_len 116 wins A/B/draw 156/143/1 loss 0.0241 item_loss 0.00747 items: used 0.31 of rows-with-items, k>0 314, thrown 773/1179
rnd 17000 steps 2.18M t 7.3m eps 0.010 pairs_len 115 wins A/B/draw 155/143/2 loss 0.0241 item_loss 0.00755 items: used 0.32 of rows-with-items, k>0 415, thrown 866/1320
rnd 17100 steps 2.19M t 7.3m eps 0.010 pairs_len 115 wins A/B/draw 157/142/1 loss 0.0242 item_loss 0.00747 items: used 0.29 of rows-with-items, k>0 369, thrown 821/1260
rnd 17200 steps 2.20M t 7.3m eps 0.010 pairs_len 116 wins A/B/draw 155/144/1 loss 0.0246 item_loss 0.00751 items: used 0.32 of rows-with-items, k>0 358, thrown 791/1216
rnd 17300 steps 2.21M t 7.4m eps 0.010 pairs_len 115 wins A/B/draw 155/144/1 loss 0.0247 item_loss 0.00745 items: used 0.29 of rows-with-items, k>0 418, thrown 791/1241
rnd 17400 steps 2.23M t 7.4m eps 0.010 pairs_len 116 wins A/B/draw 147/152/1 loss 0.0247 item_loss 0.00751 items: used 0.30 of rows-with-items, k>0 349, thrown 794/1238
rnd 17500 steps 2.24M t 7.4m eps 0.010 pairs_len 115 wins A/B/draw 143/157/0 loss 0.0246 item_loss 0.00760 items: used 0.36 of rows-with-items, k>0 329, thrown 811/1240
rnd 17600 steps 2.25M t 7.5m eps 0.010 pairs_len 115 wins A/B/draw 147/153/0 loss 0.0246 item_loss 0.00755 items: used 0.29 of rows-with-items, k>0 460, thrown 885/1305
rnd 17700 steps 2.27M t 7.5m eps 0.010 pairs_len 111 wins A/B/draw 145/155/0 loss 0.0246 item_loss 0.00748 items: used 0.33 of rows-with-items, k>0 426, thrown 804/1250
rnd 17800 steps 2.28M t 7.5m eps 0.010 pairs_len 112 wins A/B/draw 144/156/0 loss 0.0248 item_loss 0.00758 items: used 0.32 of rows-with-items, k>0 441, thrown 817/1263
rnd 17900 steps 2.29M t 7.6m eps 0.010 pairs_len 109 wins A/B/draw 157/143/0 loss 0.0248 item_loss 0.00744 items: used 0.33 of rows-with-items, k>0 397, thrown 841/1314
rnd 18000 steps 2.30M t 7.6m eps 0.010 pairs_len 110 wins A/B/draw 151/148/1 loss 0.0248 item_loss 0.00761 items: used 0.33 of rows-with-items, k>0 387, thrown 838/1259
rnd 18100 steps 2.32M t 7.6m eps 0.010 pairs_len 113 wins A/B/draw 157/142/1 loss 0.0251 item_loss 0.00752 items: used 0.33 of rows-with-items, k>0 324, thrown 839/1295
rnd 18200 steps 2.33M t 7.7m eps 0.010 pairs_len 114 wins A/B/draw 159/139/2 loss 0.0251 item_loss 0.00763 items: used 0.27 of rows-with-items, k>0 390, thrown 739/1190
rnd 18300 steps 2.34M t 7.7m eps 0.010 pairs_len 115 wins A/B/draw 161/137/2 loss 0.0258 item_loss 0.00781 items: used 0.30 of rows-with-items, k>0 379, thrown 861/1290
rnd 18400 steps 2.36M t 7.7m eps 0.010 pairs_len 116 wins A/B/draw 150/149/1 loss 0.0257 item_loss 0.00772 items: used 0.29 of rows-with-items, k>0 390, thrown 824/1211
rnd 18500 steps 2.37M t 7.8m eps 0.010 pairs_len 115 wins A/B/draw 141/158/1 loss 0.0257 item_loss 0.00802 items: used 0.33 of rows-with-items, k>0 289, thrown 797/1185
rnd 18600 steps 2.38M t 7.8m eps 0.010 pairs_len 112 wins A/B/draw 137/163/0 loss 0.0258 item_loss 0.00798 items: used 0.28 of rows-with-items, k>0 422, thrown 838/1301
rnd 18700 steps 2.39M t 7.8m eps 0.010 pairs_len 113 wins A/B/draw 135/165/0 loss 0.0261 item_loss 0.00804 items: used 0.30 of rows-with-items, k>0 405, thrown 855/1269
rnd 18800 steps 2.41M t 7.8m eps 0.010 pairs_len 114 wins A/B/draw 150/149/1 loss 0.0262 item_loss 0.00798 items: used 0.32 of rows-with-items, k>0 345, thrown 827/1209
rnd 18900 steps 2.42M t 7.9m eps 0.010 pairs_len 110 wins A/B/draw 161/138/1 loss 0.0262 item_loss 0.00817 items: used 0.31 of rows-with-items, k>0 368, thrown 824/1237
rnd 19000 steps 2.43M t 7.9m eps 0.010 pairs_len 108 wins A/B/draw 157/141/2 loss 0.0268 item_loss 0.00848 items: used 0.32 of rows-with-items, k>0 354, thrown 805/1186
rnd 19100 steps 2.44M t 7.9m eps 0.010 pairs_len 102 wins A/B/draw 144/154/2 loss 0.0268 item_loss 0.00825 items: used 0.30 of rows-with-items, k>0 321, thrown 785/1191
rnd 19200 steps 2.46M t 8.0m eps 0.010 pairs_len 98 wins A/B/draw 141/157/2 loss 0.0270 item_loss 0.00824 items: used 0.29 of rows-with-items, k>0 424, thrown 892/1336
rnd 19300 steps 2.47M t 8.0m eps 0.010 pairs_len 98 wins A/B/draw 149/149/2 loss 0.0274 item_loss 0.00821 items: used 0.31 of rows-with-items, k>0 375, thrown 869/1252
rnd 19400 steps 2.48M t 8.1m eps 0.010 pairs_len 99 wins A/B/draw 154/145/1 loss 0.0276 item_loss 0.00817 items: used 0.29 of rows-with-items, k>0 369, thrown 812/1201
rnd 19500 steps 2.50M t 8.1m eps 0.010 pairs_len 100 wins A/B/draw 161/138/1 loss 0.0281 item_loss 0.00811 items: used 0.32 of rows-with-items, k>0 364, thrown 806/1225
rnd 19600 steps 2.51M t 8.1m eps 0.010 pairs_len 105 wins A/B/draw 165/135/0 loss 0.0279 item_loss 0.00801 items: used 0.34 of rows-with-items, k>0 324, thrown 801/1192
rnd 19700 steps 2.52M t 8.2m eps 0.010 pairs_len 106 wins A/B/draw 159/141/0 loss 0.0280 item_loss 0.00806 items: used 0.34 of rows-with-items, k>0 351, thrown 828/1259
rnd 19800 steps 2.53M t 8.3m eps 0.010 pairs_len 105 wins A/B/draw 157/143/0 loss 0.0280 item_loss 0.00802 items: used 0.31 of rows-with-items, k>0 341, thrown 767/1142
rnd 19900 steps 2.55M t 8.5m eps 0.010 pairs_len 107 wins A/B/draw 154/146/0 loss 0.0280 item_loss 0.00822 items: used 0.31 of rows-with-items, k>0 367, thrown 800/1219
rnd 20000 steps 2.56M t 8.6m eps 0.010 pairs_len 105 wins A/B/draw 154/146/0 loss 0.0285 item_loss 0.00845 items: used 0.32 of rows-with-items, k>0 303, thrown 816/1181
rnd 20100 steps 2.57M t 8.6m eps 0.010 pairs_len 106 wins A/B/draw 152/148/0 loss 0.0288 item_loss 0.00884 items: used 0.28 of rows-with-items, k>0 357, thrown 728/1138
rnd 20200 steps 2.59M t 8.7m eps 0.010 pairs_len 109 wins A/B/draw 152/148/0 loss 0.0290 item_loss 0.00880 items: used 0.30 of rows-with-items, k>0 312, thrown 811/1221
rnd 20300 steps 2.60M t 8.7m eps 0.010 pairs_len 108 wins A/B/draw 149/150/1 loss 0.0293 item_loss 0.00896 items: used 0.30 of rows-with-items, k>0 371, thrown 781/1189
rnd 20400 steps 2.61M t 8.8m eps 0.010 pairs_len 109 wins A/B/draw 147/152/1 loss 0.0292 item_loss 0.00920 items: used 0.29 of rows-with-items, k>0 346, thrown 835/1257
rnd 20500 steps 2.62M t 8.8m eps 0.010 pairs_len 110 wins A/B/draw 148/151/1 loss 0.0298 item_loss 0.00927 items: used 0.29 of rows-with-items, k>0 401, thrown 833/1271
rnd 20600 steps 2.64M t 8.9m eps 0.010 pairs_len 113 wins A/B/draw 159/140/1 loss 0.0300 item_loss 0.00898 items: used 0.31 of rows-with-items, k>0 384, thrown 844/1247
rnd 20700 steps 2.65M t 8.9m eps 0.010 pairs_len 113 wins A/B/draw 156/144/0 loss 0.0302 item_loss 0.00949 items: used 0.32 of rows-with-items, k>0 376, thrown 785/1148
rnd 20800 steps 2.66M t 9.0m eps 0.010 pairs_len 113 wins A/B/draw 154/146/0 loss 0.0303 item_loss 0.00944 items: used 0.27 of rows-with-items, k>0 367, thrown 810/1195
rnd 20900 steps 2.68M t 9.0m eps 0.010 pairs_len 110 wins A/B/draw 153/146/1 loss 0.0304 item_loss 0.00927 items: used 0.33 of rows-with-items, k>0 360, thrown 839/1237
rnd 21000 steps 2.69M t 9.0m eps 0.010 pairs_len 107 wins A/B/draw 155/144/1 loss 0.0307 item_loss 0.00936 items: used 0.31 of rows-with-items, k>0 321, thrown 790/1185
rnd 21100 steps 2.70M t 9.1m eps 0.010 pairs_len 105 wins A/B/draw 162/137/1 loss 0.0308 item_loss 0.00970 items: used 0.30 of rows-with-items, k>0 336, thrown 827/1207
rnd 21200 steps 2.71M t 9.1m eps 0.010 pairs_len 105 wins A/B/draw 164/135/1 loss 0.0309 item_loss 0.00952 items: used 0.29 of rows-with-items, k>0 351, thrown 823/1197
rnd 21300 steps 2.73M t 9.1m eps 0.010 pairs_len 105 wins A/B/draw 165/135/0 loss 0.0310 item_loss 0.00948 items: used 0.27 of rows-with-items, k>0 370, thrown 816/1217
rnd 21400 steps 2.74M t 9.2m eps 0.010 pairs_len 105 wins A/B/draw 155/145/0 loss 0.0308 item_loss 0.00954 items: used 0.29 of rows-with-items, k>0 349, thrown 814/1210
rnd 21500 steps 2.75M t 9.2m eps 0.010 pairs_len 105 wins A/B/draw 147/153/0 loss 0.0309 item_loss 0.00973 items: used 0.27 of rows-with-items, k>0 381, thrown 847/1231
rnd 21600 steps 2.76M t 9.2m eps 0.010 pairs_len 106 wins A/B/draw 143/157/0 loss 0.0310 item_loss 0.01000 items: used 0.31 of rows-with-items, k>0 359, thrown 811/1254
rnd 21700 steps 2.78M t 9.3m eps 0.010 pairs_len 109 wins A/B/draw 146/154/0 loss 0.0310 item_loss 0.00996 items: used 0.27 of rows-with-items, k>0 380, thrown 771/1140
rnd 21800 steps 2.79M t 9.3m eps 0.010 pairs_len 111 wins A/B/draw 143/157/0 loss 0.0312 item_loss 0.01006 items: used 0.31 of rows-with-items, k>0 352, thrown 862/1297
rnd 21900 steps 2.80M t 9.3m eps 0.010 pairs_len 112 wins A/B/draw 148/152/0 loss 0.0312 item_loss 0.01015 items: used 0.25 of rows-with-items, k>0 417, thrown 814/1217
rnd 22000 steps 2.82M t 9.4m eps 0.010 pairs_len 111 wins A/B/draw 144/156/0 loss 0.0314 item_loss 0.01021 items: used 0.26 of rows-with-items, k>0 393, thrown 861/1223
rnd 22100 steps 2.83M t 9.4m eps 0.010 pairs_len 109 wins A/B/draw 136/163/1 loss 0.0311 item_loss 0.01039 items: used 0.28 of rows-with-items, k>0 384, thrown 874/1299
rnd 22200 steps 2.84M t 9.4m eps 0.010 pairs_len 110 wins A/B/draw 142/156/2 loss 0.0312 item_loss 0.01023 items: used 0.28 of rows-with-items, k>0 411, thrown 838/1271
rnd 22300 steps 2.85M t 9.5m eps 0.010 pairs_len 109 wins A/B/draw 140/158/2 loss 0.0310 item_loss 0.01031 items: used 0.30 of rows-with-items, k>0 373, thrown 803/1198
rnd 22400 steps 2.87M t 9.5m eps 0.010 pairs_len 110 wins A/B/draw 143/155/2 loss 0.0310 item_loss 0.01061 items: used 0.30 of rows-with-items, k>0 368, thrown 806/1206
rnd 22500 steps 2.88M t 9.5m eps 0.010 pairs_len 108 wins A/B/draw 157/143/0 loss 0.0310 item_loss 0.01060 items: used 0.28 of rows-with-items, k>0 362, thrown 816/1173
rnd 22600 steps 2.89M t 9.6m eps 0.010 pairs_len 105 wins A/B/draw 158/142/0 loss 0.0312 item_loss 0.01079 items: used 0.29 of rows-with-items, k>0 355, thrown 818/1228
rnd 22700 steps 2.91M t 9.6m eps 0.010 pairs_len 103 wins A/B/draw 161/139/0 loss 0.0317 item_loss 0.01090 items: used 0.27 of rows-with-items, k>0 348, thrown 782/1186
rnd 22800 steps 2.92M t 9.6m eps 0.010 pairs_len 101 wins A/B/draw 165/135/0 loss 0.0324 item_loss 0.01074 items: used 0.30 of rows-with-items, k>0 351, thrown 851/1306
rnd 22900 steps 2.93M t 9.7m eps 0.010 pairs_len 101 wins A/B/draw 160/140/0 loss 0.0332 item_loss 0.01073 items: used 0.27 of rows-with-items, k>0 343, thrown 748/1186
rnd 23000 steps 2.94M t 9.7m eps 0.010 pairs_len 104 wins A/B/draw 157/141/2 loss 0.0336 item_loss 0.01070 items: used 0.28 of rows-with-items, k>0 384, thrown 818/1261
rnd 23100 steps 2.96M t 9.7m eps 0.010 pairs_len 109 wins A/B/draw 152/146/2 loss 0.0338 item_loss 0.01079 items: used 0.29 of rows-with-items, k>0 321, thrown 764/1174
rnd 23200 steps 2.97M t 9.7m eps 0.010 pairs_len 109 wins A/B/draw 159/139/2 loss 0.0335 item_loss 0.01067 items: used 0.32 of rows-with-items, k>0 282, thrown 783/1191
rnd 23300 steps 2.98M t 9.8m eps 0.010 pairs_len 111 wins A/B/draw 161/137/2 loss 0.0337 item_loss 0.01069 items: used 0.32 of rows-with-items, k>0 341, thrown 828/1245
rnd 23400 steps 3.00M t 9.8m eps 0.010 pairs_len 110 wins A/B/draw 173/126/1 loss 0.0338 item_loss 0.01089 items: used 0.27 of rows-with-items, k>0 397, thrown 795/1207
rnd 23500 steps 3.01M t 9.8m eps 0.010 pairs_len 108 wins A/B/draw 164/134/2 loss 0.0336 item_loss 0.01092 items: used 0.29 of rows-with-items, k>0 353, thrown 822/1241
rnd 23600 steps 3.02M t 9.9m eps 0.010 pairs_len 107 wins A/B/draw 161/136/3 loss 0.0339 item_loss 0.01075 items: used 0.31 of rows-with-items, k>0 341, thrown 782/1202
rnd 23700 steps 3.03M t 9.9m eps 0.010 pairs_len 105 wins A/B/draw 156/142/2 loss 0.0340 item_loss 0.01105 items: used 0.30 of rows-with-items, k>0 340, thrown 805/1165
rnd 23800 steps 3.05M t 9.9m eps 0.010 pairs_len 102 wins A/B/draw 146/153/1 loss 0.0339 item_loss 0.01084 items: used 0.29 of rows-with-items, k>0 382, thrown 822/1225
rnd 23900 steps 3.06M t 10.0m eps 0.010 pairs_len 101 wins A/B/draw 157/142/1 loss 0.0340 item_loss 0.01065 items: used 0.30 of rows-with-items, k>0 379, thrown 852/1278
rnd 24000 steps 3.07M t 10.1m eps 0.010 pairs_len 101 wins A/B/draw 149/151/0 loss 0.0345 item_loss 0.01077 items: used 0.26 of rows-with-items, k>0 363, thrown 815/1209
rnd 24100 steps 3.08M t 10.2m eps 0.010 pairs_len 101 wins A/B/draw 148/152/0 loss 0.0346 item_loss 0.01079 items: used 0.29 of rows-with-items, k>0 337, thrown 797/1220
rnd 24200 steps 3.10M t 10.4m eps 0.010 pairs_len 99 wins A/B/draw 145/155/0 loss 0.0345 item_loss 0.01070 items: used 0.31 of rows-with-items, k>0 339, thrown 849/1251
rnd 24300 steps 3.11M t 10.4m eps 0.010 pairs_len 102 wins A/B/draw 136/164/0 loss 0.0347 item_loss 0.01071 items: used 0.28 of rows-with-items, k>0 324, thrown 780/1196
rnd 24400 steps 3.12M t 10.4m eps 0.010 pairs_len 102 wins A/B/draw 135/165/0 loss 0.0347 item_loss 0.01101 items: used 0.27 of rows-with-items, k>0 417, thrown 782/1238
rnd 24500 steps 3.14M t 10.5m eps 0.010 pairs_len 105 wins A/B/draw 133/167/0 loss 0.0351 item_loss 0.01127 items: used 0.29 of rows-with-items, k>0 338, thrown 846/1245
rnd 24600 steps 3.15M t 10.6m eps 0.010 pairs_len 106 wins A/B/draw 145/155/0 loss 0.0350 item_loss 0.01138 items: used 0.28 of rows-with-items, k>0 351, thrown 802/1216
rnd 24700 steps 3.16M t 10.6m eps 0.010 pairs_len 105 wins A/B/draw 145/153/2 loss 0.0350 item_loss 0.01178 items: used 0.26 of rows-with-items, k>0 347, thrown 800/1185
rnd 24800 steps 3.17M t 10.7m eps 0.010 pairs_len 102 wins A/B/draw 149/148/3 loss 0.0348 item_loss 0.01195 items: used 0.28 of rows-with-items, k>0 369, thrown 797/1253
rnd 24900 steps 3.19M t 10.7m eps 0.010 pairs_len 104 wins A/B/draw 150/147/3 loss 0.0351 item_loss 0.01215 items: used 0.27 of rows-with-items, k>0 409, thrown 793/1228
rnd 25000 steps 3.20M t 10.7m eps 0.010 pairs_len 104 wins A/B/draw 136/161/3 loss 0.0350 item_loss 0.01216 items: used 0.30 of rows-with-items, k>0 341, thrown 843/1244
rnd 25100 steps 3.21M t 10.8m eps 0.010 pairs_len 105 wins A/B/draw 148/150/2 loss 0.0354 item_loss 0.01223 items: used 0.30 of rows-with-items, k>0 332, thrown 815/1211
rnd 25200 steps 3.23M t 10.8m eps 0.010 pairs_len 110 wins A/B/draw 141/158/1 loss 0.0355 item_loss 0.01235 items: used 0.25 of rows-with-items, k>0 367, thrown 797/1173
rnd 25300 steps 3.24M t 10.8m eps 0.010 pairs_len 108 wins A/B/draw 143/156/1 loss 0.0360 item_loss 0.01232 items: used 0.27 of rows-with-items, k>0 387, thrown 794/1229
rnd 25400 steps 3.25M t 10.9m eps 0.010 pairs_len 108 wins A/B/draw 145/154/1 loss 0.0358 item_loss 0.01234 items: used 0.25 of rows-with-items, k>0 438, thrown 826/1234
rnd 25500 steps 3.26M t 10.9m eps 0.010 pairs_len 103 wins A/B/draw 146/154/0 loss 0.0359 item_loss 0.01272 items: used 0.27 of rows-with-items, k>0 410, thrown 833/1237
rnd 25600 steps 3.28M t 10.9m eps 0.010 pairs_len 101 wins A/B/draw 158/142/0 loss 0.0363 item_loss 0.01255 items: used 0.26 of rows-with-items, k>0 383, thrown 825/1241
rnd 25700 steps 3.29M t 11.0m eps 0.010 pairs_len 103 wins A/B/draw 160/139/1 loss 0.0368 item_loss 0.01254 items: used 0.26 of rows-with-items, k>0 392, thrown 783/1190
rnd 25800 steps 3.30M t 11.0m eps 0.010 pairs_len 104 wins A/B/draw 159/139/2 loss 0.0365 item_loss 0.01253 items: used 0.28 of rows-with-items, k>0 380, thrown 839/1259
rnd 25900 steps 3.32M t 11.0m eps 0.010 pairs_len 107 wins A/B/draw 158/140/2 loss 0.0365 item_loss 0.01253 items: used 0.28 of rows-with-items, k>0 438, thrown 857/1281
rnd 26000 steps 3.33M t 11.1m eps 0.010 pairs_len 108 wins A/B/draw 150/148/2 loss 0.0363 item_loss 0.01279 items: used 0.28 of rows-with-items, k>0 365, thrown 856/1283
rnd 26100 steps 3.34M t 11.1m eps 0.010 pairs_len 107 wins A/B/draw 139/160/1 loss 0.0366 item_loss 0.01295 items: used 0.29 of rows-with-items, k>0 368, thrown 854/1251
rnd 26200 steps 3.35M t 11.1m eps 0.010 pairs_len 106 wins A/B/draw 153/146/1 loss 0.0365 item_loss 0.01302 items: used 0.28 of rows-with-items, k>0 352, thrown 818/1195
rnd 26300 steps 3.37M t 11.2m eps 0.010 pairs_len 105 wins A/B/draw 157/142/1 loss 0.0369 item_loss 0.01308 items: used 0.26 of rows-with-items, k>0 335, thrown 797/1185
rnd 26400 steps 3.38M t 11.2m eps 0.010 pairs_len 104 wins A/B/draw 152/146/2 loss 0.0370 item_loss 0.01296 items: used 0.25 of rows-with-items, k>0 398, thrown 818/1215
rnd 26500 steps 3.39M t 11.2m eps 0.010 pairs_len 105 wins A/B/draw 164/134/2 loss 0.0370 item_loss 0.01308 items: used 0.27 of rows-with-items, k>0 411, thrown 810/1245
rnd 26600 steps 3.40M t 11.3m eps 0.010 pairs_len 104 wins A/B/draw 153/146/1 loss 0.0371 item_loss 0.01315 items: used 0.25 of rows-with-items, k>0 311, thrown 790/1168
rnd 26700 steps 3.42M t 11.3m eps 0.010 pairs_len 102 wins A/B/draw 150/149/1 loss 0.0370 item_loss 0.01322 items: used 0.26 of rows-with-items, k>0 418, thrown 850/1249
rnd 26800 steps 3.43M t 11.3m eps 0.010 pairs_len 100 wins A/B/draw 149/151/0 loss 0.0370 item_loss 0.01334 items: used 0.27 of rows-with-items, k>0 336, thrown 805/1181
rnd 26900 steps 3.44M t 11.3m eps 0.010 pairs_len 100 wins A/B/draw 150/150/0 loss 0.0372 item_loss 0.01353 items: used 0.27 of rows-with-items, k>0 326, thrown 769/1148
rnd 27000 steps 3.46M t 11.4m eps 0.010 pairs_len 99 wins A/B/draw 146/154/0 loss 0.0373 item_loss 0.01374 items: used 0.27 of rows-with-items, k>0 413, thrown 884/1318
rnd 27100 steps 3.47M t 11.4m eps 0.010 pairs_len 102 wins A/B/draw 154/146/0 loss 0.0375 item_loss 0.01362 items: used 0.28 of rows-with-items, k>0 348, thrown 776/1207
rnd 27200 steps 3.48M t 11.4m eps 0.010 pairs_len 105 wins A/B/draw 157/143/0 loss 0.0381 item_loss 0.01363 items: used 0.27 of rows-with-items, k>0 387, thrown 864/1263
rnd 27300 steps 3.49M t 11.5m eps 0.010 pairs_len 106 wins A/B/draw 155/144/1 loss 0.0384 item_loss 0.01387 items: used 0.25 of rows-with-items, k>0 357, thrown 804/1174
rnd 27400 steps 3.51M t 11.5m eps 0.010 pairs_len 105 wins A/B/draw 163/136/1 loss 0.0384 item_loss 0.01362 items: used 0.27 of rows-with-items, k>0 325, thrown 817/1222
rnd 27500 steps 3.52M t 11.5m eps 0.010 pairs_len 102 wins A/B/draw 164/135/1 loss 0.0384 item_loss 0.01355 items: used 0.28 of rows-with-items, k>0 375, thrown 867/1267
rnd 27600 steps 3.53M t 11.6m eps 0.010 pairs_len 101 wins A/B/draw 152/147/1 loss 0.0394 item_loss 0.01360 items: used 0.29 of rows-with-items, k>0 416, thrown 881/1283
rnd 27700 steps 3.55M t 11.6m eps 0.010 pairs_len 102 wins A/B/draw 145/155/0 loss 0.0391 item_loss 0.01373 items: used 0.26 of rows-with-items, k>0 351, thrown 788/1165
rnd 27800 steps 3.56M t 11.6m eps 0.010 pairs_len 106 wins A/B/draw 137/162/1 loss 0.0393 item_loss 0.01376 items: used 0.28 of rows-with-items, k>0 456, thrown 976/1346
rnd 27900 steps 3.57M t 11.8m eps 0.010 pairs_len 108 wins A/B/draw 137/162/1 loss 0.0395 item_loss 0.01379 items: used 0.27 of rows-with-items, k>0 394, thrown 810/1232
rnd 28000 steps 3.58M t 11.9m eps 0.010 pairs_len 109 wins A/B/draw 149/149/2 loss 0.0395 item_loss 0.01380 items: used 0.26 of rows-with-items, k>0 419, thrown 870/1273
rnd 28100 steps 3.60M t 12.0m eps 0.010 pairs_len 109 wins A/B/draw 146/152/2 loss 0.0399 item_loss 0.01378 items: used 0.25 of rows-with-items, k>0 413, thrown 844/1256
rnd 28200 steps 3.61M t 12.1m eps 0.010 pairs_len 110 wins A/B/draw 158/141/1 loss 0.0405 item_loss 0.01426 items: used 0.27 of rows-with-items, k>0 336, thrown 803/1210
rnd 28300 steps 3.62M t 12.1m eps 0.010 pairs_len 107 wins A/B/draw 156/143/1 loss 0.0405 item_loss 0.01413 items: used 0.26 of rows-with-items, k>0 393, thrown 865/1265
rnd 28400 steps 3.64M t 12.1m eps 0.010 pairs_len 105 wins A/B/draw 155/145/0 loss 0.0407 item_loss 0.01385 items: used 0.27 of rows-with-items, k>0 421, thrown 838/1248
rnd 28500 steps 3.65M t 12.2m eps 0.010 pairs_len 106 wins A/B/draw 161/139/0 loss 0.0406 item_loss 0.01377 items: used 0.26 of rows-with-items, k>0 396, thrown 861/1240
rnd 28600 steps 3.66M t 12.2m eps 0.010 pairs_len 106 wins A/B/draw 144/156/0 loss 0.0413 item_loss 0.01373 items: used 0.28 of rows-with-items, k>0 370, thrown 848/1231
rnd 28700 steps 3.67M t 12.3m eps 0.010 pairs_len 105 wins A/B/draw 147/153/0 loss 0.0411 item_loss 0.01369 items: used 0.26 of rows-with-items, k>0 461, thrown 838/1270
rnd 28800 steps 3.69M t 12.3m eps 0.010 pairs_len 103 wins A/B/draw 144/156/0 loss 0.0414 item_loss 0.01346 items: used 0.24 of rows-with-items, k>0 439, thrown 816/1174
rnd 28900 steps 3.70M t 12.3m eps 0.010 pairs_len 100 wins A/B/draw 151/148/1 loss 0.0415 item_loss 0.01380 items: used 0.24 of rows-with-items, k>0 413, thrown 763/1144
rnd 29000 steps 3.71M t 12.4m eps 0.010 pairs_len 100 wins A/B/draw 162/136/2 loss 0.0412 item_loss 0.01383 items: used 0.27 of rows-with-items, k>0 415, thrown 885/1302
rnd 29100 steps 3.72M t 12.4m eps 0.010 pairs_len 98 wins A/B/draw 157/141/2 loss 0.0415 item_loss 0.01397 items: used 0.27 of rows-with-items, k>0 407, thrown 815/1224
rnd 29200 steps 3.74M t 12.5m eps 0.010 pairs_len 99 wins A/B/draw 160/137/3 loss 0.0415 item_loss 0.01395 items: used 0.25 of rows-with-items, k>0 410, thrown 862/1240
rnd 29300 steps 3.75M t 12.5m eps 0.010 pairs_len 102 wins A/B/draw 157/140/3 loss 0.0414 item_loss 0.01417 items: used 0.27 of rows-with-items, k>0 418, thrown 812/1236
rnd 29400 steps 3.76M t 12.6m eps 0.010 pairs_len 104 wins A/B/draw 151/147/2 loss 0.0416 item_loss 0.01459 items: used 0.26 of rows-with-items, k>0 475, thrown 823/1217
rnd 29500 steps 3.78M t 12.6m eps 0.010 pairs_len 107 wins A/B/draw 153/145/2 loss 0.0418 item_loss 0.01455 items: used 0.26 of rows-with-items, k>0 398, thrown 820/1195
rnd 29600 steps 3.79M t 12.6m eps 0.010 pairs_len 106 wins A/B/draw 149/148/3 loss 0.0417 item_loss 0.01436 items: used 0.24 of rows-with-items, k>0 456, thrown 812/1207
rnd 29700 steps 3.80M t 12.7m eps 0.010 pairs_len 104 wins A/B/draw 149/148/3 loss 0.0418 item_loss 0.01497 items: used 0.26 of rows-with-items, k>0 451, thrown 828/1269
rnd 29800 steps 3.81M t 12.7m eps 0.010 pairs_len 101 wins A/B/draw 156/140/4 loss 0.0422 item_loss 0.01524 items: used 0.25 of rows-with-items, k>0 496, thrown 846/1226
rnd 29900 steps 3.83M t 12.7m eps 0.010 pairs_len 100 wins A/B/draw 153/143/4 loss 0.0429 item_loss 0.01544 items: used 0.25 of rows-with-items, k>0 495, thrown 876/1288
rnd 30000 steps 3.84M t 12.7m eps 0.010 pairs_len 102 wins A/B/draw 150/149/1 loss 0.0436 item_loss 0.01552 items: used 0.27 of rows-with-items, k>0 418, thrown 844/1195
rnd 30100 steps 3.85M t 12.8m eps 0.010 pairs_len 98 wins A/B/draw 153/146/1 loss 0.0435 item_loss 0.01547 items: used 0.25 of rows-with-items, k>0 398, thrown 784/1184
rnd 30200 steps 3.87M t 12.8m eps 0.010 pairs_len 99 wins A/B/draw 151/147/2 loss 0.0436 item_loss 0.01575 items: used 0.24 of rows-with-items, k>0 484, thrown 821/1260
rnd 30300 steps 3.88M t 12.8m eps 0.010 pairs_len 100 wins A/B/draw 158/140/2 loss 0.0434 item_loss 0.01587 items: used 0.28 of rows-with-items, k>0 403, thrown 771/1180
rnd 30400 steps 3.89M t 12.9m eps 0.010 pairs_len 99 wins A/B/draw 158/140/2 loss 0.0435 item_loss 0.01594 items: used 0.29 of rows-with-items, k>0 441, thrown 886/1280
rnd 30500 steps 3.90M t 12.9m eps 0.010 pairs_len 102 wins A/B/draw 156/143/1 loss 0.0437 item_loss 0.01578 items: used 0.27 of rows-with-items, k>0 440, thrown 833/1285
rnd 30600 steps 3.92M t 12.9m eps 0.010 pairs_len 102 wins A/B/draw 146/154/0 loss 0.0437 item_loss 0.01600 items: used 0.26 of rows-with-items, k>0 451, thrown 826/1254
rnd 30700 steps 3.93M t 13.0m eps 0.010 pairs_len 103 wins A/B/draw 140/160/0 loss 0.0439 item_loss 0.01606 items: used 0.26 of rows-with-items, k>0 446, thrown 800/1191
rnd 30800 steps 3.94M t 13.0m eps 0.010 pairs_len 104 wins A/B/draw 142/158/0 loss 0.0441 item_loss 0.01604 items: used 0.27 of rows-with-items, k>0 499, thrown 877/1280
rnd 30900 steps 3.96M t 13.0m eps 0.010 pairs_len 101 wins A/B/draw 144/156/0 loss 0.0439 item_loss 0.01548 items: used 0.26 of rows-with-items, k>0 437, thrown 781/1178
rnd 31000 steps 3.97M t 13.1m eps 0.010 pairs_len 102 wins A/B/draw 141/159/0 loss 0.0444 item_loss 0.01530 items: used 0.29 of rows-with-items, k>0 457, thrown 878/1315
rnd 31100 steps 3.98M t 13.1m eps 0.010 pairs_len 102 wins A/B/draw 140/160/0 loss 0.0443 item_loss 0.01547 items: used 0.25 of rows-with-items, k>0 518, thrown 863/1316
rnd 31200 steps 3.99M t 13.1m eps 0.010 pairs_len 103 wins A/B/draw 135/164/1 loss 0.0442 item_loss 0.01589 items: used 0.27 of rows-with-items, k>0 487, thrown 868/1308
rnd 31300 steps 4.01M t 13.2m eps 0.010 pairs_len 106 wins A/B/draw 135/164/1 loss 0.0444 item_loss 0.01623 items: used 0.27 of rows-with-items, k>0 469, thrown 890/1303
rnd 31400 steps 4.02M t 13.2m eps 0.010 pairs_len 107 wins A/B/draw 139/160/1 loss 0.0440 item_loss 0.01678 items: used 0.24 of rows-with-items, k>0 487, thrown 820/1238
rnd 31500 steps 4.03M t 13.2m eps 0.010 pairs_len 106 wins A/B/draw 146/153/1 loss 0.0436 item_loss 0.01636 items: used 0.27 of rows-with-items, k>0 406, thrown 855/1289
rnd 31600 steps 4.04M t 13.2m eps 0.010 pairs_len 103 wins A/B/draw 147/153/0 loss 0.0434 item_loss 0.01654 items: used 0.27 of rows-with-items, k>0 467, thrown 866/1287
rnd 31700 steps 4.06M t 13.3m eps 0.010 pairs_len 102 wins A/B/draw 147/152/1 loss 0.0435 item_loss 0.01631 items: used 0.27 of rows-with-items, k>0 457, thrown 859/1234
rnd 31800 steps 4.07M t 13.3m eps 0.010 pairs_len 103 wins A/B/draw 146/153/1 loss 0.0433 item_loss 0.01632 items: used 0.27 of rows-with-items, k>0 515, thrown 928/1359
rnd 31900 steps 4.08M t 13.3m eps 0.010 pairs_len 102 wins A/B/draw 151/147/2 loss 0.0435 item_loss 0.01635 items: used 0.25 of rows-with-items, k>0 442, thrown 799/1213
rnd 32000 steps 4.10M t 13.4m eps 0.010 pairs_len 106 wins A/B/draw 162/135/3 loss 0.0436 item_loss 0.01630 items: used 0.28 of rows-with-items, k>0 413, thrown 904/1329
rnd 32100 steps 4.11M t 13.4m eps 0.010 pairs_len 109 wins A/B/draw 172/126/2 loss 0.0434 item_loss 0.01679 items: used 0.24 of rows-with-items, k>0 466, thrown 836/1219
rnd 32200 steps 4.12M t 13.4m eps 0.010 pairs_len 106 wins A/B/draw 161/137/2 loss 0.0437 item_loss 0.01653 items: used 0.24 of rows-with-items, k>0 468, thrown 844/1260
rnd 32300 steps 4.13M t 13.5m eps 0.010 pairs_len 107 wins A/B/draw 159/140/1 loss 0.0441 item_loss 0.01618 items: used 0.25 of rows-with-items, k>0 538, thrown 897/1353
rnd 32400 steps 4.15M t 13.5m eps 0.010 pairs_len 107 wins A/B/draw 154/146/0 loss 0.0437 item_loss 0.01622 items: used 0.25 of rows-with-items, k>0 458, thrown 886/1249
rnd 32500 steps 4.16M t 13.5m eps 0.010 pairs_len 102 wins A/B/draw 142/158/0 loss 0.0442 item_loss 0.01625 items: used 0.26 of rows-with-items, k>0 473, thrown 877/1296
rnd 32600 steps 4.17M t 13.5m eps 0.010 pairs_len 103 wins A/B/draw 150/149/1 loss 0.0445 item_loss 0.01647 items: used 0.25 of rows-with-items, k>0 463, thrown 830/1244
rnd 32700 steps 4.19M t 13.7m eps 0.010 pairs_len 104 wins A/B/draw 153/145/2 loss 0.0448 item_loss 0.01623 items: used 0.27 of rows-with-items, k>0 485, thrown 898/1341
rnd 32800 steps 4.20M t 13.9m eps 0.010 pairs_len 103 wins A/B/draw 153/145/2 loss 0.0452 item_loss 0.01602 items: used 0.25 of rows-with-items, k>0 480, thrown 859/1335
rnd 32900 steps 4.21M t 14.0m eps 0.010 pairs_len 109 wins A/B/draw 160/138/2 loss 0.0450 item_loss 0.01620 items: used 0.23 of rows-with-items, k>0 558, thrown 911/1350
rnd 33000 steps 4.22M t 14.0m eps 0.010 pairs_len 111 wins A/B/draw 167/131/2 loss 0.0449 item_loss 0.01615 items: used 0.24 of rows-with-items, k>0 500, thrown 912/1334
rnd 33100 steps 4.24M t 14.0m eps 0.010 pairs_len 109 wins A/B/draw 165/133/2 loss 0.0454 item_loss 0.01633 items: used 0.23 of rows-with-items, k>0 451, thrown 872/1282
rnd 33200 steps 4.25M t 14.1m eps 0.010 pairs_len 111 wins A/B/draw 164/135/1 loss 0.0458 item_loss 0.01625 items: used 0.24 of rows-with-items, k>0 478, thrown 833/1270
rnd 33300 steps 4.26M t 14.1m eps 0.010 pairs_len 110 wins A/B/draw 165/134/1 loss 0.0458 item_loss 0.01604 items: used 0.24 of rows-with-items, k>0 538, thrown 869/1302
rnd 33400 steps 4.28M t 14.2m eps 0.010 pairs_len 110 wins A/B/draw 157/143/0 loss 0.0455 item_loss 0.01608 items: used 0.24 of rows-with-items, k>0 542, thrown 896/1358
rnd 33500 steps 4.29M t 14.2m eps 0.010 pairs_len 110 wins A/B/draw 163/137/0 loss 0.0460 item_loss 0.01622 items: used 0.24 of rows-with-items, k>0 481, thrown 869/1259
rnd 33600 steps 4.30M t 14.3m eps 0.010 pairs_len 109 wins A/B/draw 156/144/0 loss 0.0464 item_loss 0.01665 items: used 0.25 of rows-with-items, k>0 536, thrown 877/1306
rnd 33700 steps 4.31M t 14.3m eps 0.010 pairs_len 109 wins A/B/draw 166/134/0 loss 0.0462 item_loss 0.01692 items: used 0.23 of rows-with-items, k>0 537, thrown 941/1319
rnd 33800 steps 4.33M t 14.3m eps 0.010 pairs_len 108 wins A/B/draw 167/133/0 loss 0.0462 item_loss 0.01721 items: used 0.24 of rows-with-items, k>0 512, thrown 835/1259
rnd 33900 steps 4.34M t 14.4m eps 0.010 pairs_len 109 wins A/B/draw 156/144/0 loss 0.0465 item_loss 0.01725 items: used 0.26 of rows-with-items, k>0 482, thrown 928/1341
rnd 34000 steps 4.35M t 14.4m eps 0.010 pairs_len 107 wins A/B/draw 160/140/0 loss 0.0469 item_loss 0.01737 items: used 0.25 of rows-with-items, k>0 471, thrown 836/1261
rnd 34100 steps 4.36M t 14.4m eps 0.010 pairs_len 106 wins A/B/draw 150/150/0 loss 0.0469 item_loss 0.01716 items: used 0.24 of rows-with-items, k>0 529, thrown 899/1324
rnd 34200 steps 4.38M t 14.5m eps 0.010 pairs_len 104 wins A/B/draw 148/152/0 loss 0.0471 item_loss 0.01739 items: used 0.25 of rows-with-items, k>0 553, thrown 882/1333
rnd 34300 steps 4.39M t 14.5m eps 0.010 pairs_len 104 wins A/B/draw 153/146/1 loss 0.0471 item_loss 0.01768 items: used 0.28 of rows-with-items, k>0 575, thrown 932/1403
rnd 34400 steps 4.40M t 14.5m eps 0.010 pairs_len 107 wins A/B/draw 162/137/1 loss 0.0474 item_loss 0.01764 items: used 0.24 of rows-with-items, k>0 488, thrown 848/1299
rnd 34500 steps 4.42M t 14.6m eps 0.010 pairs_len 110 wins A/B/draw 161/138/1 loss 0.0472 item_loss 0.01750 items: used 0.24 of rows-with-items, k>0 485, thrown 840/1255
rnd 34600 steps 4.43M t 14.6m eps 0.010 pairs_len 114 wins A/B/draw 160/139/1 loss 0.0470 item_loss 0.01704 items: used 0.24 of rows-with-items, k>0 513, thrown 838/1297
rnd 34700 steps 4.44M t 14.6m eps 0.010 pairs_len 118 wins A/B/draw 156/144/0 loss 0.0474 item_loss 0.01695 items: used 0.24 of rows-with-items, k>0 531, thrown 916/1349
rnd 34800 steps 4.45M t 14.7m eps 0.010 pairs_len 117 wins A/B/draw 149/151/0 loss 0.0470 item_loss 0.01711 items: used 0.23 of rows-with-items, k>0 500, thrown 875/1241
rnd 34900 steps 4.47M t 14.7m eps 0.010 pairs_len 117 wins A/B/draw 155/145/0 loss 0.0467 item_loss 0.01732 items: used 0.25 of rows-with-items, k>0 495, thrown 879/1304
rnd 35000 steps 4.48M t 14.7m eps 0.010 pairs_len 115 wins A/B/draw 153/146/1 loss 0.0473 item_loss 0.01751 items: used 0.23 of rows-with-items, k>0 520, thrown 903/1323
rnd 35100 steps 4.49M t 14.8m eps 0.010 pairs_len 112 wins A/B/draw 157/142/1 loss 0.0473 item_loss 0.01754 items: used 0.23 of rows-with-items, k>0 491, thrown 830/1270
rnd 35200 steps 4.51M t 14.8m eps 0.010 pairs_len 113 wins A/B/draw 160/139/1 loss 0.0475 item_loss 0.01764 items: used 0.23 of rows-with-items, k>0 601, thrown 954/1413
rnd 35300 steps 4.52M t 14.8m eps 0.010 pairs_len 114 wins A/B/draw 161/138/1 loss 0.0479 item_loss 0.01755 items: used 0.23 of rows-with-items, k>0 537, thrown 914/1315
rnd 35400 steps 4.53M t 14.9m eps 0.010 pairs_len 117 wins A/B/draw 162/137/1 loss 0.0479 item_loss 0.01717 items: used 0.25 of rows-with-items, k>0 477, thrown 872/1294
rnd 35500 steps 4.54M t 14.9m eps 0.010 pairs_len 116 wins A/B/draw 170/130/0 loss 0.0477 item_loss 0.01717 items: used 0.24 of rows-with-items, k>0 507, thrown 849/1231
rnd 35600 steps 4.56M t 14.9m eps 0.010 pairs_len 110 wins A/B/draw 166/133/1 loss 0.0473 item_loss 0.01701 items: used 0.23 of rows-with-items, k>0 447, thrown 846/1231
rnd 35700 steps 4.57M t 15.0m eps 0.010 pairs_len 107 wins A/B/draw 160/139/1 loss 0.0475 item_loss 0.01716 items: used 0.24 of rows-with-items, k>0 530, thrown 917/1350
rnd 35800 steps 4.58M t 15.0m eps 0.010 pairs_len 104 wins A/B/draw 157/141/2 loss 0.0478 item_loss 0.01710 items: used 0.25 of rows-with-items, k>0 550, thrown 928/1350
rnd 35900 steps 4.60M t 15.0m eps 0.010 pairs_len 102 wins A/B/draw 153/145/2 loss 0.0480 item_loss 0.01706 items: used 0.21 of rows-with-items, k>0 594, thrown 882/1287
rnd 36000 steps 4.61M t 15.0m eps 0.010 pairs_len 103 wins A/B/draw 152/147/1 loss 0.0480 item_loss 0.01677 items: used 0.26 of rows-with-items, k>0 466, thrown 897/1288
rnd 36100 steps 4.62M t 15.1m eps 0.010 pairs_len 106 wins A/B/draw 159/140/1 loss 0.0483 item_loss 0.01661 items: used 0.23 of rows-with-items, k>0 498, thrown 849/1208
rnd 36200 steps 4.63M t 15.1m eps 0.010 pairs_len 103 wins A/B/draw 158/142/0 loss 0.0485 item_loss 0.01652 items: used 0.24 of rows-with-items, k>0 527, thrown 895/1257
rnd 36300 steps 4.65M t 15.1m eps 0.010 pairs_len 104 wins A/B/draw 147/153/0 loss 0.0482 item_loss 0.01688 items: used 0.24 of rows-with-items, k>0 559, thrown 873/1325
rnd 36400 steps 4.66M t 15.2m eps 0.010 pairs_len 106 wins A/B/draw 146/154/0 loss 0.0482 item_loss 0.01691 items: used 0.28 of rows-with-items, k>0 530, thrown 984/1430
rnd 36500 steps 4.67M t 15.2m eps 0.010 pairs_len 109 wins A/B/draw 143/157/0 loss 0.0478 item_loss 0.01680 items: used 0.24 of rows-with-items, k>0 573, thrown 885/1304
rnd 36600 steps 4.68M t 15.2m eps 0.010 pairs_len 112 wins A/B/draw 152/148/0 loss 0.0481 item_loss 0.01713 items: used 0.25 of rows-with-items, k>0 581, thrown 977/1408
rnd 36700 steps 4.70M t 15.3m eps 0.010 pairs_len 114 wins A/B/draw 158/142/0 loss 0.0481 item_loss 0.01743 items: used 0.25 of rows-with-items, k>0 531, thrown 931/1325
rnd 36800 steps 4.71M t 15.5m eps 0.010 pairs_len 115 wins A/B/draw 160/140/0 loss 0.0480 item_loss 0.01735 items: used 0.24 of rows-with-items, k>0 544, thrown 891/1319
rnd 36900 steps 4.72M t 15.6m eps 0.010 pairs_len 112 wins A/B/draw 164/136/0 loss 0.0482 item_loss 0.01729 items: used 0.24 of rows-with-items, k>0 585, thrown 931/1348
rnd 37000 steps 4.74M t 15.7m eps 0.010 pairs_len 114 wins A/B/draw 152/147/1 loss 0.0481 item_loss 0.01795 items: used 0.23 of rows-with-items, k>0 535, thrown 842/1267
rnd 37100 steps 4.75M t 15.7m eps 0.010 pairs_len 112 wins A/B/draw 159/140/1 loss 0.0482 item_loss 0.01818 items: used 0.25 of rows-with-items, k>0 615, thrown 952/1407
rnd 37200 steps 4.76M t 15.8m eps 0.010 pairs_len 111 wins A/B/draw 157/142/1 loss 0.0481 item_loss 0.01856 items: used 0.24 of rows-with-items, k>0 498, thrown 853/1253
rnd 37300 steps 4.77M t 15.8m eps 0.010 pairs_len 111 wins A/B/draw 151/148/1 loss 0.0481 item_loss 0.01912 items: used 0.25 of rows-with-items, k>0 565, thrown 941/1398
rnd 37400 steps 4.79M t 15.9m eps 0.010 pairs_len 110 wins A/B/draw 155/145/0 loss 0.0481 item_loss 0.01911 items: used 0.25 of rows-with-items, k>0 539, thrown 860/1267
rnd 37500 steps 4.80M t 15.9m eps 0.010 pairs_len 109 wins A/B/draw 143/157/0 loss 0.0477 item_loss 0.01920 items: used 0.24 of rows-with-items, k>0 580, thrown 923/1305
rnd 37600 steps 4.81M t 16.0m eps 0.010 pairs_len 109 wins A/B/draw 140/160/0 loss 0.0479 item_loss 0.01928 items: used 0.23 of rows-with-items, k>0 584, thrown 908/1343
rnd 37700 steps 4.83M t 16.0m eps 0.010 pairs_len 108 wins A/B/draw 146/153/1 loss 0.0479 item_loss 0.01978 items: used 0.23 of rows-with-items, k>0 536, thrown 862/1290
rnd 37800 steps 4.84M t 16.1m eps 0.010 pairs_len 107 wins A/B/draw 156/143/1 loss 0.0477 item_loss 0.01985 items: used 0.24 of rows-with-items, k>0 544, thrown 886/1305
rnd 37900 steps 4.85M t 16.1m eps 0.010 pairs_len 107 wins A/B/draw 156/142/2 loss 0.0477 item_loss 0.02032 items: used 0.23 of rows-with-items, k>0 539, thrown 817/1205
rnd 38000 steps 4.86M t 16.1m eps 0.010 pairs_len 105 wins A/B/draw 156/142/2 loss 0.0475 item_loss 0.02017 items: used 0.25 of rows-with-items, k>0 536, thrown 896/1268
rnd 38100 steps 4.88M t 16.2m eps 0.010 pairs_len 104 wins A/B/draw 150/149/1 loss 0.0472 item_loss 0.02010 items: used 0.22 of rows-with-items, k>0 505, thrown 857/1270
rnd 38200 steps 4.89M t 16.2m eps 0.010 pairs_len 102 wins A/B/draw 144/156/0 loss 0.0478 item_loss 0.02068 items: used 0.24 of rows-with-items, k>0 527, thrown 927/1311
rnd 38300 steps 4.90M t 16.2m eps 0.010 pairs_len 103 wins A/B/draw 137/162/1 loss 0.0479 item_loss 0.02059 items: used 0.26 of rows-with-items, k>0 568, thrown 938/1377
rnd 38400 steps 4.92M t 16.2m eps 0.010 pairs_len 106 wins A/B/draw 144/155/1 loss 0.0480 item_loss 0.02067 items: used 0.24 of rows-with-items, k>0 508, thrown 901/1333
rnd 38500 steps 4.93M t 16.3m eps 0.010 pairs_len 109 wins A/B/draw 138/161/1 loss 0.0480 item_loss 0.02105 items: used 0.23 of rows-with-items, k>0 619, thrown 953/1330
rnd 38600 steps 4.94M t 16.3m eps 0.010 pairs_len 109 wins A/B/draw 140/159/1 loss 0.0485 item_loss 0.02093 items: used 0.24 of rows-with-items, k>0 562, thrown 894/1316
rnd 38700 steps 4.95M t 16.3m eps 0.010 pairs_len 108 wins A/B/draw 154/146/0 loss 0.0487 item_loss 0.02043 items: used 0.24 of rows-with-items, k>0 552, thrown 871/1275
rnd 38800 steps 4.97M t 16.4m eps 0.010 pairs_len 108 wins A/B/draw 155/145/0 loss 0.0493 item_loss 0.02072 items: used 0.24 of rows-with-items, k>0 561, thrown 896/1305
rnd 38900 steps 4.98M t 16.4m eps 0.010 pairs_len 104 wins A/B/draw 159/140/1 loss 0.0496 item_loss 0.02085 items: used 0.25 of rows-with-items, k>0 493, thrown 886/1267
rnd 39000 steps 4.99M t 16.4m eps 0.010 pairs_len 104 wins A/B/draw 149/150/1 loss 0.0501 item_loss 0.02055 items: used 0.25 of rows-with-items, k>0 506, thrown 873/1287
rnd 39100 steps 5.00M t 16.5m eps 0.010 pairs_len 105 wins A/B/draw 136/163/1 loss 0.0502 item_loss 0.02041 items: used 0.23 of rows-with-items, k>0 523, thrown 899/1284
EVAL battle-net(A) vs solo-net + old rule(B): {'win': 0.6770833333333334, 'lose': 0.3229166666666667, 'draw': 0.0, 'games': 96, 'mean_len': 81.01041666666667}
rnd 39200 steps 5.02M t 16.5m eps 0.010 pairs_len 100 wins A/B/draw 133/166/1 loss 0.0497 item_loss 0.02034 items: used 0.24 of rows-with-items, k>0 513, thrown 896/1297
rnd 39300 steps 5.03M t 16.6m eps 0.010 pairs_len 100 wins A/B/draw 134/165/1 loss 0.0503 item_loss 0.02044 items: used 0.22 of rows-with-items, k>0 517, thrown 857/1234
rnd 39400 steps 5.04M t 16.6m eps 0.010 pairs_len 100 wins A/B/draw 146/153/1 loss 0.0508 item_loss 0.02046 items: used 0.24 of rows-with-items, k>0 580, thrown 906/1363
rnd 39500 steps 5.06M t 16.6m eps 0.010 pairs_len 99 wins A/B/draw 152/147/1 loss 0.0509 item_loss 0.01997 items: used 0.24 of rows-with-items, k>0 579, thrown 910/1346
rnd 39600 steps 5.07M t 16.7m eps 0.010 pairs_len 103 wins A/B/draw 161/139/0 loss 0.0511 item_loss 0.02071 items: used 0.22 of rows-with-items, k>0 496, thrown 840/1237
rnd 39700 steps 5.08M t 16.7m eps 0.010 pairs_len 105 wins A/B/draw 158/141/1 loss 0.0516 item_loss 0.02071 items: used 0.24 of rows-with-items, k>0 569, thrown 893/1306
rnd 39800 steps 5.09M t 16.7m eps 0.010 pairs_len 108 wins A/B/draw 158/141/1 loss 0.0520 item_loss 0.02063 items: used 0.23 of rows-with-items, k>0 518, thrown 840/1253
rnd 39900 steps 5.11M t 16.8m eps 0.010 pairs_len 107 wins A/B/draw 151/148/1 loss 0.0519 item_loss 0.02002 items: used 0.23 of rows-with-items, k>0 510, thrown 844/1231
rnd 40000 steps 5.12M t 16.8m eps 0.010 pairs_len 106 wins A/B/draw 149/149/2 loss 0.0518 item_loss 0.01965 items: used 0.25 of rows-with-items, k>0 544, thrown 962/1370
rnd 40100 steps 5.13M t 16.8m eps 0.010 pairs_len 104 wins A/B/draw 154/144/2 loss 0.0518 item_loss 0.02001 items: used 0.24 of rows-with-items, k>0 519, thrown 882/1269
rnd 40200 steps 5.15M t 16.9m eps 0.010 pairs_len 103 wins A/B/draw 157/141/2 loss 0.0521 item_loss 0.01954 items: used 0.24 of rows-with-items, k>0 511, thrown 889/1294
rnd 40300 steps 5.16M t 16.9m eps 0.010 pairs_len 103 wins A/B/draw 156/142/2 loss 0.0520 item_loss 0.01962 items: used 0.23 of rows-with-items, k>0 540, thrown 854/1275
rnd 40400 steps 5.17M t 16.9m eps 0.010 pairs_len 105 wins A/B/draw 147/152/1 loss 0.0521 item_loss 0.01934 items: used 0.24 of rows-with-items, k>0 564, thrown 910/1364
rnd 40500 steps 5.18M t 16.9m eps 0.010 pairs_len 108 wins A/B/draw 146/154/0 loss 0.0524 item_loss 0.01937 items: used 0.23 of rows-with-items, k>0 554, thrown 882/1293
rnd 40600 steps 5.20M t 17.1m eps 0.010 pairs_len 109 wins A/B/draw 143/157/0 loss 0.0526 item_loss 0.01956 items: used 0.25 of rows-with-items, k>0 467, thrown 882/1251
rnd 40700 steps 5.21M t 17.3m eps 0.010 pairs_len 109 wins A/B/draw 147/153/0 loss 0.0531 item_loss 0.01995 items: used 0.23 of rows-with-items, k>0 457, thrown 833/1212
rnd 40800 steps 5.22M t 17.4m eps 0.010 pairs_len 105 wins A/B/draw 150/150/0 loss 0.0528 item_loss 0.01982 items: used 0.22 of rows-with-items, k>0 548, thrown 858/1225
rnd 40900 steps 5.24M t 17.4m eps 0.010 pairs_len 99 wins A/B/draw 152/148/0 loss 0.0526 item_loss 0.01935 items: used 0.24 of rows-with-items, k>0 556, thrown 895/1291
rnd 41000 steps 5.25M t 17.4m eps 0.010 pairs_len 98 wins A/B/draw 147/153/0 loss 0.0528 item_loss 0.01928 items: used 0.23 of rows-with-items, k>0 545, thrown 899/1326
rnd 41100 steps 5.26M t 17.5m eps 0.010 pairs_len 101 wins A/B/draw 149/150/1 loss 0.0525 item_loss 0.01906 items: used 0.25 of rows-with-items, k>0 513, thrown 876/1258
rnd 41200 steps 5.27M t 17.5m eps 0.010 pairs_len 104 wins A/B/draw 152/146/2 loss 0.0524 item_loss 0.01968 items: used 0.25 of rows-with-items, k>0 517, thrown 890/1330
rnd 41300 steps 5.29M t 17.6m eps 0.010 pairs_len 107 wins A/B/draw 163/135/2 loss 0.0523 item_loss 0.02012 items: used 0.24 of rows-with-items, k>0 546, thrown 888/1315
rnd 41400 steps 5.30M t 17.7m eps 0.010 pairs_len 107 wins A/B/draw 158/138/4 loss 0.0524 item_loss 0.02063 items: used 0.24 of rows-with-items, k>0 529, thrown 893/1262
rnd 41500 steps 5.31M t 17.9m eps 0.010 pairs_len 105 wins A/B/draw 161/137/2 loss 0.0522 item_loss 0.02087 items: used 0.23 of rows-with-items, k>0 588, thrown 913/1321
rnd 41600 steps 5.32M t 18.0m eps 0.010 pairs_len 105 wins A/B/draw 152/145/3 loss 0.0520 item_loss 0.02065 items: used 0.24 of rows-with-items, k>0 544, thrown 912/1329
rnd 41700 steps 5.34M t 18.2m eps 0.010 pairs_len 104 wins A/B/draw 151/145/4 loss 0.0515 item_loss 0.02051 items: used 0.24 of rows-with-items, k>0 490, thrown 884/1247
rnd 41800 steps 5.35M t 18.3m eps 0.010 pairs_len 103 wins A/B/draw 156/142/2 loss 0.0515 item_loss 0.02071 items: used 0.23 of rows-with-items, k>0 519, thrown 884/1289
rnd 41900 steps 5.36M t 18.5m eps 0.010 pairs_len 104 wins A/B/draw 157/141/2 loss 0.0517 item_loss 0.02079 items: used 0.23 of rows-with-items, k>0 507, thrown 866/1266
rnd 42000 steps 5.38M t 18.7m eps 0.010 pairs_len 101 wins A/B/draw 154/143/3 loss 0.0520 item_loss 0.02130 items: used 0.23 of rows-with-items, k>0 555, thrown 897/1333
rnd 42100 steps 5.39M t 18.8m eps 0.010 pairs_len 101 wins A/B/draw 151/147/2 loss 0.0520 item_loss 0.02128 items: used 0.26 of rows-with-items, k>0 550, thrown 957/1341
rnd 42200 steps 5.40M t 19.0m eps 0.010 pairs_len 100 wins A/B/draw 154/144/2 loss 0.0519 item_loss 0.02165 items: used 0.25 of rows-with-items, k>0 477, thrown 884/1267
rnd 42300 steps 5.41M t 19.2m eps 0.010 pairs_len 98 wins A/B/draw 152/148/0 loss 0.0521 item_loss 0.02172 items: used 0.24 of rows-with-items, k>0 514, thrown 844/1253
rnd 42400 steps 5.43M t 19.4m eps 0.010 pairs_len 98 wins A/B/draw 159/141/0 loss 0.0521 item_loss 0.02168 items: used 0.26 of rows-with-items, k>0 530, thrown 943/1334
rnd 42500 steps 5.44M t 19.6m eps 0.010 pairs_len 98 wins A/B/draw 159/141/0 loss 0.0523 item_loss 0.02153 items: used 0.24 of rows-with-items, k>0 546, thrown 832/1265
rnd 42600 steps 5.45M t 19.7m eps 0.010 pairs_len 97 wins A/B/draw 163/136/1 loss 0.0521 item_loss 0.02119 items: used 0.25 of rows-with-items, k>0 552, thrown 919/1326
rnd 42700 steps 5.47M t 19.9m eps 0.010 pairs_len 101 wins A/B/draw 155/144/1 loss 0.0520 item_loss 0.02135 items: used 0.23 of rows-with-items, k>0 544, thrown 957/1390
rnd 42800 steps 5.48M t 20.1m eps 0.010 pairs_len 104 wins A/B/draw 156/143/1 loss 0.0517 item_loss 0.02094 items: used 0.23 of rows-with-items, k>0 562, thrown 906/1352
rnd 42900 steps 5.49M t 20.2m eps 0.010 pairs_len 106 wins A/B/draw 149/149/2 loss 0.0525 item_loss 0.02094 items: used 0.26 of rows-with-items, k>0 483, thrown 899/1313
rnd 43000 steps 5.50M t 20.4m eps 0.010 pairs_len 109 wins A/B/draw 142/156/2 loss 0.0526 item_loss 0.02047 items: used 0.24 of rows-with-items, k>0 531, thrown 894/1304
rnd 43100 steps 5.52M t 20.6m eps 0.010 pairs_len 105 wins A/B/draw 143/155/2 loss 0.0521 item_loss 0.02078 items: used 0.24 of rows-with-items, k>0 535, thrown 888/1277
rnd 43200 steps 5.53M t 20.7m eps 0.010 pairs_len 104 wins A/B/draw 136/160/4 loss 0.0522 item_loss 0.02082 items: used 0.24 of rows-with-items, k>0 628, thrown 961/1368
rnd 43300 steps 5.54M t 20.9m eps 0.010 pairs_len 105 wins A/B/draw 133/163/4 loss 0.0521 item_loss 0.02093 items: used 0.23 of rows-with-items, k>0 525, thrown 836/1241
rnd 43400 steps 5.56M t 21.1m eps 0.010 pairs_len 105 wins A/B/draw 132/164/4 loss 0.0522 item_loss 0.02105 items: used 0.23 of rows-with-items, k>0 511, thrown 808/1237
rnd 43500 steps 5.57M t 21.3m eps 0.010 pairs_len 106 wins A/B/draw 133/163/4 loss 0.0522 item_loss 0.02140 items: used 0.23 of rows-with-items, k>0 566, thrown 873/1319
rnd 43600 steps 5.58M t 21.5m eps 0.010 pairs_len 106 wins A/B/draw 143/155/2 loss 0.0523 item_loss 0.02156 items: used 0.25 of rows-with-items, k>0 538, thrown 926/1345
rnd 43700 steps 5.59M t 21.7m eps 0.010 pairs_len 106 wins A/B/draw 138/160/2 loss 0.0522 item_loss 0.02168 items: used 0.25 of rows-with-items, k>0 611, thrown 952/1424
rnd 43800 steps 5.61M t 21.9m eps 0.010 pairs_len 107 wins A/B/draw 133/164/3 loss 0.0525 item_loss 0.02148 items: used 0.24 of rows-with-items, k>0 554, thrown 902/1321
rnd 43900 steps 5.62M t 22.0m eps 0.010 pairs_len 110 wins A/B/draw 145/151/4 loss 0.0520 item_loss 0.02145 items: used 0.26 of rows-with-items, k>0 481, thrown 916/1328
rnd 44000 steps 5.63M t 22.1m eps 0.010 pairs_len 108 wins A/B/draw 145/151/4 loss 0.0517 item_loss 0.02166 items: used 0.25 of rows-with-items, k>0 540, thrown 885/1321
rnd 44100 steps 5.64M t 22.3m eps 0.010 pairs_len 109 wins A/B/draw 158/139/3 loss 0.0519 item_loss 0.02234 items: used 0.25 of rows-with-items, k>0 558, thrown 983/1432
rnd 44200 steps 5.66M t 22.5m eps 0.010 pairs_len 108 wins A/B/draw 168/130/2 loss 0.0516 item_loss 0.02266 items: used 0.25 of rows-with-items, k>0 507, thrown 944/1376
rnd 44300 steps 5.67M t 22.6m eps 0.010 pairs_len 106 wins A/B/draw 158/141/1 loss 0.0522 item_loss 0.02252 items: used 0.24 of rows-with-items, k>0 563, thrown 942/1362
rnd 44400 steps 5.68M t 22.8m eps 0.010 pairs_len 106 wins A/B/draw 159/140/1 loss 0.0524 item_loss 0.02264 items: used 0.26 of rows-with-items, k>0 576, thrown 960/1407
rnd 44500 steps 5.70M t 23.0m eps 0.010 pairs_len 105 wins A/B/draw 154/146/0 loss 0.0524 item_loss 0.02258 items: used 0.24 of rows-with-items, k>0 550, thrown 966/1389
rnd 44600 steps 5.71M t 23.2m eps 0.010 pairs_len 101 wins A/B/draw 147/152/1 loss 0.0523 item_loss 0.02219 items: used 0.24 of rows-with-items, k>0 549, thrown 923/1319
rnd 44700 steps 5.72M t 23.4m eps 0.010 pairs_len 101 wins A/B/draw 147/152/1 loss 0.0521 item_loss 0.02197 items: used 0.24 of rows-with-items, k>0 578, thrown 951/1371
rnd 44800 steps 5.73M t 23.6m eps 0.010 pairs_len 101 wins A/B/draw 144/154/2 loss 0.0525 item_loss 0.02165 items: used 0.24 of rows-with-items, k>0 533, thrown 914/1331
rnd 44900 steps 5.75M t 23.8m eps 0.010 pairs_len 100 wins A/B/draw 154/144/2 loss 0.0520 item_loss 0.02167 items: used 0.24 of rows-with-items, k>0 577, thrown 911/1353
rnd 45000 steps 5.76M t 23.9m eps 0.010 pairs_len 102 wins A/B/draw 157/141/2 loss 0.0520 item_loss 0.02162 items: used 0.24 of rows-with-items, k>0 503, thrown 876/1310
rnd 45100 steps 5.77M t 24.1m eps 0.010 pairs_len 104 wins A/B/draw 164/134/2 loss 0.0520 item_loss 0.02129 items: used 0.24 of rows-with-items, k>0 530, thrown 941/1365
rnd 45200 steps 5.79M t 24.3m eps 0.010 pairs_len 105 wins A/B/draw 168/131/1 loss 0.0522 item_loss 0.02118 items: used 0.23 of rows-with-items, k>0 648, thrown 954/1422
rnd 45300 steps 5.80M t 24.4m eps 0.010 pairs_len 109 wins A/B/draw 160/140/0 loss 0.0521 item_loss 0.02115 items: used 0.24 of rows-with-items, k>0 600, thrown 953/1406
rnd 45400 steps 5.81M t 24.6m eps 0.010 pairs_len 108 wins A/B/draw 157/143/0 loss 0.0523 item_loss 0.02174 items: used 0.24 of rows-with-items, k>0 505, thrown 856/1268
rnd 45500 steps 5.82M t 24.7m eps 0.010 pairs_len 109 wins A/B/draw 153/146/1 loss 0.0527 item_loss 0.02258 items: used 0.24 of rows-with-items, k>0 535, thrown 881/1315
rnd 45600 steps 5.84M t 25.0m eps 0.010 pairs_len 107 wins A/B/draw 155/143/2 loss 0.0529 item_loss 0.02232 items: used 0.24 of rows-with-items, k>0 552, thrown 933/1373
rnd 45700 steps 5.85M t 25.2m eps 0.010 pairs_len 104 wins A/B/draw 148/149/3 loss 0.0529 item_loss 0.02211 items: used 0.26 of rows-with-items, k>0 496, thrown 907/1305
rnd 45800 steps 5.86M t 25.3m eps 0.010 pairs_len 102 wins A/B/draw 148/149/3 loss 0.0532 item_loss 0.02255 items: used 0.22 of rows-with-items, k>0 563, thrown 900/1288
rnd 45900 steps 5.88M t 25.5m eps 0.010 pairs_len 99 wins A/B/draw 156/142/2 loss 0.0530 item_loss 0.02218 items: used 0.23 of rows-with-items, k>0 590, thrown 901/1335
rnd 46000 steps 5.89M t 25.7m eps 0.010 pairs_len 98 wins A/B/draw 156/144/0 loss 0.0530 item_loss 0.02253 items: used 0.25 of rows-with-items, k>0 559, thrown 943/1377
rnd 46100 steps 5.90M t 25.9m eps 0.010 pairs_len 99 wins A/B/draw 157/143/0 loss 0.0531 item_loss 0.02251 items: used 0.25 of rows-with-items, k>0 608, thrown 960/1401
rnd 46200 steps 5.91M t 26.0m eps 0.010 pairs_len 102 wins A/B/draw 158/142/0 loss 0.0533 item_loss 0.02282 items: used 0.24 of rows-with-items, k>0 551, thrown 913/1352
rnd 46300 steps 5.93M t 26.2m eps 0.010 pairs_len 105 wins A/B/draw 149/150/1 loss 0.0535 item_loss 0.02309 items: used 0.25 of rows-with-items, k>0 517, thrown 898/1306
rnd 46400 steps 5.94M t 26.3m eps 0.010 pairs_len 108 wins A/B/draw 151/148/1 loss 0.0536 item_loss 0.02279 items: used 0.25 of rows-with-items, k>0 570, thrown 952/1372
rnd 46500 steps 5.95M t 26.5m eps 0.010 pairs_len 107 wins A/B/draw 148/151/1 loss 0.0541 item_loss 0.02300 items: used 0.22 of rows-with-items, k>0 567, thrown 867/1295
rnd 46600 steps 5.96M t 26.7m eps 0.010 pairs_len 104 wins A/B/draw 155/144/1 loss 0.0538 item_loss 0.02278 items: used 0.26 of rows-with-items, k>0 551, thrown 920/1324
rnd 46700 steps 5.98M t 26.8m eps 0.010 pairs_len 102 wins A/B/draw 156/143/1 loss 0.0541 item_loss 0.02337 items: used 0.25 of rows-with-items, k>0 552, thrown 947/1350
rnd 46800 steps 5.99M t 27.0m eps 0.010 pairs_len 100 wins A/B/draw 151/148/1 loss 0.0542 item_loss 0.02334 items: used 0.25 of rows-with-items, k>0 543, thrown 946/1376
rnd 46900 steps 6.00M t 27.3m eps 0.010 pairs_len 101 wins A/B/draw 147/151/2 loss 0.0543 item_loss 0.02341 items: used 0.26 of rows-with-items, k>0 490, thrown 883/1304
rnd 47000 steps 6.02M t 27.4m eps 0.010 pairs_len 100 wins A/B/draw 139/160/1 loss 0.0548 item_loss 0.02378 items: used 0.23 of rows-with-items, k>0 559, thrown 936/1351
rnd 47100 steps 6.03M t 27.6m eps 0.010 pairs_len 100 wins A/B/draw 143/156/1 loss 0.0551 item_loss 0.02359 items: used 0.25 of rows-with-items, k>0 533, thrown 907/1348
rnd 47200 steps 6.04M t 27.8m eps 0.010 pairs_len 103 wins A/B/draw 146/153/1 loss 0.0551 item_loss 0.02305 items: used 0.25 of rows-with-items, k>0 610, thrown 980/1433
rnd 47300 steps 6.05M t 27.9m eps 0.010 pairs_len 107 wins A/B/draw 160/140/0 loss 0.0561 item_loss 0.02290 items: used 0.24 of rows-with-items, k>0 506, thrown 904/1327
rnd 47400 steps 6.07M t 28.1m eps 0.010 pairs_len 109 wins A/B/draw 155/145/0 loss 0.0561 item_loss 0.02255 items: used 0.25 of rows-with-items, k>0 583, thrown 927/1421
rnd 47500 steps 6.08M t 28.2m eps 0.010 pairs_len 108 wins A/B/draw 152/148/0 loss 0.0566 item_loss 0.02262 items: used 0.26 of rows-with-items, k>0 521, thrown 937/1369
rnd 47600 steps 6.09M t 28.4m eps 0.010 pairs_len 106 wins A/B/draw 150/150/0 loss 0.0566 item_loss 0.02218 items: used 0.25 of rows-with-items, k>0 514, thrown 883/1309
rnd 47700 steps 6.11M t 28.6m eps 0.010 pairs_len 104 wins A/B/draw 149/151/0 loss 0.0564 item_loss 0.02232 items: used 0.25 of rows-with-items, k>0 588, thrown 955/1388
rnd 47800 steps 6.12M t 28.7m eps 0.010 pairs_len 105 wins A/B/draw 150/150/0 loss 0.0563 item_loss 0.02242 items: used 0.24 of rows-with-items, k>0 628, thrown 954/1430
rnd 47900 steps 6.13M t 28.9m eps 0.010 pairs_len 107 wins A/B/draw 154/146/0 loss 0.0566 item_loss 0.02299 items: used 0.21 of rows-with-items, k>0 567, thrown 859/1276
rnd 48000 steps 6.14M t 29.1m eps 0.010 pairs_len 108 wins A/B/draw 153/147/0 loss 0.0562 item_loss 0.02328 items: used 0.24 of rows-with-items, k>0 515, thrown 935/1340
rnd 48100 steps 6.16M t 29.3m eps 0.010 pairs_len 103 wins A/B/draw 144/156/0 loss 0.0560 item_loss 0.02293 items: used 0.24 of rows-with-items, k>0 548, thrown 897/1323
rnd 48200 steps 6.17M t 29.5m eps 0.010 pairs_len 103 wins A/B/draw 145/155/0 loss 0.0558 item_loss 0.02289 items: used 0.22 of rows-with-items, k>0 607, thrown 903/1301
rnd 48300 steps 6.18M t 29.7m eps 0.010 pairs_len 105 wins A/B/draw 142/157/1 loss 0.0558 item_loss 0.02313 items: used 0.24 of rows-with-items, k>0 604, thrown 940/1363
rnd 48400 steps 6.20M t 29.9m eps 0.010 pairs_len 104 wins A/B/draw 142/157/1 loss 0.0558 item_loss 0.02353 items: used 0.24 of rows-with-items, k>0 577, thrown 929/1384
rnd 48500 steps 6.21M t 30.1m eps 0.010 pairs_len 103 wins A/B/draw 153/146/1 loss 0.0561 item_loss 0.02336 items: used 0.24 of rows-with-items, k>0 546, thrown 915/1363
rnd 48600 steps 6.22M t 30.2m eps 0.010 pairs_len 103 wins A/B/draw 155/144/1 loss 0.0562 item_loss 0.02396 items: used 0.25 of rows-with-items, k>0 655, thrown 983/1406
rnd 48700 steps 6.23M t 30.4m eps 0.010 pairs_len 100 wins A/B/draw 157/142/1 loss 0.0560 item_loss 0.02427 items: used 0.24 of rows-with-items, k>0 583, thrown 931/1402
rnd 48800 steps 6.25M t 30.5m eps 0.010 pairs_len 104 wins A/B/draw 154/145/1 loss 0.0561 item_loss 0.02453 items: used 0.23 of rows-with-items, k>0 591, thrown 914/1347
rnd 48900 steps 6.26M t 30.7m eps 0.010 pairs_len 109 wins A/B/draw 150/149/1 loss 0.0563 item_loss 0.02441 items: used 0.24 of rows-with-items, k>0 619, thrown 955/1378
rnd 49000 steps 6.27M t 30.9m eps 0.010 pairs_len 110 wins A/B/draw 140/158/2 loss 0.0567 item_loss 0.02490 items: used 0.23 of rows-with-items, k>0 522, thrown 851/1305
rnd 49100 steps 6.28M t 31.1m eps 0.010 pairs_len 110 wins A/B/draw 138/161/1 loss 0.0568 item_loss 0.02478 items: used 0.24 of rows-with-items, k>0 572, thrown 938/1361
rnd 49200 steps 6.30M t 31.2m eps 0.010 pairs_len 110 wins A/B/draw 133/166/1 loss 0.0573 item_loss 0.02492 items: used 0.24 of rows-with-items, k>0 655, thrown 975/1429
rnd 49300 steps 6.31M t 31.3m eps 0.010 pairs_len 108 wins A/B/draw 128/171/1 loss 0.0575 item_loss 0.02445 items: used 0.24 of rows-with-items, k>0 595, thrown 928/1412
rnd 49400 steps 6.32M t 31.3m eps 0.010 pairs_len 110 wins A/B/draw 135/164/1 loss 0.0578 item_loss 0.02473 items: used 0.25 of rows-with-items, k>0 607, thrown 947/1406
rnd 49500 steps 6.34M t 31.3m eps 0.010 pairs_len 109 wins A/B/draw 136/163/1 loss 0.0577 item_loss 0.02552 items: used 0.26 of rows-with-items, k>0 607, thrown 1006/1459
rnd 49600 steps 6.35M t 31.4m eps 0.010 pairs_len 105 wins A/B/draw 153/146/1 loss 0.0580 item_loss 0.02559 items: used 0.25 of rows-with-items, k>0 567, thrown 920/1321
rnd 49700 steps 6.36M t 31.4m eps 0.010 pairs_len 101 wins A/B/draw 154/145/1 loss 0.0579 item_loss 0.02546 items: used 0.24 of rows-with-items, k>0 596, thrown 923/1337
rnd 49800 steps 6.37M t 31.5m eps 0.010 pairs_len 101 wins A/B/draw 162/138/0 loss 0.0579 item_loss 0.02552 items: used 0.25 of rows-with-items, k>0 586, thrown 980/1429
EVAL battle-net(A) vs solo-net + old rule(B): {'win': 0.7291666666666666, 'lose': 0.2708333333333333, 'draw': 0.0, 'games': 96, 'mean_len': 82.5}
rnd 49900 steps 6.39M t 31.5m eps 0.010 pairs_len 102 wins A/B/draw 160/140/0 loss 0.0583 item_loss 0.02533 items: used 0.23 of rows-with-items, k>0 523, thrown 864/1257
rnd 50000 steps 6.40M t 31.6m eps 0.010 pairs_len 104 wins A/B/draw 155/145/0 loss 0.0580 item_loss 0.02474 items: used 0.23 of rows-with-items, k>0 633, thrown 937/1388
rnd 50100 steps 6.41M t 31.6m eps 0.010 pairs_len 103 wins A/B/draw 150/149/1 loss 0.0581 item_loss 0.02510 items: used 0.24 of rows-with-items, k>0 620, thrown 1011/1403
rnd 50200 steps 6.43M t 31.7m eps 0.010 pairs_len 101 wins A/B/draw 149/149/2 loss 0.0582 item_loss 0.02469 items: used 0.24 of rows-with-items, k>0 577, thrown 931/1374
rnd 50300 steps 6.44M t 31.7m eps 0.010 pairs_len 103 wins A/B/draw 149/149/2 loss 0.0583 item_loss 0.02462 items: used 0.26 of rows-with-items, k>0 531, thrown 910/1319
rnd 50400 steps 6.45M t 31.8m eps 0.010 pairs_len 103 wins A/B/draw 151/146/3 loss 0.0581 item_loss 0.02431 items: used 0.26 of rows-with-items, k>0 648, thrown 1003/1480
rnd 50500 steps 6.46M t 31.8m eps 0.010 pairs_len 106 wins A/B/draw 151/146/3 loss 0.0585 item_loss 0.02432 items: used 0.26 of rows-with-items, k>0 615, thrown 970/1424
rnd 50600 steps 6.48M t 31.8m eps 0.010 pairs_len 112 wins A/B/draw 147/150/3 loss 0.0587 item_loss 0.02464 items: used 0.25 of rows-with-items, k>0 614, thrown 985/1444
rnd 50700 steps 6.49M t 31.8m eps 0.010 pairs_len 110 wins A/B/draw 141/156/3 loss 0.0590 item_loss 0.02470 items: used 0.24 of rows-with-items, k>0 616, thrown 959/1379
rnd 50800 steps 6.50M t 31.9m eps 0.010 pairs_len 111 wins A/B/draw 145/152/3 loss 0.0588 item_loss 0.02494 items: used 0.24 of rows-with-items, k>0 657, thrown 998/1459
rnd 50900 steps 6.52M t 31.9m eps 0.010 pairs_len 109 wins A/B/draw 149/149/2 loss 0.0587 item_loss 0.02480 items: used 0.23 of rows-with-items, k>0 621, thrown 882/1380
rnd 51000 steps 6.53M t 31.9m eps 0.010 pairs_len 107 wins A/B/draw 153/146/1 loss 0.0589 item_loss 0.02471 items: used 0.24 of rows-with-items, k>0 606, thrown 925/1373
rnd 51100 steps 6.54M t 32.0m eps 0.010 pairs_len 105 wins A/B/draw 154/145/1 loss 0.0591 item_loss 0.02454 items: used 0.25 of rows-with-items, k>0 596, thrown 981/1430
rnd 51200 steps 6.55M t 32.0m eps 0.010 pairs_len 105 wins A/B/draw 155/145/0 loss 0.0590 item_loss 0.02451 items: used 0.26 of rows-with-items, k>0 565, thrown 924/1376
rnd 51300 steps 6.57M t 32.0m eps 0.010 pairs_len 104 wins A/B/draw 157/143/0 loss 0.0593 item_loss 0.02469 items: used 0.25 of rows-with-items, k>0 551, thrown 919/1304
rnd 51400 steps 6.58M t 32.1m eps 0.010 pairs_len 105 wins A/B/draw 159/141/0 loss 0.0594 item_loss 0.02511 items: used 0.24 of rows-with-items, k>0 583, thrown 953/1395
rnd 51500 steps 6.59M t 32.1m eps 0.010 pairs_len 107 wins A/B/draw 159/140/1 loss 0.0601 item_loss 0.02484 items: used 0.25 of rows-with-items, k>0 620, thrown 967/1406
rnd 51600 steps 6.60M t 32.2m eps 0.010 pairs_len 106 wins A/B/draw 158/141/1 loss 0.0597 item_loss 0.02480 items: used 0.25 of rows-with-items, k>0 642, thrown 970/1428
rnd 51700 steps 6.62M t 32.2m eps 0.010 pairs_len 108 wins A/B/draw 147/152/1 loss 0.0599 item_loss 0.02470 items: used 0.26 of rows-with-items, k>0 561, thrown 952/1398
rnd 51800 steps 6.63M t 32.2m eps 0.010 pairs_len 105 wins A/B/draw 141/159/0 loss 0.0601 item_loss 0.02532 items: used 0.25 of rows-with-items, k>0 580, thrown 905/1346
rnd 51900 steps 6.64M t 32.2m eps 0.010 pairs_len 105 wins A/B/draw 148/152/0 loss 0.0602 item_loss 0.02466 items: used 0.24 of rows-with-items, k>0 622, thrown 935/1360
rnd 52000 steps 6.66M t 32.3m eps 0.010 pairs_len 101 wins A/B/draw 150/150/0 loss 0.0600 item_loss 0.02498 items: used 0.24 of rows-with-items, k>0 564, thrown 942/1325
rnd 52100 steps 6.67M t 32.3m eps 0.010 pairs_len 99 wins A/B/draw 160/140/0 loss 0.0603 item_loss 0.02504 items: used 0.25 of rows-with-items, k>0 696, thrown 1002/1493
rnd 52200 steps 6.68M t 32.3m eps 0.010 pairs_len 100 wins A/B/draw 162/138/0 loss 0.0599 item_loss 0.02483 items: used 0.25 of rows-with-items, k>0 621, thrown 987/1462
rnd 52300 steps 6.69M t 32.4m eps 0.010 pairs_len 105 wins A/B/draw 163/136/1 loss 0.0595 item_loss 0.02474 items: used 0.27 of rows-with-items, k>0 522, thrown 954/1389
rnd 52400 steps 6.71M t 32.4m eps 0.010 pairs_len 108 wins A/B/draw 152/147/1 loss 0.0595 item_loss 0.02465 items: used 0.23 of rows-with-items, k>0 606, thrown 965/1396
rnd 52500 steps 6.72M t 32.4m eps 0.010 pairs_len 113 wins A/B/draw 150/149/1 loss 0.0598 item_loss 0.02481 items: used 0.25 of rows-with-items, k>0 653, thrown 1004/1462
rnd 52600 steps 6.73M t 32.5m eps 0.010 pairs_len 113 wins A/B/draw 161/138/1 loss 0.0602 item_loss 0.02498 items: used 0.24 of rows-with-items, k>0 629, thrown 962/1394
rnd 52700 steps 6.75M t 32.5m eps 0.010 pairs_len 109 wins A/B/draw 152/148/0 loss 0.0600 item_loss 0.02517 items: used 0.23 of rows-with-items, k>0 583, thrown 903/1337
rnd 52800 steps 6.76M t 32.5m eps 0.010 pairs_len 105 wins A/B/draw 162/138/0 loss 0.0596 item_loss 0.02474 items: used 0.23 of rows-with-items, k>0 584, thrown 923/1325
rnd 52900 steps 6.77M t 32.6m eps 0.010 pairs_len 101 wins A/B/draw 159/140/1 loss 0.0592 item_loss 0.02487 items: used 0.22 of rows-with-items, k>0 630, thrown 984/1401
rnd 53000 steps 6.78M t 32.6m eps 0.010 pairs_len 98 wins A/B/draw 142/157/1 loss 0.0594 item_loss 0.02500 items: used 0.24 of rows-with-items, k>0 584, thrown 899/1336
rnd 53100 steps 6.80M t 32.6m eps 0.010 pairs_len 96 wins A/B/draw 138/161/1 loss 0.0595 item_loss 0.02500 items: used 0.22 of rows-with-items, k>0 627, thrown 910/1355
rnd 53200 steps 6.81M t 32.7m eps 0.010 pairs_len 100 wins A/B/draw 128/171/1 loss 0.0596 item_loss 0.02530 items: used 0.26 of rows-with-items, k>0 579, thrown 962/1377
rnd 53300 steps 6.82M t 32.8m eps 0.010 pairs_len 100 wins A/B/draw 132/168/0 loss 0.0599 item_loss 0.02575 items: used 0.25 of rows-with-items, k>0 587, thrown 998/1432
rnd 53400 steps 6.84M t 32.9m eps 0.010 pairs_len 102 wins A/B/draw 141/159/0 loss 0.0595 item_loss 0.02626 items: used 0.25 of rows-with-items, k>0 662, thrown 1032/1495
rnd 53500 steps 6.85M t 33.1m eps 0.010 pairs_len 107 wins A/B/draw 152/147/1 loss 0.0599 item_loss 0.02691 items: used 0.25 of rows-with-items, k>0 525, thrown 937/1334
rnd 53600 steps 6.86M t 33.1m eps 0.010 pairs_len 107 wins A/B/draw 147/152/1 loss 0.0601 item_loss 0.02711 items: used 0.24 of rows-with-items, k>0 596, thrown 980/1418
rnd 53700 steps 6.87M t 33.2m eps 0.010 pairs_len 109 wins A/B/draw 149/150/1 loss 0.0597 item_loss 0.02759 items: used 0.24 of rows-with-items, k>0 632, thrown 967/1416
rnd 53800 steps 6.89M t 33.2m eps 0.010 pairs_len 108 wins A/B/draw 146/151/3 loss 0.0596 item_loss 0.02702 items: used 0.23 of rows-with-items, k>0 675, thrown 939/1378
rnd 53900 steps 6.90M t 33.3m eps 0.010 pairs_len 106 wins A/B/draw 145/153/2 loss 0.0600 item_loss 0.02731 items: used 0.24 of rows-with-items, k>0 603, thrown 968/1379
rnd 54000 steps 6.91M t 33.3m eps 0.010 pairs_len 108 wins A/B/draw 151/147/2 loss 0.0597 item_loss 0.02744 items: used 0.25 of rows-with-items, k>0 715, thrown 1021/1523
rnd 54100 steps 6.92M t 33.4m eps 0.010 pairs_len 109 wins A/B/draw 151/147/2 loss 0.0594 item_loss 0.02676 items: used 0.24 of rows-with-items, k>0 733, thrown 992/1486
rnd 54200 steps 6.94M t 33.4m eps 0.010 pairs_len 108 wins A/B/draw 154/146/0 loss 0.0597 item_loss 0.02727 items: used 0.22 of rows-with-items, k>0 637, thrown 945/1369
rnd 54300 steps 6.95M t 33.4m eps 0.010 pairs_len 108 wins A/B/draw 153/147/0 loss 0.0597 item_loss 0.02760 items: used 0.22 of rows-with-items, k>0 711, thrown 968/1418
rnd 54400 steps 6.96M t 33.5m eps 0.010 pairs_len 108 wins A/B/draw 151/149/0 loss 0.0599 item_loss 0.02751 items: used 0.27 of rows-with-items, k>0 575, thrown 926/1381
rnd 54500 steps 6.98M t 33.5m eps 0.010 pairs_len 107 wins A/B/draw 158/141/1 loss 0.0603 item_loss 0.02697 items: used 0.24 of rows-with-items, k>0 569, thrown 965/1391
rnd 54600 steps 6.99M t 33.5m eps 0.010 pairs_len 107 wins A/B/draw 158/141/1 loss 0.0603 item_loss 0.02657 items: used 0.24 of rows-with-items, k>0 611, thrown 949/1397
rnd 54700 steps 7.00M t 33.6m eps 0.010 pairs_len 107 wins A/B/draw 159/140/1 loss 0.0604 item_loss 0.02617 items: used 0.24 of rows-with-items, k>0 618, thrown 926/1355
rnd 54800 steps 7.01M t 33.6m eps 0.010 pairs_len 106 wins A/B/draw 158/141/1 loss 0.0598 item_loss 0.02623 items: used 0.24 of rows-with-items, k>0 704, thrown 1008/1456
rnd 54900 steps 7.03M t 33.6m eps 0.010 pairs_len 107 wins A/B/draw 148/151/1 loss 0.0595 item_loss 0.02624 items: used 0.25 of rows-with-items, k>0 681, thrown 1028/1489
rnd 55000 steps 7.04M t 33.7m eps 0.010 pairs_len 107 wins A/B/draw 142/156/2 loss 0.0597 item_loss 0.02630 items: used 0.24 of rows-with-items, k>0 656, thrown 1002/1464
rnd 55100 steps 7.05M t 33.7m eps 0.010 pairs_len 110 wins A/B/draw 142/156/2 loss 0.0598 item_loss 0.02691 items: used 0.26 of rows-with-items, k>0 626, thrown 988/1481
rnd 55200 steps 7.07M t 33.7m eps 0.010 pairs_len 110 wins A/B/draw 148/150/2 loss 0.0601 item_loss 0.02689 items: used 0.23 of rows-with-items, k>0 677, thrown 963/1405
rnd 55300 steps 7.08M t 33.8m eps 0.010 pairs_len 109 wins A/B/draw 150/148/2 loss 0.0604 item_loss 0.02663 items: used 0.25 of rows-with-items, k>0 620, thrown 997/1442
rnd 55400 steps 7.09M t 33.8m eps 0.010 pairs_len 106 wins A/B/draw 143/156/1 loss 0.0610 item_loss 0.02643 items: used 0.26 of rows-with-items, k>0 605, thrown 955/1387
rnd 55500 steps 7.10M t 33.8m eps 0.010 pairs_len 104 wins A/B/draw 149/150/1 loss 0.0613 item_loss 0.02651 items: used 0.23 of rows-with-items, k>0 572, thrown 925/1340
rnd 55600 steps 7.12M t 33.9m eps 0.010 pairs_len 105 wins A/B/draw 144/156/0 loss 0.0613 item_loss 0.02646 items: used 0.24 of rows-with-items, k>0 721, thrown 1047/1526
rnd 55700 steps 7.13M t 33.9m eps 0.010 pairs_len 105 wins A/B/draw 152/148/0 loss 0.0613 item_loss 0.02750 items: used 0.22 of rows-with-items, k>0 624, thrown 942/1346
rnd 55800 steps 7.14M t 33.9m eps 0.010 pairs_len 106 wins A/B/draw 152/148/0 loss 0.0612 item_loss 0.02759 items: used 0.22 of rows-with-items, k>0 653, thrown 974/1402
rnd 55900 steps 7.16M t 34.0m eps 0.010 pairs_len 108 wins A/B/draw 145/155/0 loss 0.0612 item_loss 0.02750 items: used 0.24 of rows-with-items, k>0 643, thrown 1006/1477
rnd 56000 steps 7.17M t 34.0m eps 0.010 pairs_len 109 wins A/B/draw 145/155/0 loss 0.0608 item_loss 0.02766 items: used 0.24 of rows-with-items, k>0 618, thrown 915/1374
rnd 56100 steps 7.18M t 34.0m eps 0.010 pairs_len 110 wins A/B/draw 144/155/1 loss 0.0611 item_loss 0.02785 items: used 0.25 of rows-with-items, k>0 610, thrown 966/1407
rnd 56200 steps 7.19M t 34.1m eps 0.010 pairs_len 111 wins A/B/draw 142/156/2 loss 0.0609 item_loss 0.02821 items: used 0.23 of rows-with-items, k>0 721, thrown 980/1485
rnd 56300 steps 7.21M t 34.1m eps 0.010 pairs_len 110 wins A/B/draw 152/146/2 loss 0.0610 item_loss 0.02884 items: used 0.25 of rows-with-items, k>0 587, thrown 953/1372
rnd 56400 steps 7.22M t 34.1m eps 0.010 pairs_len 115 wins A/B/draw 152/144/4 loss 0.0610 item_loss 0.02891 items: used 0.24 of rows-with-items, k>0 639, thrown 967/1414
rnd 56500 steps 7.23M t 34.1m eps 0.010 pairs_len 116 wins A/B/draw 163/132/5 loss 0.0614 item_loss 0.02907 items: used 0.22 of rows-with-items, k>0 719, thrown 985/1487
rnd 56600 steps 7.24M t 34.2m eps 0.010 pairs_len 120 wins A/B/draw 170/126/4 loss 0.0614 item_loss 0.02893 items: used 0.23 of rows-with-items, k>0 638, thrown 929/1399
rnd 56700 steps 7.26M t 34.2m eps 0.010 pairs_len 120 wins A/B/draw 161/134/5 loss 0.0615 item_loss 0.02818 items: used 0.24 of rows-with-items, k>0 644, thrown 959/1435
rnd 56800 steps 7.27M t 34.2m eps 0.010 pairs_len 119 wins A/B/draw 165/132/3 loss 0.0613 item_loss 0.02747 items: used 0.24 of rows-with-items, k>0 601, thrown 932/1383
rnd 56900 steps 7.28M t 34.3m eps 0.010 pairs_len 117 wins A/B/draw 160/139/1 loss 0.0612 item_loss 0.02792 items: used 0.22 of rows-with-items, k>0 588, thrown 872/1303
rnd 57000 steps 7.30M t 34.3m eps 0.010 pairs_len 114 wins A/B/draw 160/139/1 loss 0.0611 item_loss 0.02863 items: used 0.23 of rows-with-items, k>0 641, thrown 940/1391
rnd 57100 steps 7.31M t 34.3m eps 0.010 pairs_len 117 wins A/B/draw 166/134/0 loss 0.0612 item_loss 0.02890 items: used 0.23 of rows-with-items, k>0 619, thrown 943/1397
rnd 57200 steps 7.32M t 34.4m eps 0.010 pairs_len 113 wins A/B/draw 162/138/0 loss 0.0614 item_loss 0.02866 items: used 0.24 of rows-with-items, k>0 606, thrown 951/1399
rnd 57300 steps 7.33M t 34.5m eps 0.010 pairs_len 112 wins A/B/draw 147/153/0 loss 0.0617 item_loss 0.02875 items: used 0.24 of rows-with-items, k>0 605, thrown 915/1375
rnd 57400 steps 7.35M t 34.7m eps 0.010 pairs_len 106 wins A/B/draw 141/159/0 loss 0.0617 item_loss 0.02856 items: used 0.24 of rows-with-items, k>0 564, thrown 919/1336
rnd 57500 steps 7.36M t 34.8m eps 0.010 pairs_len 105 wins A/B/draw 128/170/2 loss 0.0615 item_loss 0.02851 items: used 0.25 of rows-with-items, k>0 615, thrown 990/1443
rnd 57600 steps 7.37M t 34.8m eps 0.010 pairs_len 106 wins A/B/draw 126/171/3 loss 0.0615 item_loss 0.02820 items: used 0.25 of rows-with-items, k>0 624, thrown 984/1405
rnd 57700 steps 7.39M t 34.9m eps 0.010 pairs_len 106 wins A/B/draw 129/168/3 loss 0.0613 item_loss 0.02768 items: used 0.23 of rows-with-items, k>0 641, thrown 982/1424
rnd 57800 steps 7.40M t 34.9m eps 0.010 pairs_len 104 wins A/B/draw 135/164/1 loss 0.0614 item_loss 0.02764 items: used 0.24 of rows-with-items, k>0 626, thrown 969/1421
rnd 57900 steps 7.41M t 35.0m eps 0.010 pairs_len 103 wins A/B/draw 137/163/0 loss 0.0616 item_loss 0.02723 items: used 0.23 of rows-with-items, k>0 536, thrown 919/1375
rnd 58000 steps 7.42M t 35.0m eps 0.010 pairs_len 104 wins A/B/draw 142/157/1 loss 0.0618 item_loss 0.02755 items: used 0.23 of rows-with-items, k>0 604, thrown 882/1310
rnd 58100 steps 7.44M t 35.1m eps 0.010 pairs_len 104 wins A/B/draw 154/143/3 loss 0.0623 item_loss 0.02730 items: used 0.25 of rows-with-items, k>0 568, thrown 956/1439
rnd 58200 steps 7.45M t 35.1m eps 0.010 pairs_len 106 wins A/B/draw 145/152/3 loss 0.0626 item_loss 0.02737 items: used 0.25 of rows-with-items, k>0 651, thrown 978/1450
rnd 58300 steps 7.46M t 35.1m eps 0.010 pairs_len 105 wins A/B/draw 150/148/2 loss 0.0623 item_loss 0.02770 items: used 0.24 of rows-with-items, k>0 625, thrown 965/1427
rnd 58400 steps 7.48M t 35.2m eps 0.010 pairs_len 103 wins A/B/draw 152/146/2 loss 0.0630 item_loss 0.02801 items: used 0.24 of rows-with-items, k>0 586, thrown 975/1443
rnd 58500 steps 7.49M t 35.2m eps 0.010 pairs_len 102 wins A/B/draw 150/149/1 loss 0.0628 item_loss 0.02770 items: used 0.26 of rows-with-items, k>0 576, thrown 926/1403
rnd 58600 steps 7.50M t 35.2m eps 0.010 pairs_len 103 wins A/B/draw 152/147/1 loss 0.0633 item_loss 0.02712 items: used 0.23 of rows-with-items, k>0 711, thrown 959/1440
rnd 58700 steps 7.51M t 35.3m eps 0.010 pairs_len 104 wins A/B/draw 144/154/2 loss 0.0635 item_loss 0.02727 items: used 0.24 of rows-with-items, k>0 684, thrown 966/1435
rnd 58800 steps 7.53M t 35.3m eps 0.010 pairs_len 105 wins A/B/draw 145/153/2 loss 0.0631 item_loss 0.02728 items: used 0.24 of rows-with-items, k>0 640, thrown 978/1426
rnd 58900 steps 7.54M t 35.3m eps 0.010 pairs_len 104 wins A/B/draw 143/156/1 loss 0.0631 item_loss 0.02731 items: used 0.23 of rows-with-items, k>0 629, thrown 990/1447
rnd 59000 steps 7.55M t 35.4m eps 0.010 pairs_len 103 wins A/B/draw 152/146/2 loss 0.0631 item_loss 0.02750 items: used 0.24 of rows-with-items, k>0 586, thrown 961/1394
rnd 59100 steps 7.56M t 35.4m eps 0.010 pairs_len 107 wins A/B/draw 161/138/1 loss 0.0630 item_loss 0.02735 items: used 0.25 of rows-with-items, k>0 571, thrown 948/1414
rnd 59200 steps 7.58M t 35.4m eps 0.010 pairs_len 110 wins A/B/draw 163/135/2 loss 0.0628 item_loss 0.02840 items: used 0.24 of rows-with-items, k>0 657, thrown 982/1447
rnd 59300 steps 7.59M t 35.5m eps 0.010 pairs_len 114 wins A/B/draw 159/139/2 loss 0.0628 item_loss 0.02805 items: used 0.24 of rows-with-items, k>0 681, thrown 996/1473
rnd 59400 steps 7.60M t 35.5m eps 0.010 pairs_len 116 wins A/B/draw 155/143/2 loss 0.0633 item_loss 0.02946 items: used 0.26 of rows-with-items, k>0 563, thrown 940/1418
rnd 59500 steps 7.62M t 35.5m eps 0.010 pairs_len 112 wins A/B/draw 156/143/1 loss 0.0635 item_loss 0.02930 items: used 0.24 of rows-with-items, k>0 646, thrown 998/1455
rnd 59600 steps 7.63M t 35.6m eps 0.010 pairs_len 110 wins A/B/draw 153/147/0 loss 0.0634 item_loss 0.02971 items: used 0.24 of rows-with-items, k>0 633, thrown 1017/1468
rnd 59700 steps 7.64M t 35.6m eps 0.010 pairs_len 109 wins A/B/draw 156/143/1 loss 0.0638 item_loss 0.02992 items: used 0.24 of rows-with-items, k>0 550, thrown 878/1347
rnd 59800 steps 7.65M t 35.6m eps 0.010 pairs_len 110 wins A/B/draw 159/140/1 loss 0.0641 item_loss 0.02957 items: used 0.22 of rows-with-items, k>0 665, thrown 945/1398
rnd 59900 steps 7.67M t 35.7m eps 0.010 pairs_len 113 wins A/B/draw 161/138/1 loss 0.0638 item_loss 0.02937 items: used 0.26 of rows-with-items, k>0 664, thrown 965/1514
rnd 60000 steps 7.68M t 35.7m eps 0.010 pairs_len 115 wins A/B/draw 164/135/1 loss 0.0633 item_loss 0.02993 items: used 0.26 of rows-with-items, k>0 632, thrown 995/1494
rnd 60100 steps 7.69M t 35.7m eps 0.010 pairs_len 118 wins A/B/draw 167/132/1 loss 0.0635 item_loss 0.02974 items: used 0.25 of rows-with-items, k>0 612, thrown 930/1408
rnd 60200 steps 7.71M t 35.7m eps 0.010 pairs_len 118 wins A/B/draw 168/131/1 loss 0.0634 item_loss 0.02979 items: used 0.23 of rows-with-items, k>0 586, thrown 946/1416
rnd 60300 steps 7.72M t 35.8m eps 0.010 pairs_len 118 wins A/B/draw 167/132/1 loss 0.0632 item_loss 0.02940 items: used 0.26 of rows-with-items, k>0 590, thrown 999/1452
rnd 60400 steps 7.73M t 35.8m eps 0.010 pairs_len 117 wins A/B/draw 152/146/2 loss 0.0636 item_loss 0.02937 items: used 0.24 of rows-with-items, k>0 638, thrown 970/1412
rnd 60500 steps 7.74M t 35.8m eps 0.010 pairs_len 110 wins A/B/draw 152/146/2 loss 0.0638 item_loss 0.02934 items: used 0.24 of rows-with-items, k>0 577, thrown 926/1379
rnd 60600 steps 7.76M t 35.9m eps 0.010 pairs_len 103 wins A/B/draw 154/144/2 loss 0.0636 item_loss 0.03000 items: used 0.25 of rows-with-items, k>0 596, thrown 968/1437
rnd 60700 steps 7.77M t 35.9m eps 0.010 pairs_len 101 wins A/B/draw 156/142/2 loss 0.0639 item_loss 0.02964 items: used 0.23 of rows-with-items, k>0 638, thrown 937/1418
rnd 60800 steps 7.78M t 35.9m eps 0.010 pairs_len 99 wins A/B/draw 166/132/2 loss 0.0644 item_loss 0.02864 items: used 0.24 of rows-with-items, k>0 598, thrown 936/1390
rnd 60900 steps 7.80M t 35.9m eps 0.010 pairs_len 100 wins A/B/draw 155/142/3 loss 0.0643 item_loss 0.02852 items: used 0.23 of rows-with-items, k>0 610, thrown 998/1431
rnd 61000 steps 7.81M t 36.0m eps 0.010 pairs_len 102 wins A/B/draw 147/150/3 loss 0.0643 item_loss 0.02851 items: used 0.24 of rows-with-items, k>0 580, thrown 963/1402
rnd 61100 steps 7.82M t 36.0m eps 0.010 pairs_len 99 wins A/B/draw 157/141/2 loss 0.0646 item_loss 0.02838 items: used 0.24 of rows-with-items, k>0 585, thrown 926/1369
rnd 61200 steps 7.83M t 36.0m eps 0.010 pairs_len 100 wins A/B/draw 144/154/2 loss 0.0645 item_loss 0.02847 items: used 0.25 of rows-with-items, k>0 596, thrown 988/1463
rnd 61300 steps 7.85M t 36.1m eps 0.010 pairs_len 103 wins A/B/draw 152/148/0 loss 0.0644 item_loss 0.02921 items: used 0.24 of rows-with-items, k>0 632, thrown 956/1420
rnd 61400 steps 7.86M t 36.1m eps 0.010 pairs_len 105 wins A/B/draw 148/151/1 loss 0.0643 item_loss 0.02906 items: used 0.23 of rows-with-items, k>0 603, thrown 913/1381
rnd 61500 steps 7.87M t 36.3m eps 0.010 pairs_len 107 wins A/B/draw 142/157/1 loss 0.0651 item_loss 0.02961 items: used 0.23 of rows-with-items, k>0 560, thrown 932/1357
rnd 61600 steps 7.88M t 36.4m eps 0.010 pairs_len 105 wins A/B/draw 145/154/1 loss 0.0645 item_loss 0.02949 items: used 0.23 of rows-with-items, k>0 559, thrown 921/1346
rnd 61700 steps 7.90M t 36.5m eps 0.010 pairs_len 104 wins A/B/draw 156/144/0 loss 0.0644 item_loss 0.02969 items: used 0.25 of rows-with-items, k>0 628, thrown 1034/1498
rnd 61800 steps 7.91M t 36.5m eps 0.010 pairs_len 104 wins A/B/draw 163/137/0 loss 0.0639 item_loss 0.02981 items: used 0.24 of rows-with-items, k>0 629, thrown 960/1412
rnd 61900 steps 7.92M t 36.6m eps 0.010 pairs_len 106 wins A/B/draw 162/138/0 loss 0.0647 item_loss 0.02994 items: used 0.23 of rows-with-items, k>0 540, thrown 916/1332
rnd 62000 steps 7.94M t 36.6m eps 0.010 pairs_len 105 wins A/B/draw 164/136/0 loss 0.0649 item_loss 0.03011 items: used 0.23 of rows-with-items, k>0 640, thrown 964/1404
rnd 62100 steps 7.95M t 36.7m eps 0.010 pairs_len 105 wins A/B/draw 157/142/1 loss 0.0651 item_loss 0.02993 items: used 0.27 of rows-with-items, k>0 613, thrown 993/1490
rnd 62200 steps 7.96M t 36.7m eps 0.010 pairs_len 104 wins A/B/draw 150/149/1 loss 0.0647 item_loss 0.02887 items: used 0.24 of rows-with-items, k>0 601, thrown 962/1411
rnd 62300 steps 7.97M t 36.8m eps 0.010 pairs_len 103 wins A/B/draw 158/141/1 loss 0.0646 item_loss 0.02879 items: used 0.25 of rows-with-items, k>0 656, thrown 1012/1502
rnd 62400 steps 7.99M t 36.8m eps 0.010 pairs_len 104 wins A/B/draw 154/145/1 loss 0.0648 item_loss 0.02890 items: used 0.24 of rows-with-items, k>0 545, thrown 929/1366
rnd 62500 steps 8.00M t 36.9m eps 0.010 pairs_len 103 wins A/B/draw 156/143/1 loss 0.0653 item_loss 0.02870 items: used 0.24 of rows-with-items, k>0 604, thrown 987/1487
rnd 62600 steps 8.01M t 36.9m eps 0.010 pairs_len 104 wins A/B/draw 165/133/2 loss 0.0657 item_loss 0.02907 items: used 0.25 of rows-with-items, k>0 604, thrown 946/1420
rnd 62700 steps 8.03M t 36.9m eps 0.010 pairs_len 104 wins A/B/draw 155/143/2 loss 0.0657 item_loss 0.02839 items: used 0.24 of rows-with-items, k>0 648, thrown 970/1441
rnd 62800 steps 8.04M t 37.0m eps 0.010 pairs_len 104 wins A/B/draw 163/136/1 loss 0.0654 item_loss 0.02835 items: used 0.24 of rows-with-items, k>0 614, thrown 974/1430
rnd 62900 steps 8.05M t 37.0m eps 0.010 pairs_len 106 wins A/B/draw 155/144/1 loss 0.0652 item_loss 0.02840 items: used 0.26 of rows-with-items, k>0 591, thrown 990/1453
rnd 63000 steps 8.06M t 37.0m eps 0.010 pairs_len 105 wins A/B/draw 150/150/0 loss 0.0649 item_loss 0.02870 items: used 0.24 of rows-with-items, k>0 625, thrown 953/1429
rnd 63100 steps 8.08M t 37.1m eps 0.010 pairs_len 104 wins A/B/draw 155/145/0 loss 0.0644 item_loss 0.02926 items: used 0.22 of rows-with-items, k>0 621, thrown 963/1373
rnd 63200 steps 8.09M t 37.1m eps 0.010 pairs_len 105 wins A/B/draw 139/161/0 loss 0.0644 item_loss 0.02869 items: used 0.25 of rows-with-items, k>0 530, thrown 909/1362
rnd 63300 steps 8.10M t 37.1m eps 0.010 pairs_len 106 wins A/B/draw 138/161/1 loss 0.0647 item_loss 0.02845 items: used 0.24 of rows-with-items, k>0 649, thrown 980/1465
rnd 63400 steps 8.12M t 37.2m eps 0.010 pairs_len 106 wins A/B/draw 140/159/1 loss 0.0647 item_loss 0.02865 items: used 0.22 of rows-with-items, k>0 635, thrown 945/1380
rnd 63500 steps 8.13M t 37.2m eps 0.010 pairs_len 103 wins A/B/draw 147/152/1 loss 0.0647 item_loss 0.02832 items: used 0.22 of rows-with-items, k>0 614, thrown 962/1369
rnd 63600 steps 8.14M t 37.2m eps 0.010 pairs_len 102 wins A/B/draw 155/144/1 loss 0.0642 item_loss 0.02791 items: used 0.24 of rows-with-items, k>0 560, thrown 919/1323
rnd 63700 steps 8.15M t 37.3m eps 0.010 pairs_len 99 wins A/B/draw 152/148/0 loss 0.0643 item_loss 0.02839 items: used 0.23 of rows-with-items, k>0 601, thrown 975/1400
rnd 63800 steps 8.17M t 37.3m eps 0.010 pairs_len 102 wins A/B/draw 152/148/0 loss 0.0638 item_loss 0.02841 items: used 0.25 of rows-with-items, k>0 605, thrown 1017/1473
rnd 63900 steps 8.18M t 37.3m eps 0.010 pairs_len 103 wins A/B/draw 147/152/1 loss 0.0637 item_loss 0.02865 items: used 0.23 of rows-with-items, k>0 626, thrown 993/1410
rnd 64000 steps 8.19M t 37.4m eps 0.010 pairs_len 103 wins A/B/draw 144/155/1 loss 0.0636 item_loss 0.02915 items: used 0.23 of rows-with-items, k>0 647, thrown 1014/1478
rnd 64100 steps 8.20M t 37.4m eps 0.010 pairs_len 106 wins A/B/draw 147/152/1 loss 0.0636 item_loss 0.02932 items: used 0.22 of rows-with-items, k>0 587, thrown 954/1354
rnd 64200 steps 8.22M t 37.4m eps 0.010 pairs_len 107 wins A/B/draw 155/144/1 loss 0.0636 item_loss 0.02969 items: used 0.22 of rows-with-items, k>0 597, thrown 973/1415
rnd 64300 steps 8.23M t 37.5m eps 0.010 pairs_len 108 wins A/B/draw 164/135/1 loss 0.0635 item_loss 0.02940 items: used 0.24 of rows-with-items, k>0 527, thrown 950/1410
rnd 64400 steps 8.24M t 37.5m eps 0.010 pairs_len 107 wins A/B/draw 164/135/1 loss 0.0639 item_loss 0.02919 items: used 0.23 of rows-with-items, k>0 580, thrown 942/1382
rnd 64500 steps 8.26M t 37.5m eps 0.010 pairs_len 105 wins A/B/draw 152/147/1 loss 0.0636 item_loss 0.02983 items: used 0.23 of rows-with-items, k>0 588, thrown 948/1413
rnd 64600 steps 8.27M t 37.6m eps 0.010 pairs_len 101 wins A/B/draw 145/155/0 loss 0.0641 item_loss 0.02971 items: used 0.23 of rows-with-items, k>0 601, thrown 969/1394
rnd 64700 steps 8.28M t 37.6m eps 0.010 pairs_len 101 wins A/B/draw 140/159/1 loss 0.0642 item_loss 0.02919 items: used 0.21 of rows-with-items, k>0 536, thrown 860/1293
rnd 64800 steps 8.29M t 37.6m eps 0.010 pairs_len 101 wins A/B/draw 144/155/1 loss 0.0644 item_loss 0.02921 items: used 0.24 of rows-with-items, k>0 615, thrown 1016/1447
rnd 64900 steps 8.31M t 37.7m eps 0.010 pairs_len 102 wins A/B/draw 149/149/2 loss 0.0645 item_loss 0.02928 items: used 0.24 of rows-with-items, k>0 594, thrown 944/1421
rnd 65000 steps 8.32M t 37.7m eps 0.010 pairs_len 104 wins A/B/draw 143/155/2 loss 0.0650 item_loss 0.02950 items: used 0.24 of rows-with-items, k>0 586, thrown 953/1424
rnd 65100 steps 8.33M t 37.7m eps 0.010 pairs_len 105 wins A/B/draw 152/145/3 loss 0.0647 item_loss 0.02914 items: used 0.23 of rows-with-items, k>0 609, thrown 932/1357
rnd 65200 steps 8.35M t 37.7m eps 0.010 pairs_len 106 wins A/B/draw 151/146/3 loss 0.0646 item_loss 0.02974 items: used 0.25 of rows-with-items, k>0 570, thrown 934/1390
rnd 65300 steps 8.36M t 37.8m eps 0.010 pairs_len 108 wins A/B/draw 146/152/2 loss 0.0649 item_loss 0.02972 items: used 0.24 of rows-with-items, k>0 541, thrown 918/1345
rnd 65400 steps 8.37M t 37.8m eps 0.010 pairs_len 108 wins A/B/draw 150/147/3 loss 0.0654 item_loss 0.02997 items: used 0.23 of rows-with-items, k>0 657, thrown 1004/1479
rnd 65500 steps 8.38M t 37.8m eps 0.010 pairs_len 108 wins A/B/draw 141/158/1 loss 0.0646 item_loss 0.02991 items: used 0.24 of rows-with-items, k>0 548, thrown 932/1358
rnd 65600 steps 8.40M t 37.9m eps 0.010 pairs_len 103 wins A/B/draw 146/153/1 loss 0.0649 item_loss 0.02957 items: used 0.23 of rows-with-items, k>0 550, thrown 904/1330
rnd 65700 steps 8.41M t 37.9m eps 0.010 pairs_len 101 wins A/B/draw 139/160/1 loss 0.0647 item_loss 0.02940 items: used 0.23 of rows-with-items, k>0 622, thrown 992/1451
rnd 65800 steps 8.42M t 38.0m eps 0.010 pairs_len 104 wins A/B/draw 145/155/0 loss 0.0647 item_loss 0.02986 items: used 0.24 of rows-with-items, k>0 699, thrown 1038/1521
rnd 65900 steps 8.44M t 38.1m eps 0.010 pairs_len 103 wins A/B/draw 146/154/0 loss 0.0647 item_loss 0.03033 items: used 0.23 of rows-with-items, k>0 627, thrown 999/1426
rnd 66000 steps 8.45M t 38.3m eps 0.010 pairs_len 105 wins A/B/draw 144/156/0 loss 0.0649 item_loss 0.03036 items: used 0.21 of rows-with-items, k>0 643, thrown 989/1427
rnd 66100 steps 8.46M t 38.3m eps 0.010 pairs_len 109 wins A/B/draw 153/146/1 loss 0.0651 item_loss 0.03053 items: used 0.24 of rows-with-items, k>0 742, thrown 1003/1512
rnd 66200 steps 8.47M t 38.4m eps 0.010 pairs_len 107 wins A/B/draw 151/148/1 loss 0.0650 item_loss 0.03037 items: used 0.24 of rows-with-items, k>0 619, thrown 987/1453
rnd 66300 steps 8.49M t 38.4m eps 0.010 pairs_len 107 wins A/B/draw 156/142/2 loss 0.0654 item_loss 0.03058 items: used 0.22 of rows-with-items, k>0 581, thrown 894/1317
rnd 66400 steps 8.50M t 38.5m eps 0.010 pairs_len 106 wins A/B/draw 161/137/2 loss 0.0646 item_loss 0.03085 items: used 0.24 of rows-with-items, k>0 593, thrown 977/1407
rnd 66500 steps 8.51M t 38.6m eps 0.010 pairs_len 102 wins A/B/draw 164/135/1 loss 0.0645 item_loss 0.03091 items: used 0.22 of rows-with-items, k>0 578, thrown 980/1409
rnd 66600 steps 8.52M t 38.6m eps 0.010 pairs_len 101 wins A/B/draw 167/131/2 loss 0.0645 item_loss 0.03090 items: used 0.22 of rows-with-items, k>0 619, thrown 932/1379
rnd 66700 steps 8.54M t 38.6m eps 0.010 pairs_len 99 wins A/B/draw 174/125/1 loss 0.0646 item_loss 0.03044 items: used 0.24 of rows-with-items, k>0 546, thrown 936/1372
rnd 66800 steps 8.55M t 38.7m eps 0.010 pairs_len 98 wins A/B/draw 167/132/1 loss 0.0657 item_loss 0.03011 items: used 0.22 of rows-with-items, k>0 635, thrown 991/1413
rnd 66900 steps 8.56M t 38.7m eps 0.010 pairs_len 102 wins A/B/draw 150/149/1 loss 0.0658 item_loss 0.03044 items: used 0.23 of rows-with-items, k>0 666, thrown 1051/1522
rnd 67000 steps 8.58M t 38.7m eps 0.010 pairs_len 104 wins A/B/draw 152/148/0 loss 0.0662 item_loss 0.03024 items: used 0.21 of rows-with-items, k>0 666, thrown 979/1377
rnd 67100 steps 8.59M t 38.8m eps 0.010 pairs_len 105 wins A/B/draw 138/161/1 loss 0.0658 item_loss 0.03085 items: used 0.23 of rows-with-items, k>0 647, thrown 1025/1431
rnd 67200 steps 8.60M t 38.8m eps 0.010 pairs_len 107 wins A/B/draw 140/158/2 loss 0.0653 item_loss 0.03026 items: used 0.23 of rows-with-items, k>0 653, thrown 1042/1423
rnd 67300 steps 8.61M t 38.8m eps 0.010 pairs_len 104 wins A/B/draw 153/144/3 loss 0.0652 item_loss 0.02995 items: used 0.22 of rows-with-items, k>0 657, thrown 1013/1443
rnd 67400 steps 8.63M t 38.8m eps 0.010 pairs_len 103 wins A/B/draw 147/151/2 loss 0.0658 item_loss 0.02987 items: used 0.20 of rows-with-items, k>0 634, thrown 917/1361
rnd 67500 steps 8.64M t 38.9m eps 0.010 pairs_len 104 wins A/B/draw 154/144/2 loss 0.0664 item_loss 0.02988 items: used 0.24 of rows-with-items, k>0 622, thrown 997/1425
rnd 67600 steps 8.65M t 38.9m eps 0.010 pairs_len 103 wins A/B/draw 153/146/1 loss 0.0663 item_loss 0.02978 items: used 0.22 of rows-with-items, k>0 593, thrown 981/1410
rnd 67700 steps 8.67M t 38.9m eps 0.010 pairs_len 103 wins A/B/draw 150/150/0 loss 0.0662 item_loss 0.02989 items: used 0.22 of rows-with-items, k>0 622, thrown 995/1444
rnd 67800 steps 8.68M t 39.0m eps 0.010 pairs_len 103 wins A/B/draw 155/144/1 loss 0.0665 item_loss 0.02961 items: used 0.21 of rows-with-items, k>0 572, thrown 962/1376
rnd 67900 steps 8.69M t 39.0m eps 0.010 pairs_len 104 wins A/B/draw 152/147/1 loss 0.0661 item_loss 0.02941 items: used 0.22 of rows-with-items, k>0 621, thrown 964/1399
rnd 68000 steps 8.70M t 39.0m eps 0.010 pairs_len 107 wins A/B/draw 150/149/1 loss 0.0660 item_loss 0.02984 items: used 0.21 of rows-with-items, k>0 618, thrown 945/1397
rnd 68100 steps 8.72M t 39.1m eps 0.010 pairs_len 108 wins A/B/draw 148/151/1 loss 0.0657 item_loss 0.02964 items: used 0.23 of rows-with-items, k>0 699, thrown 1081/1483
rnd 68200 steps 8.73M t 39.1m eps 0.010 pairs_len 110 wins A/B/draw 141/159/0 loss 0.0658 item_loss 0.03028 items: used 0.22 of rows-with-items, k>0 695, thrown 984/1457
rnd 68300 steps 8.74M t 39.1m eps 0.010 pairs_len 112 wins A/B/draw 143/157/0 loss 0.0650 item_loss 0.02960 items: used 0.22 of rows-with-items, k>0 679, thrown 998/1438
rnd 68400 steps 8.76M t 39.1m eps 0.010 pairs_len 110 wins A/B/draw 145/155/0 loss 0.0652 item_loss 0.03007 items: used 0.23 of rows-with-items, k>0 571, thrown 952/1386
rnd 68500 steps 8.77M t 39.2m eps 0.010 pairs_len 109 wins A/B/draw 147/152/1 loss 0.0650 item_loss 0.02963 items: used 0.23 of rows-with-items, k>0 563, thrown 1032/1436
rnd 68600 steps 8.78M t 39.2m eps 0.010 pairs_len 110 wins A/B/draw 159/140/1 loss 0.0656 item_loss 0.02939 items: used 0.21 of rows-with-items, k>0 661, thrown 977/1417
rnd 68700 steps 8.79M t 39.2m eps 0.010 pairs_len 109 wins A/B/draw 149/149/2 loss 0.0658 item_loss 0.02939 items: used 0.21 of rows-with-items, k>0 640, thrown 958/1416
rnd 68800 steps 8.81M t 39.3m eps 0.010 pairs_len 111 wins A/B/draw 148/150/2 loss 0.0658 item_loss 0.02965 items: used 0.24 of rows-with-items, k>0 590, thrown 1008/1422
rnd 68900 steps 8.82M t 39.3m eps 0.010 pairs_len 110 wins A/B/draw 142/156/2 loss 0.0661 item_loss 0.02999 items: used 0.22 of rows-with-items, k>0 603, thrown 953/1356
rnd 69000 steps 8.83M t 39.3m eps 0.010 pairs_len 105 wins A/B/draw 134/165/1 loss 0.0659 item_loss 0.02968 items: used 0.22 of rows-with-items, k>0 603, thrown 931/1352
rnd 69100 steps 8.84M t 39.4m eps 0.010 pairs_len 102 wins A/B/draw 138/160/2 loss 0.0661 item_loss 0.03030 items: used 0.22 of rows-with-items, k>0 597, thrown 959/1407
rnd 69200 steps 8.86M t 39.4m eps 0.010 pairs_len 102 wins A/B/draw 146/152/2 loss 0.0667 item_loss 0.03077 items: used 0.20 of rows-with-items, k>0 572, thrown 895/1328
rnd 69300 steps 8.87M t 39.4m eps 0.010 pairs_len 105 wins A/B/draw 152/147/1 loss 0.0671 item_loss 0.03077 items: used 0.23 of rows-with-items, k>0 660, thrown 1071/1503
rnd 69400 steps 8.88M t 39.4m eps 0.010 pairs_len 105 wins A/B/draw 151/148/1 loss 0.0674 item_loss 0.03131 items: used 0.23 of rows-with-items, k>0 611, thrown 1002/1401
rnd 69500 steps 8.90M t 39.5m eps 0.010 pairs_len 100 wins A/B/draw 140/160/0 loss 0.0676 item_loss 0.03268 items: used 0.23 of rows-with-items, k>0 577, thrown 1013/1397
rnd 69600 steps 8.91M t 39.5m eps 0.010 pairs_len 96 wins A/B/draw 140/160/0 loss 0.0676 item_loss 0.03246 items: used 0.22 of rows-with-items, k>0 658, thrown 983/1421
rnd 69700 steps 8.92M t 39.5m eps 0.010 pairs_len 95 wins A/B/draw 139/161/0 loss 0.0676 item_loss 0.03231 items: used 0.22 of rows-with-items, k>0 639, thrown 985/1368
rnd 69800 steps 8.93M t 39.6m eps 0.010 pairs_len 96 wins A/B/draw 150/150/0 loss 0.0676 item_loss 0.03182 items: used 0.21 of rows-with-items, k>0 615, thrown 979/1380
rnd 69900 steps 8.95M t 39.6m eps 0.010 pairs_len 100 wins A/B/draw 151/147/2 loss 0.0676 item_loss 0.03240 items: used 0.23 of rows-with-items, k>0 634, thrown 1023/1453
rnd 70000 steps 8.96M t 39.6m eps 0.010 pairs_len 100 wins A/B/draw 153/145/2 loss 0.0677 item_loss 0.03208 items: used 0.24 of rows-with-items, k>0 545, thrown 937/1381
rnd 70100 steps 8.97M t 39.8m eps 0.010 pairs_len 99 wins A/B/draw 158/140/2 loss 0.0679 item_loss 0.03317 items: used 0.24 of rows-with-items, k>0 573, thrown 984/1388
rnd 70200 steps 8.99M t 40.0m eps 0.010 pairs_len 97 wins A/B/draw 156/142/2 loss 0.0677 item_loss 0.03283 items: used 0.23 of rows-with-items, k>0 603, thrown 1015/1426
rnd 70300 steps 9.00M t 40.0m eps 0.010 pairs_len 99 wins A/B/draw 151/146/3 loss 0.0675 item_loss 0.03216 items: used 0.22 of rows-with-items, k>0 588, thrown 962/1360
rnd 70400 steps 9.01M t 40.1m eps 0.010 pairs_len 99 wins A/B/draw 156/141/3 loss 0.0680 item_loss 0.03200 items: used 0.22 of rows-with-items, k>0 650, thrown 965/1420
rnd 70500 steps 9.02M t 40.1m eps 0.010 pairs_len 100 wins A/B/draw 149/147/4 loss 0.0683 item_loss 0.03183 items: used 0.23 of rows-with-items, k>0 665, thrown 1003/1440
rnd 70600 steps 9.04M t 40.1m eps 0.010 pairs_len 100 wins A/B/draw 155/143/2 loss 0.0685 item_loss 0.03118 items: used 0.21 of rows-with-items, k>0 617, thrown 981/1363
rnd 70700 steps 9.05M t 40.2m eps 0.010 pairs_len 100 wins A/B/draw 153/146/1 loss 0.0679 item_loss 0.03107 items: used 0.22 of rows-with-items, k>0 635, thrown 998/1427
rnd 70800 steps 9.06M t 40.2m eps 0.010 pairs_len 101 wins A/B/draw 146/154/0 loss 0.0677 item_loss 0.03126 items: used 0.21 of rows-with-items, k>0 638, thrown 983/1390
rnd 70900 steps 9.08M t 40.3m eps 0.010 pairs_len 101 wins A/B/draw 149/150/1 loss 0.0677 item_loss 0.03200 items: used 0.24 of rows-with-items, k>0 589, thrown 949/1418
rnd 71000 steps 9.09M t 40.3m eps 0.010 pairs_len 103 wins A/B/draw 145/154/1 loss 0.0680 item_loss 0.03160 items: used 0.24 of rows-with-items, k>0 580, thrown 983/1425
rnd 71100 steps 9.10M t 40.4m eps 0.010 pairs_len 102 wins A/B/draw 147/151/2 loss 0.0680 item_loss 0.03169 items: used 0.22 of rows-with-items, k>0 638, thrown 984/1445
rnd 71200 steps 9.11M t 40.4m eps 0.010 pairs_len 103 wins A/B/draw 148/150/2 loss 0.0682 item_loss 0.03219 items: used 0.21 of rows-with-items, k>0 609, thrown 983/1385
rnd 71300 steps 9.13M t 40.4m eps 0.010 pairs_len 101 wins A/B/draw 144/155/1 loss 0.0685 item_loss 0.03283 items: used 0.22 of rows-with-items, k>0 639, thrown 962/1429
rnd 71400 steps 9.14M t 40.5m eps 0.010 pairs_len 101 wins A/B/draw 146/152/2 loss 0.0685 item_loss 0.03208 items: used 0.22 of rows-with-items, k>0 612, thrown 981/1416
rnd 71500 steps 9.15M t 40.5m eps 0.010 pairs_len 100 wins A/B/draw 147/152/1 loss 0.0683 item_loss 0.03180 items: used 0.21 of rows-with-items, k>0 674, thrown 1003/1386
rnd 71600 steps 9.16M t 40.6m eps 0.010 pairs_len 98 wins A/B/draw 151/146/3 loss 0.0687 item_loss 0.03200 items: used 0.23 of rows-with-items, k>0 551, thrown 930/1329
rnd 71700 steps 9.18M t 40.6m eps 0.010 pairs_len 96 wins A/B/draw 142/155/3 loss 0.0681 item_loss 0.03184 items: used 0.21 of rows-with-items, k>0 578, thrown 926/1326
rnd 71800 steps 9.19M t 40.6m eps 0.010 pairs_len 97 wins A/B/draw 137/161/2 loss 0.0681 item_loss 0.03110 items: used 0.23 of rows-with-items, k>0 562, thrown 963/1357
rnd 71900 steps 9.20M t 40.7m eps 0.010 pairs_len 100 wins A/B/draw 137/161/2 loss 0.0677 item_loss 0.03088 items: used 0.23 of rows-with-items, k>0 590, thrown 935/1352
rnd 72000 steps 9.22M t 40.7m eps 0.010 pairs_len 101 wins A/B/draw 141/159/0 loss 0.0674 item_loss 0.03069 items: used 0.23 of rows-with-items, k>0 655, thrown 958/1415
rnd 72100 steps 9.23M t 40.7m eps 0.010 pairs_len 102 wins A/B/draw 147/153/0 loss 0.0667 item_loss 0.03094 items: used 0.21 of rows-with-items, k>0 659, thrown 953/1390
rnd 72200 steps 9.24M t 40.7m eps 0.010 pairs_len 101 wins A/B/draw 154/146/0 loss 0.0668 item_loss 0.03098 items: used 0.22 of rows-with-items, k>0 718, thrown 981/1412
rnd 72300 steps 9.25M t 40.8m eps 0.010 pairs_len 100 wins A/B/draw 154/145/1 loss 0.0668 item_loss 0.03069 items: used 0.21 of rows-with-items, k>0 665, thrown 952/1399
rnd 72400 steps 9.27M t 40.8m eps 0.010 pairs_len 101 wins A/B/draw 158/140/2 loss 0.0667 item_loss 0.03034 items: used 0.21 of rows-with-items, k>0 618, thrown 963/1370
rnd 72500 steps 9.28M t 40.8m eps 0.010 pairs_len 101 wins A/B/draw 158/139/3 loss 0.0664 item_loss 0.02968 items: used 0.23 of rows-with-items, k>0 596, thrown 977/1412
rnd 72600 steps 9.29M t 40.9m eps 0.010 pairs_len 103 wins A/B/draw 157/141/2 loss 0.0663 item_loss 0.02996 items: used 0.22 of rows-with-items, k>0 596, thrown 944/1366
rnd 72700 steps 9.31M t 40.9m eps 0.010 pairs_len 100 wins A/B/draw 156/142/2 loss 0.0661 item_loss 0.03068 items: used 0.21 of rows-with-items, k>0 593, thrown 932/1329
rnd 72800 steps 9.32M t 40.9m eps 0.010 pairs_len 99 wins A/B/draw 153/145/2 loss 0.0659 item_loss 0.03088 items: used 0.22 of rows-with-items, k>0 657, thrown 1003/1430
rnd 72900 steps 9.33M t 41.0m eps 0.010 pairs_len 98 wins A/B/draw 144/154/2 loss 0.0660 item_loss 0.03187 items: used 0.24 of rows-with-items, k>0 605, thrown 999/1407
rnd 73000 steps 9.34M t 41.0m eps 0.010 pairs_len 96 wins A/B/draw 138/160/2 loss 0.0658 item_loss 0.03179 items: used 0.21 of rows-with-items, k>0 628, thrown 962/1356
rnd 73100 steps 9.36M t 41.0m eps 0.010 pairs_len 97 wins A/B/draw 138/162/0 loss 0.0660 item_loss 0.03168 items: used 0.23 of rows-with-items, k>0 651, thrown 974/1454
rnd 73200 steps 9.37M t 41.1m eps 0.010 pairs_len 99 wins A/B/draw 138/162/0 loss 0.0665 item_loss 0.03102 items: used 0.24 of rows-with-items, k>0 626, thrown 996/1396
rnd 73300 steps 9.38M t 41.1m eps 0.010 pairs_len 99 wins A/B/draw 145/155/0 loss 0.0664 item_loss 0.03137 items: used 0.24 of rows-with-items, k>0 570, thrown 964/1380
rnd 73400 steps 9.40M t 41.1m eps 0.010 pairs_len 98 wins A/B/draw 150/150/0 loss 0.0662 item_loss 0.03200 items: used 0.22 of rows-with-items, k>0 608, thrown 944/1382
rnd 73500 steps 9.41M t 41.2m eps 0.010 pairs_len 99 wins A/B/draw 148/152/0 loss 0.0660 item_loss 0.03260 items: used 0.23 of rows-with-items, k>0 579, thrown 931/1354
rnd 73600 steps 9.42M t 41.2m eps 0.010 pairs_len 98 wins A/B/draw 155/144/1 loss 0.0658 item_loss 0.03260 items: used 0.23 of rows-with-items, k>0 619, thrown 1023/1446
rnd 73700 steps 9.43M t 41.2m eps 0.010 pairs_len 100 wins A/B/draw 167/131/2 loss 0.0656 item_loss 0.03216 items: used 0.21 of rows-with-items, k>0 659, thrown 1010/1416
rnd 73800 steps 9.45M t 41.2m eps 0.010 pairs_len 102 wins A/B/draw 160/138/2 loss 0.0655 item_loss 0.03214 items: used 0.23 of rows-with-items, k>0 550, thrown 943/1349
rnd 73900 steps 9.46M t 41.3m eps 0.010 pairs_len 102 wins A/B/draw 155/144/1 loss 0.0655 item_loss 0.03189 items: used 0.23 of rows-with-items, k>0 527, thrown 930/1354
rnd 74000 steps 9.47M t 41.3m eps 0.010 pairs_len 104 wins A/B/draw 150/149/1 loss 0.0656 item_loss 0.03143 items: used 0.22 of rows-with-items, k>0 576, thrown 909/1292
rnd 74100 steps 9.48M t 41.3m eps 0.010 pairs_len 101 wins A/B/draw 140/160/0 loss 0.0660 item_loss 0.03124 items: used 0.21 of rows-with-items, k>0 597, thrown 953/1370
rnd 74200 steps 9.50M t 41.4m eps 0.010 pairs_len 99 wins A/B/draw 148/151/1 loss 0.0664 item_loss 0.03130 items: used 0.22 of rows-with-items, k>0 592, thrown 971/1361
rnd 74300 steps 9.51M t 41.4m eps 0.010 pairs_len 98 wins A/B/draw 155/144/1 loss 0.0662 item_loss 0.03118 items: used 0.23 of rows-with-items, k>0 618, thrown 971/1380
rnd 74400 steps 9.52M t 41.4m eps 0.010 pairs_len 99 wins A/B/draw 155/143/2 loss 0.0664 item_loss 0.03151 items: used 0.23 of rows-with-items, k>0 609, thrown 978/1422
rnd 74500 steps 9.54M t 41.6m eps 0.010 pairs_len 96 wins A/B/draw 160/137/3 loss 0.0669 item_loss 0.03126 items: used 0.23 of rows-with-items, k>0 547, thrown 924/1346
rnd 74600 steps 9.55M t 41.8m eps 0.010 pairs_len 96 wins A/B/draw 162/136/2 loss 0.0669 item_loss 0.03138 items: used 0.22 of rows-with-items, k>0 621, thrown 960/1348
rnd 74700 steps 9.56M t 41.8m eps 0.010 pairs_len 97 wins A/B/draw 153/144/3 loss 0.0665 item_loss 0.03096 items: used 0.22 of rows-with-items, k>0 595, thrown 941/1341
rnd 74800 steps 9.57M t 41.9m eps 0.010 pairs_len 95 wins A/B/draw 147/152/1 loss 0.0661 item_loss 0.03110 items: used 0.23 of rows-with-items, k>0 592, thrown 966/1361
rnd 74900 steps 9.59M t 41.9m eps 0.010 pairs_len 93 wins A/B/draw 152/147/1 loss 0.0660 item_loss 0.02981 items: used 0.21 of rows-with-items, k>0 573, thrown 910/1322
rnd 75000 steps 9.60M t 41.9m eps 0.010 pairs_len 97 wins A/B/draw 158/142/0 loss 0.0656 item_loss 0.03008 items: used 0.23 of rows-with-items, k>0 578, thrown 1013/1388
rnd 75100 steps 9.61M t 42.0m eps 0.010 pairs_len 97 wins A/B/draw 173/127/0 loss 0.0664 item_loss 0.03010 items: used 0.23 of rows-with-items, k>0 608, thrown 982/1378
rnd 75200 steps 9.63M t 42.0m eps 0.010 pairs_len 102 wins A/B/draw 164/136/0 loss 0.0657 item_loss 0.03000 items: used 0.23 of rows-with-items, k>0 565, thrown 971/1354
rnd 75300 steps 9.64M t 42.1m eps 0.010 pairs_len 99 wins A/B/draw 146/153/1 loss 0.0660 item_loss 0.02962 items: used 0.23 of rows-with-items, k>0 532, thrown 920/1305
rnd 75400 steps 9.65M t 42.1m eps 0.010 pairs_len 95 wins A/B/draw 147/151/2 loss 0.0660 item_loss 0.02940 items: used 0.23 of rows-with-items, k>0 580, thrown 911/1313
rnd 75500 steps 9.66M t 42.2m eps 0.010 pairs_len 93 wins A/B/draw 145/153/2 loss 0.0660 item_loss 0.02975 items: used 0.24 of rows-with-items, k>0 574, thrown 963/1364
rnd 75600 steps 9.68M t 42.2m eps 0.010 pairs_len 93 wins A/B/draw 144/154/2 loss 0.0661 item_loss 0.03026 items: used 0.23 of rows-with-items, k>0 593, thrown 1010/1442
rnd 75700 steps 9.69M t 42.3m eps 0.010 pairs_len 94 wins A/B/draw 147/150/3 loss 0.0661 item_loss 0.03032 items: used 0.22 of rows-with-items, k>0 541, thrown 883/1260
rnd 75800 steps 9.70M t 42.3m eps 0.010 pairs_len 95 wins A/B/draw 143/155/2 loss 0.0659 item_loss 0.03027 items: used 0.23 of rows-with-items, k>0 587, thrown 980/1385
rnd 75900 steps 9.72M t 42.3m eps 0.010 pairs_len 98 wins A/B/draw 148/150/2 loss 0.0656 item_loss 0.03061 items: used 0.22 of rows-with-items, k>0 615, thrown 974/1414
rnd 76000 steps 9.73M t 42.3m eps 0.010 pairs_len 98 wins A/B/draw 158/140/2 loss 0.0660 item_loss 0.03066 items: used 0.22 of rows-with-items, k>0 586, thrown 959/1369
rnd 76100 steps 9.74M t 42.4m eps 0.010 pairs_len 100 wins A/B/draw 144/155/1 loss 0.0658 item_loss 0.03069 items: used 0.21 of rows-with-items, k>0 587, thrown 934/1328
rnd 76200 steps 9.75M t 42.4m eps 0.010 pairs_len 100 wins A/B/draw 142/158/0 loss 0.0661 item_loss 0.03144 items: used 0.23 of rows-with-items, k>0 584, thrown 983/1411
rnd 76300 steps 9.77M t 42.4m eps 0.010 pairs_len 99 wins A/B/draw 135/165/0 loss 0.0666 item_loss 0.03127 items: used 0.22 of rows-with-items, k>0 600, thrown 1019/1411
rnd 76400 steps 9.78M t 42.5m eps 0.010 pairs_len 98 wins A/B/draw 136/164/0 loss 0.0674 item_loss 0.03126 items: used 0.22 of rows-with-items, k>0 598, thrown 950/1329
rnd 76500 steps 9.79M t 42.5m eps 0.010 pairs_len 95 wins A/B/draw 145/154/1 loss 0.0671 item_loss 0.03211 items: used 0.22 of rows-with-items, k>0 621, thrown 970/1412
rnd 76600 steps 9.80M t 42.5m eps 0.010 pairs_len 96 wins A/B/draw 144/155/1 loss 0.0670 item_loss 0.03197 items: used 0.23 of rows-with-items, k>0 559, thrown 977/1422
rnd 76700 steps 9.82M t 42.6m eps 0.010 pairs_len 96 wins A/B/draw 144/153/3 loss 0.0671 item_loss 0.03169 items: used 0.22 of rows-with-items, k>0 570, thrown 934/1317
rnd 76800 steps 9.83M t 42.6m eps 0.010 pairs_len 96 wins A/B/draw 150/147/3 loss 0.0673 item_loss 0.03152 items: used 0.22 of rows-with-items, k>0 601, thrown 946/1369
rnd 76900 steps 9.84M t 42.6m eps 0.010 pairs_len 95 wins A/B/draw 150/148/2 loss 0.0673 item_loss 0.03161 items: used 0.21 of rows-with-items, k>0 648, thrown 945/1382
rnd 77000 steps 9.86M t 42.7m eps 0.010 pairs_len 96 wins A/B/draw 150/148/2 loss 0.0674 item_loss 0.03150 items: used 0.23 of rows-with-items, k>0 617, thrown 996/1410
rnd 77100 steps 9.87M t 42.7m eps 0.010 pairs_len 96 wins A/B/draw 152/146/2 loss 0.0669 item_loss 0.03109 items: used 0.22 of rows-with-items, k>0 573, thrown 934/1353
rnd 77200 steps 9.88M t 42.7m eps 0.010 pairs_len 95 wins A/B/draw 155/143/2 loss 0.0672 item_loss 0.03075 items: used 0.22 of rows-with-items, k>0 595, thrown 954/1389
rnd 77300 steps 9.89M t 42.7m eps 0.010 pairs_len 95 wins A/B/draw 151/146/3 loss 0.0681 item_loss 0.03068 items: used 0.21 of rows-with-items, k>0 602, thrown 941/1400
rnd 77400 steps 9.91M t 42.8m eps 0.010 pairs_len 94 wins A/B/draw 136/161/3 loss 0.0682 item_loss 0.03003 items: used 0.20 of rows-with-items, k>0 615, thrown 933/1316
rnd 77500 steps 9.92M t 42.8m eps 0.010 pairs_len 95 wins A/B/draw 146/153/1 loss 0.0682 item_loss 0.02957 items: used 0.22 of rows-with-items, k>0 596, thrown 937/1378
rnd 77600 steps 9.93M t 42.8m eps 0.010 pairs_len 93 wins A/B/draw 155/144/1 loss 0.0679 item_loss 0.02993 items: used 0.21 of rows-with-items, k>0 607, thrown 963/1361
rnd 77700 steps 9.95M t 42.9m eps 0.010 pairs_len 94 wins A/B/draw 161/135/4 loss 0.0682 item_loss 0.03065 items: used 0.22 of rows-with-items, k>0 666, thrown 1007/1444
rnd 77800 steps 9.96M t 42.9m eps 0.010 pairs_len 93 wins A/B/draw 158/137/5 loss 0.0686 item_loss 0.03005 items: used 0.26 of rows-with-items, k>0 562, thrown 1003/1407
rnd 77900 steps 9.97M t 42.9m eps 0.010 pairs_len 94 wins A/B/draw 153/140/7 loss 0.0687 item_loss 0.02981 items: used 0.22 of rows-with-items, k>0 622, thrown 971/1398
rnd 78000 steps 9.98M t 43.0m eps 0.010 pairs_len 96 wins A/B/draw 158/137/5 loss 0.0690 item_loss 0.03094 items: used 0.23 of rows-with-items, k>0 626, thrown 1017/1416
rnd 78100 steps 10.00M t 43.0m eps 0.010 pairs_len 99 wins A/B/draw 154/142/4 loss 0.0691 item_loss 0.03086 items: used 0.21 of rows-with-items, k>0 652, thrown 974/1381
rnd 78200 steps 10.01M t 43.0m eps 0.010 pairs_len 98 wins A/B/draw 150/147/3 loss 0.0690 item_loss 0.03170 items: used 0.23 of rows-with-items, k>0 622, thrown 995/1422
rnd 78300 steps 10.02M t 43.1m eps 0.010 pairs_len 96 wins A/B/draw 148/149/3 loss 0.0689 item_loss 0.03174 items: used 0.22 of rows-with-items, k>0 595, thrown 974/1373
rnd 78400 steps 10.04M t 43.1m eps 0.010 pairs_len 94 wins A/B/draw 152/145/3 loss 0.0689 item_loss 0.03175 items: used 0.24 of rows-with-items, k>0 568, thrown 992/1452
rnd 78500 steps 10.05M t 43.1m eps 0.010 pairs_len 95 wins A/B/draw 158/140/2 loss 0.0689 item_loss 0.03240 items: used 0.22 of rows-with-items, k>0 613, thrown 945/1369
rnd 78600 steps 10.06M t 43.2m eps 0.010 pairs_len 98 wins A/B/draw 156/142/2 loss 0.0688 item_loss 0.03238 items: used 0.22 of rows-with-items, k>0 659, thrown 1012/1458
rnd 78700 steps 10.07M t 43.2m eps 0.010 pairs_len 98 wins A/B/draw 145/155/0 loss 0.0685 item_loss 0.03226 items: used 0.22 of rows-with-items, k>0 553, thrown 918/1317
rnd 78800 steps 10.09M t 43.2m eps 0.010 pairs_len 100 wins A/B/draw 151/148/1 loss 0.0684 item_loss 0.03244 items: used 0.24 of rows-with-items, k>0 576, thrown 979/1396
rnd 78900 steps 10.10M t 43.2m eps 0.010 pairs_len 99 wins A/B/draw 162/136/2 loss 0.0680 item_loss 0.03250 items: used 0.24 of rows-with-items, k>0 597, thrown 959/1383
rnd 79000 steps 10.11M t 43.4m eps 0.010 pairs_len 98 wins A/B/draw 175/123/2 loss 0.0679 item_loss 0.03207 items: used 0.22 of rows-with-items, k>0 595, thrown 953/1355
rnd 79100 steps 10.12M t 43.5m eps 0.010 pairs_len 98 wins A/B/draw 183/115/2 loss 0.0679 item_loss 0.03173 items: used 0.24 of rows-with-items, k>0 613, thrown 1042/1485
rnd 79200 steps 10.14M t 43.7m eps 0.010 pairs_len 95 wins A/B/draw 168/130/2 loss 0.0675 item_loss 0.03202 items: used 0.23 of rows-with-items, k>0 540, thrown 973/1374
rnd 79300 steps 10.15M t 43.7m eps 0.010 pairs_len 96 wins A/B/draw 163/136/1 loss 0.0668 item_loss 0.03194 items: used 0.22 of rows-with-items, k>0 515, thrown 924/1325
rnd 79400 steps 10.16M t 43.7m eps 0.010 pairs_len 97 wins A/B/draw 149/150/1 loss 0.0668 item_loss 0.03213 items: used 0.23 of rows-with-items, k>0 584, thrown 1001/1405
rnd 79500 steps 10.18M t 43.8m eps 0.010 pairs_len 98 wins A/B/draw 148/150/2 loss 0.0676 item_loss 0.03306 items: used 0.21 of rows-with-items, k>0 656, thrown 1021/1400
rnd 79600 steps 10.19M t 43.8m eps 0.010 pairs_len 98 wins A/B/draw 147/151/2 loss 0.0674 item_loss 0.03249 items: used 0.24 of rows-with-items, k>0 537, thrown 986/1375
rnd 79700 steps 10.20M t 43.9m eps 0.010 pairs_len 97 wins A/B/draw 140/158/2 loss 0.0674 item_loss 0.03160 items: used 0.22 of rows-with-items, k>0 529, thrown 967/1368
rnd 79800 steps 10.21M t 43.9m eps 0.010 pairs_len 94 wins A/B/draw 135/163/2 loss 0.0679 item_loss 0.03157 items: used 0.23 of rows-with-items, k>0 596, thrown 999/1439
rnd 79900 steps 10.23M t 44.0m eps 0.010 pairs_len 95 wins A/B/draw 134/165/1 loss 0.0676 item_loss 0.03118 items: used 0.20 of rows-with-items, k>0 576, thrown 948/1371
rnd 80000 steps 10.24M t 44.0m eps 0.010 pairs_len 95 wins A/B/draw 146/153/1 loss 0.0680 item_loss 0.03195 items: used 0.22 of rows-with-items, k>0 495, thrown 927/1325
rnd 80100 steps 10.25M t 44.0m eps 0.010 pairs_len 95 wins A/B/draw 154/144/2 loss 0.0680 item_loss 0.03186 items: used 0.22 of rows-with-items, k>0 583, thrown 991/1391
rnd 80200 steps 10.27M t 44.1m eps 0.010 pairs_len 95 wins A/B/draw 147/150/3 loss 0.0690 item_loss 0.03140 items: used 0.22 of rows-with-items, k>0 557, thrown 958/1353
rnd 80300 steps 10.28M t 44.1m eps 0.010 pairs_len 92 wins A/B/draw 146/149/5 loss 0.0689 item_loss 0.03231 items: used 0.20 of rows-with-items, k>0 554, thrown 928/1316
rnd 80400 steps 10.29M t 44.1m eps 0.010 pairs_len 91 wins A/B/draw 143/153/4 loss 0.0689 item_loss 0.03221 items: used 0.20 of rows-with-items, k>0 579, thrown 914/1316
rnd 80500 steps 10.30M t 44.1m eps 0.010 pairs_len 90 wins A/B/draw 147/151/2 loss 0.0690 item_loss 0.03300 items: used 0.21 of rows-with-items, k>0 616, thrown 1002/1400
rnd 80600 steps 10.32M t 44.2m eps 0.010 pairs_len 90 wins A/B/draw 153/145/2 loss 0.0687 item_loss 0.03388 items: used 0.22 of rows-with-items, k>0 666, thrown 1002/1446
rnd 80700 steps 10.33M t 44.2m eps 0.010 pairs_len 92 wins A/B/draw 151/148/1 loss 0.0684 item_loss 0.03396 items: used 0.22 of rows-with-items, k>0 577, thrown 920/1336
rnd 80800 steps 10.34M t 44.2m eps 0.010 pairs_len 94 wins A/B/draw 145/153/2 loss 0.0684 item_loss 0.03359 items: used 0.21 of rows-with-items, k>0 575, thrown 994/1390
rnd 80900 steps 10.36M t 44.3m eps 0.010 pairs_len 94 wins A/B/draw 144/154/2 loss 0.0690 item_loss 0.03317 items: used 0.22 of rows-with-items, k>0 559, thrown 946/1347
rnd 81000 steps 10.37M t 44.3m eps 0.010 pairs_len 93 wins A/B/draw 148/151/1 loss 0.0688 item_loss 0.03270 items: used 0.23 of rows-with-items, k>0 524, thrown 944/1344
rnd 81100 steps 10.38M t 44.3m eps 0.010 pairs_len 91 wins A/B/draw 155/145/0 loss 0.0687 item_loss 0.03314 items: used 0.21 of rows-with-items, k>0 582, thrown 925/1295
rnd 81200 steps 10.39M t 44.4m eps 0.010 pairs_len 91 wins A/B/draw 158/142/0 loss 0.0685 item_loss 0.03298 items: used 0.21 of rows-with-items, k>0 640, thrown 949/1398
rnd 81300 steps 10.41M t 44.4m eps 0.010 pairs_len 90 wins A/B/draw 160/140/0 loss 0.0681 item_loss 0.03297 items: used 0.22 of rows-with-items, k>0 574, thrown 933/1337
rnd 81400 steps 10.42M t 44.4m eps 0.010 pairs_len 91 wins A/B/draw 154/146/0 loss 0.0684 item_loss 0.03356 items: used 0.22 of rows-with-items, k>0 558, thrown 1015/1419
rnd 81500 steps 10.43M t 44.4m eps 0.010 pairs_len 94 wins A/B/draw 154/145/1 loss 0.0685 item_loss 0.03325 items: used 0.21 of rows-with-items, k>0 554, thrown 959/1397
rnd 81600 steps 10.44M t 44.5m eps 0.010 pairs_len 95 wins A/B/draw 160/138/2 loss 0.0682 item_loss 0.03310 items: used 0.23 of rows-with-items, k>0 540, thrown 939/1395
rnd 81700 steps 10.46M t 44.5m eps 0.010 pairs_len 98 wins A/B/draw 144/152/4 loss 0.0684 item_loss 0.03306 items: used 0.20 of rows-with-items, k>0 597, thrown 942/1357
rnd 81800 steps 10.47M t 44.5m eps 0.010 pairs_len 97 wins A/B/draw 149/147/4 loss 0.0678 item_loss 0.03238 items: used 0.21 of rows-with-items, k>0 652, thrown 1029/1411
rnd 81900 steps 10.48M t 44.6m eps 0.010 pairs_len 94 wins A/B/draw 137/160/3 loss 0.0676 item_loss 0.03246 items: used 0.22 of rows-with-items, k>0 568, thrown 914/1305
rnd 82000 steps 10.50M t 44.6m eps 0.010 pairs_len 93 wins A/B/draw 138/160/2 loss 0.0672 item_loss 0.03236 items: used 0.21 of rows-with-items, k>0 573, thrown 975/1384
rnd 82100 steps 10.51M t 44.6m eps 0.010 pairs_len 92 wins A/B/draw 140/158/2 loss 0.0669 item_loss 0.03237 items: used 0.23 of rows-with-items, k>0 532, thrown 934/1367
rnd 82200 steps 10.52M t 44.7m eps 0.010 pairs_len 93 wins A/B/draw 133/165/2 loss 0.0674 item_loss 0.03236 items: used 0.22 of rows-with-items, k>0 585, thrown 1013/1395
rnd 82300 steps 10.53M t 44.7m eps 0.010 pairs_len 94 wins A/B/draw 139/160/1 loss 0.0670 item_loss 0.03192 items: used 0.21 of rows-with-items, k>0 567, thrown 890/1331
rnd 82400 steps 10.55M t 44.7m eps 0.010 pairs_len 95 wins A/B/draw 146/154/0 loss 0.0665 item_loss 0.03179 items: used 0.23 of rows-with-items, k>0 550, thrown 973/1372
rnd 82500 steps 10.56M t 44.8m eps 0.010 pairs_len 94 wins A/B/draw 152/146/2 loss 0.0660 item_loss 0.03175 items: used 0.23 of rows-with-items, k>0 539, thrown 962/1376
rnd 82600 steps 10.57M t 44.8m eps 0.010 pairs_len 94 wins A/B/draw 155/140/5 loss 0.0663 item_loss 0.03215 items: used 0.23 of rows-with-items, k>0 566, thrown 1002/1368
rnd 82700 steps 10.59M t 44.8m eps 0.010 pairs_len 95 wins A/B/draw 156/138/6 loss 0.0657 item_loss 0.03202 items: used 0.21 of rows-with-items, k>0 495, thrown 928/1322
rnd 82800 steps 10.60M t 44.9m eps 0.010 pairs_len 95 wins A/B/draw 150/144/6 loss 0.0653 item_loss 0.03216 items: used 0.21 of rows-with-items, k>0 553, thrown 942/1297
rnd 82900 steps 10.61M t 44.9m eps 0.010 pairs_len 95 wins A/B/draw 141/154/5 loss 0.0654 item_loss 0.03219 items: used 0.22 of rows-with-items, k>0 596, thrown 984/1414
rnd 83000 steps 10.62M t 44.9m eps 0.010 pairs_len 93 wins A/B/draw 146/151/3 loss 0.0651 item_loss 0.03196 items: used 0.23 of rows-with-items, k>0 540, thrown 950/1348
rnd 83100 steps 10.64M t 45.0m eps 0.010 pairs_len 92 wins A/B/draw 158/138/4 loss 0.0650 item_loss 0.03125 items: used 0.23 of rows-with-items, k>0 510, thrown 926/1331
rnd 83200 steps 10.65M t 45.1m eps 0.010 pairs_len 91 wins A/B/draw 160/138/2 loss 0.0647 item_loss 0.03176 items: used 0.23 of rows-with-items, k>0 525, thrown 962/1358
rnd 83300 steps 10.66M t 45.3m eps 0.010 pairs_len 89 wins A/B/draw 161/138/1 loss 0.0646 item_loss 0.03232 items: used 0.22 of rows-with-items, k>0 528, thrown 937/1373
rnd 83400 steps 10.68M t 45.3m eps 0.010 pairs_len 92 wins A/B/draw 134/166/0 loss 0.0644 item_loss 0.03247 items: used 0.23 of rows-with-items, k>0 522, thrown 1022/1411
rnd 83500 steps 10.69M t 45.4m eps 0.010 pairs_len 91 wins A/B/draw 138/161/1 loss 0.0643 item_loss 0.03162 items: used 0.22 of rows-with-items, k>0 526, thrown 994/1353
rnd 83600 steps 10.70M t 45.4m eps 0.010 pairs_len 93 wins A/B/draw 149/149/2 loss 0.0642 item_loss 0.03131 items: used 0.22 of rows-with-items, k>0 531, thrown 998/1400
rnd 83700 steps 10.71M t 45.5m eps 0.010 pairs_len 91 wins A/B/draw 151/146/3 loss 0.0639 item_loss 0.03149 items: used 0.21 of rows-with-items, k>0 520, thrown 900/1300
rnd 83800 steps 10.73M t 45.5m eps 0.010 pairs_len 89 wins A/B/draw 161/136/3 loss 0.0640 item_loss 0.03123 items: used 0.23 of rows-with-items, k>0 523, thrown 935/1362
rnd 83900 steps 10.74M t 45.6m eps 0.010 pairs_len 88 wins A/B/draw 161/136/3 loss 0.0648 item_loss 0.03149 items: used 0.22 of rows-with-items, k>0 540, thrown 916/1387
rnd 84000 steps 10.75M t 45.6m eps 0.010 pairs_len 88 wins A/B/draw 165/131/4 loss 0.0651 item_loss 0.03170 items: used 0.21 of rows-with-items, k>0 589, thrown 940/1378
rnd 84100 steps 10.76M t 45.7m eps 0.010 pairs_len 92 wins A/B/draw 165/128/7 loss 0.0658 item_loss 0.03130 items: used 0.23 of rows-with-items, k>0 464, thrown 932/1324
rnd 84200 steps 10.78M t 45.7m eps 0.010 pairs_len 92 wins A/B/draw 150/142/8 loss 0.0654 item_loss 0.03145 items: used 0.22 of rows-with-items, k>0 564, thrown 955/1380
rnd 84300 steps 10.79M t 45.8m eps 0.010 pairs_len 90 wins A/B/draw 144/149/7 loss 0.0658 item_loss 0.03109 items: used 0.23 of rows-with-items, k>0 491, thrown 961/1373
rnd 84400 steps 10.80M t 45.8m eps 0.010 pairs_len 89 wins A/B/draw 144/153/3 loss 0.0656 item_loss 0.03096 items: used 0.22 of rows-with-items, k>0 494, thrown 928/1313
rnd 84500 steps 10.82M t 45.8m eps 0.010 pairs_len 89 wins A/B/draw 151/149/0 loss 0.0660 item_loss 0.03047 items: used 0.23 of rows-with-items, k>0 462, thrown 926/1306
rnd 84600 steps 10.83M t 45.8m eps 0.010 pairs_len 92 wins A/B/draw 153/146/1 loss 0.0655 item_loss 0.03051 items: used 0.22 of rows-with-items, k>0 547, thrown 921/1387
rnd 84700 steps 10.84M t 45.9m eps 0.010 pairs_len 95 wins A/B/draw 159/139/2 loss 0.0655 item_loss 0.03135 items: used 0.21 of rows-with-items, k>0 573, thrown 975/1386
rnd 84800 steps 10.85M t 45.9m eps 0.010 pairs_len 95 wins A/B/draw 153/145/2 loss 0.0649 item_loss 0.03105 items: used 0.23 of rows-with-items, k>0 492, thrown 967/1353
rnd 84900 steps 10.87M t 46.0m eps 0.010 pairs_len 94 wins A/B/draw 156/143/1 loss 0.0655 item_loss 0.03046 items: used 0.20 of rows-with-items, k>0 538, thrown 950/1338
rnd 85000 steps 10.88M t 46.0m eps 0.010 pairs_len 92 wins A/B/draw 158/140/2 loss 0.0653 item_loss 0.03115 items: used 0.22 of rows-with-items, k>0 539, thrown 977/1395
rnd 85100 steps 10.89M t 46.0m eps 0.010 pairs_len 93 wins A/B/draw 153/144/3 loss 0.0655 item_loss 0.03091 items: used 0.22 of rows-with-items, k>0 525, thrown 919/1318
rnd 85200 steps 10.91M t 46.0m eps 0.010 pairs_len 92 wins A/B/draw 143/152/5 loss 0.0652 item_loss 0.03105 items: used 0.21 of rows-with-items, k>0 499, thrown 906/1287
rnd 85300 steps 10.92M t 46.1m eps 0.010 pairs_len 92 wins A/B/draw 138/157/5 loss 0.0647 item_loss 0.03112 items: used 0.23 of rows-with-items, k>0 456, thrown 934/1346
rnd 85400 steps 10.93M t 46.1m eps 0.010 pairs_len 93 wins A/B/draw 134/162/4 loss 0.0640 item_loss 0.03150 items: used 0.24 of rows-with-items, k>0 456, thrown 963/1372
rnd 85500 steps 10.94M t 46.1m eps 0.010 pairs_len 93 wins A/B/draw 132/166/2 loss 0.0634 item_loss 0.03091 items: used 0.22 of rows-with-items, k>0 494, thrown 939/1305
rnd 85600 steps 10.96M t 46.2m eps 0.010 pairs_len 94 wins A/B/draw 129/170/1 loss 0.0641 item_loss 0.03025 items: used 0.20 of rows-with-items, k>0 528, thrown 939/1343
rnd 85700 steps 10.97M t 46.2m eps 0.010 pairs_len 95 wins A/B/draw 140/159/1 loss 0.0634 item_loss 0.02992 items: used 0.20 of rows-with-items, k>0 545, thrown 911/1303
rnd 85800 steps 10.98M t 46.2m eps 0.010 pairs_len 96 wins A/B/draw 142/157/1 loss 0.0632 item_loss 0.03017 items: used 0.22 of rows-with-items, k>0 514, thrown 908/1333
rnd 85900 steps 11.00M t 46.3m eps 0.010 pairs_len 96 wins A/B/draw 146/152/2 loss 0.0632 item_loss 0.02982 items: used 0.23 of rows-with-items, k>0 517, thrown 915/1358
rnd 86000 steps 11.01M t 46.3m eps 0.010 pairs_len 97 wins A/B/draw 148/149/3 loss 0.0636 item_loss 0.02925 items: used 0.22 of rows-with-items, k>0 509, thrown 965/1363
rnd 86100 steps 11.02M t 46.3m eps 0.010 pairs_len 97 wins A/B/draw 157/141/2 loss 0.0638 item_loss 0.02931 items: used 0.21 of rows-with-items, k>0 485, thrown 924/1296
rnd 86200 steps 11.03M t 46.4m eps 0.010 pairs_len 96 wins A/B/draw 158/138/4 loss 0.0635 item_loss 0.02928 items: used 0.23 of rows-with-items, k>0 507, thrown 928/1329
rnd 86300 steps 11.05M t 46.4m eps 0.010 pairs_len 92 wins A/B/draw 157/141/2 loss 0.0635 item_loss 0.02930 items: used 0.22 of rows-with-items, k>0 517, thrown 915/1318
rnd 86400 steps 11.06M t 46.4m eps 0.010 pairs_len 87 wins A/B/draw 160/137/3 loss 0.0637 item_loss 0.02866 items: used 0.23 of rows-with-items, k>0 548, thrown 1005/1436
rnd 86500 steps 11.07M t 46.4m eps 0.010 pairs_len 88 wins A/B/draw 157/141/2 loss 0.0637 item_loss 0.02833 items: used 0.23 of rows-with-items, k>0 483, thrown 886/1287
rnd 86600 steps 11.08M t 46.5m eps 0.010 pairs_len 87 wins A/B/draw 156/142/2 loss 0.0640 item_loss 0.02836 items: used 0.23 of rows-with-items, k>0 460, thrown 964/1297
rnd 86700 steps 11.10M t 46.5m eps 0.010 pairs_len 89 wins A/B/draw 157/142/1 loss 0.0636 item_loss 0.02821 items: used 0.22 of rows-with-items, k>0 500, thrown 926/1348
EVAL battle-net(A) vs solo-net + old rule(B): {'win': 0.6907216494845361, 'lose': 0.30927835051546393, 'draw': 0.0, 'games': 97, 'mean_len': 72.98969072164948}
rnd 86800 steps 11.11M t 46.6m eps 0.010 pairs_len 87 wins A/B/draw 159/137/4 loss 0.0635 item_loss 0.02855 items: used 0.23 of rows-with-items, k>0 447, thrown 918/1330
rnd 86900 steps 11.12M t 46.6m eps 0.010 pairs_len 87 wins A/B/draw 158/138/4 loss 0.0636 item_loss 0.02877 items: used 0.21 of rows-with-items, k>0 533, thrown 929/1311
rnd 87000 steps 11.14M t 46.6m eps 0.010 pairs_len 89 wins A/B/draw 163/133/4 loss 0.0636 item_loss 0.02904 items: used 0.22 of rows-with-items, k>0 482, thrown 904/1292
rnd 87100 steps 11.15M t 46.7m eps 0.010 pairs_len 90 wins A/B/draw 160/137/3 loss 0.0639 item_loss 0.02899 items: used 0.22 of rows-with-items, k>0 582, thrown 973/1423
rnd 87200 steps 11.16M t 46.7m eps 0.010 pairs_len 93 wins A/B/draw 153/146/1 loss 0.0646 item_loss 0.02932 items: used 0.20 of rows-with-items, k>0 532, thrown 913/1307
rnd 87300 steps 11.17M t 46.7m eps 0.010 pairs_len 94 wins A/B/draw 150/150/0 loss 0.0646 item_loss 0.03030 items: used 0.22 of rows-with-items, k>0 491, thrown 910/1294
rnd 87400 steps 11.19M t 46.7m eps 0.010 pairs_len 94 wins A/B/draw 148/152/0 loss 0.0643 item_loss 0.02981 items: used 0.20 of rows-with-items, k>0 480, thrown 893/1293
rnd 87500 steps 11.20M t 46.8m eps 0.010 pairs_len 93 wins A/B/draw 157/142/1 loss 0.0641 item_loss 0.02979 items: used 0.22 of rows-with-items, k>0 550, thrown 971/1331
rnd 87600 steps 11.21M t 46.9m eps 0.010 pairs_len 90 wins A/B/draw 149/149/2 loss 0.0639 item_loss 0.03033 items: used 0.22 of rows-with-items, k>0 487, thrown 941/1285
rnd 87700 steps 11.23M t 47.1m eps 0.010 pairs_len 89 wins A/B/draw 149/149/2 loss 0.0639 item_loss 0.03000 items: used 0.22 of rows-with-items, k>0 537, thrown 964/1376
rnd 87800 steps 11.24M t 47.2m eps 0.010 pairs_len 88 wins A/B/draw 154/144/2 loss 0.0634 item_loss 0.02959 items: used 0.21 of rows-with-items, k>0 577, thrown 916/1294
rnd 87900 steps 11.25M t 47.2m eps 0.010 pairs_len 88 wins A/B/draw 156/143/1 loss 0.0637 item_loss 0.02972 items: used 0.22 of rows-with-items, k>0 512, thrown 942/1277
rnd 88000 steps 11.26M t 47.2m eps 0.010 pairs_len 88 wins A/B/draw 160/139/1 loss 0.0639 item_loss 0.02961 items: used 0.22 of rows-with-items, k>0 493, thrown 900/1307
rnd 88100 steps 11.28M t 47.3m eps 0.010 pairs_len 89 wins A/B/draw 156/144/0 loss 0.0644 item_loss 0.02961 items: used 0.22 of rows-with-items, k>0 581, thrown 1008/1415
rnd 88200 steps 11.29M t 47.3m eps 0.010 pairs_len 92 wins A/B/draw 166/133/1 loss 0.0640 item_loss 0.02972 items: used 0.21 of rows-with-items, k>0 507, thrown 894/1261
rnd 88300 steps 11.30M t 47.4m eps 0.010 pairs_len 94 wins A/B/draw 170/129/1 loss 0.0638 item_loss 0.03011 items: used 0.20 of rows-with-items, k>0 536, thrown 930/1304
rnd 88400 steps 11.32M t 47.4m eps 0.010 pairs_len 95 wins A/B/draw 170/127/3 loss 0.0632 item_loss 0.03050 items: used 0.22 of rows-with-items, k>0 512, thrown 949/1335
rnd 88500 steps 11.33M t 47.5m eps 0.010 pairs_len 90 wins A/B/draw 160/136/4 loss 0.0628 item_loss 0.03078 items: used 0.22 of rows-with-items, k>0 548, thrown 904/1284
rnd 88600 steps 11.34M t 47.5m eps 0.010 pairs_len 89 wins A/B/draw 148/147/5 loss 0.0623 item_loss 0.03165 items: used 0.22 of rows-with-items, k>0 547, thrown 939/1361
rnd 88700 steps 11.35M t 47.5m eps 0.010 pairs_len 90 wins A/B/draw 153/143/4 loss 0.0620 item_loss 0.03204 items: used 0.22 of rows-with-items, k>0 503, thrown 945/1309
rnd 88800 steps 11.37M t 47.6m eps 0.010 pairs_len 91 wins A/B/draw 143/152/5 loss 0.0619 item_loss 0.03201 items: used 0.22 of rows-with-items, k>0 567, thrown 959/1330
rnd 88900 steps 11.38M t 47.6m eps 0.010 pairs_len 93 wins A/B/draw 152/143/5 loss 0.0615 item_loss 0.03209 items: used 0.23 of rows-with-items, k>0 572, thrown 928/1322
rnd 89000 steps 11.39M t 47.6m eps 0.010 pairs_len 92 wins A/B/draw 154/140/6 loss 0.0619 item_loss 0.03181 items: used 0.21 of rows-with-items, k>0 448, thrown 833/1204
rnd 89100 steps 11.40M t 47.6m eps 0.010 pairs_len 91 wins A/B/draw 153/144/3 loss 0.0618 item_loss 0.03222 items: used 0.21 of rows-with-items, k>0 510, thrown 899/1260
rnd 89200 steps 11.42M t 47.7m eps 0.010 pairs_len 90 wins A/B/draw 156/141/3 loss 0.0626 item_loss 0.03168 items: used 0.23 of rows-with-items, k>0 561, thrown 1001/1377
rnd 89300 steps 11.43M t 47.7m eps 0.010 pairs_len 87 wins A/B/draw 144/153/3 loss 0.0632 item_loss 0.03171 items: used 0.23 of rows-with-items, k>0 483, thrown 934/1289
rnd 89400 steps 11.44M t 47.7m eps 0.010 pairs_len 88 wins A/B/draw 142/154/4 loss 0.0627 item_loss 0.03144 items: used 0.23 of rows-with-items, k>0 569, thrown 974/1386
rnd 89500 steps 11.46M t 47.8m eps 0.010 pairs_len 89 wins A/B/draw 143/154/3 loss 0.0622 item_loss 0.03171 items: used 0.22 of rows-with-items, k>0 521, thrown 917/1324
rnd 89600 steps 11.47M t 47.8m eps 0.010 pairs_len 90 wins A/B/draw 142/156/2 loss 0.0626 item_loss 0.03131 items: used 0.21 of rows-with-items, k>0 571, thrown 917/1306
rnd 89700 steps 11.48M t 47.8m eps 0.010 pairs_len 92 wins A/B/draw 141/159/0 loss 0.0615 item_loss 0.03091 items: used 0.20 of rows-with-items, k>0 550, thrown 936/1299
rnd 89800 steps 11.49M t 47.8m eps 0.010 pairs_len 89 wins A/B/draw 152/148/0 loss 0.0615 item_loss 0.03068 items: used 0.22 of rows-with-items, k>0 551, thrown 931/1322
rnd 89900 steps 11.51M t 47.9m eps 0.010 pairs_len 86 wins A/B/draw 151/148/1 loss 0.0621 item_loss 0.03052 items: used 0.20 of rows-with-items, k>0 499, thrown 829/1193
rnd 90000 steps 11.52M t 47.9m eps 0.010 pairs_len 85 wins A/B/draw 152/146/2 loss 0.0622 item_loss 0.03043 items: used 0.21 of rows-with-items, k>0 556, thrown 925/1316
rnd 90100 steps 11.53M t 47.9m eps 0.010 pairs_len 86 wins A/B/draw 148/149/3 loss 0.0627 item_loss 0.03065 items: used 0.20 of rows-with-items, k>0 586, thrown 925/1310
rnd 90200 steps 11.55M t 48.0m eps 0.010 pairs_len 89 wins A/B/draw 144/154/2 loss 0.0624 item_loss 0.03016 items: used 0.20 of rows-with-items, k>0 612, thrown 947/1333
rnd 90300 steps 11.56M t 48.0m eps 0.010 pairs_len 92 wins A/B/draw 156/143/1 loss 0.0623 item_loss 0.02982 items: used 0.22 of rows-with-items, k>0 535, thrown 921/1277
rnd 90400 steps 11.57M t 48.0m eps 0.010 pairs_len 92 wins A/B/draw 152/146/2 loss 0.0624 item_loss 0.02996 items: used 0.23 of rows-with-items, k>0 548, thrown 946/1324
rnd 90500 steps 11.58M t 48.1m eps 0.010 pairs_len 90 wins A/B/draw 148/150/2 loss 0.0624 item_loss 0.02915 items: used 0.20 of rows-with-items, k>0 556, thrown 922/1306
rnd 90600 steps 11.60M t 48.1m eps 0.010 pairs_len 91 wins A/B/draw 143/155/2 loss 0.0622 item_loss 0.02876 items: used 0.23 of rows-with-items, k>0 519, thrown 928/1338
rnd 90700 steps 11.61M t 48.1m eps 0.010 pairs_len 88 wins A/B/draw 139/160/1 loss 0.0629 item_loss 0.02927 items: used 0.22 of rows-with-items, k>0 424, thrown 877/1220
rnd 90800 steps 11.62M t 48.1m eps 0.010 pairs_len 88 wins A/B/draw 143/155/2 loss 0.0634 item_loss 0.02951 items: used 0.20 of rows-with-items, k>0 534, thrown 859/1254
rnd 90900 steps 11.64M t 48.2m eps 0.010 pairs_len 87 wins A/B/draw 153/144/3 loss 0.0634 item_loss 0.02987 items: used 0.21 of rows-with-items, k>0 573, thrown 868/1271
rnd 91000 steps 11.65M t 48.2m eps 0.010 pairs_len 89 wins A/B/draw 146/151/3 loss 0.0631 item_loss 0.02941 items: used 0.21 of rows-with-items, k>0 576, thrown 907/1329
rnd 91100 steps 11.66M t 48.2m eps 0.010 pairs_len 92 wins A/B/draw 147/150/3 loss 0.0628 item_loss 0.02930 items: used 0.22 of rows-with-items, k>0 548, thrown 959/1332
rnd 91200 steps 11.67M t 48.3m eps 0.010 pairs_len 94 wins A/B/draw 147/151/2 loss 0.0629 item_loss 0.02932 items: used 0.21 of rows-with-items, k>0 549, thrown 906/1272
rnd 91300 steps 11.69M t 48.3m eps 0.010 pairs_len 91 wins A/B/draw 149/148/3 loss 0.0628 item_loss 0.02945 items: used 0.22 of rows-with-items, k>0 567, thrown 927/1327
rnd 91400 steps 11.70M t 48.3m eps 0.010 pairs_len 88 wins A/B/draw 157/140/3 loss 0.0626 item_loss 0.03025 items: used 0.21 of rows-with-items, k>0 564, thrown 931/1336
rnd 91500 steps 11.71M t 48.4m eps 0.010 pairs_len 84 wins A/B/draw 152/143/5 loss 0.0622 item_loss 0.02993 items: used 0.21 of rows-with-items, k>0 616, thrown 963/1402
rnd 91600 steps 11.72M t 48.4m eps 0.010 pairs_len 87 wins A/B/draw 157/140/3 loss 0.0620 item_loss 0.03085 items: used 0.21 of rows-with-items, k>0 575, thrown 950/1362
rnd 91700 steps 11.74M t 48.4m eps 0.010 pairs_len 89 wins A/B/draw 160/137/3 loss 0.0623 item_loss 0.03088 items: used 0.20 of rows-with-items, k>0 550, thrown 928/1296
rnd 91800 steps 11.75M t 48.4m eps 0.010 pairs_len 91 wins A/B/draw 154/141/5 loss 0.0620 item_loss 0.03112 items: used 0.21 of rows-with-items, k>0 625, thrown 952/1354
rnd 91900 steps 11.76M t 48.6m eps 0.010 pairs_len 92 wins A/B/draw 155/141/4 loss 0.0616 item_loss 0.03132 items: used 0.21 of rows-with-items, k>0 473, thrown 894/1272
rnd 92000 steps 11.78M t 48.8m eps 0.010 pairs_len 90 wins A/B/draw 149/145/6 loss 0.0619 item_loss 0.03038 items: used 0.21 of rows-with-items, k>0 512, thrown 888/1261
rnd 92100 steps 11.79M t 48.9m eps 0.010 pairs_len 88 wins A/B/draw 134/161/5 loss 0.0618 item_loss 0.03068 items: used 0.19 of rows-with-items, k>0 509, thrown 850/1230
rnd 92200 steps 11.80M t 48.9m eps 0.010 pairs_len 86 wins A/B/draw 129/166/5 loss 0.0621 item_loss 0.03106 items: used 0.20 of rows-with-items, k>0 571, thrown 846/1248
rnd 92300 steps 11.81M t 48.9m eps 0.010 pairs_len 87 wins A/B/draw 135/161/4 loss 0.0620 item_loss 0.03147 items: used 0.20 of rows-with-items, k>0 547, thrown 923/1320
rnd 92400 steps 11.83M t 49.0m eps 0.010 pairs_len 89 wins A/B/draw 135/162/3 loss 0.0620 item_loss 0.03067 items: used 0.20 of rows-with-items, k>0 515, thrown 863/1270
rnd 92500 steps 11.84M t 49.0m eps 0.010 pairs_len 89 wins A/B/draw 132/163/5 loss 0.0621 item_loss 0.03070 items: used 0.20 of rows-with-items, k>0 513, thrown 844/1240
rnd 92600 steps 11.85M t 49.1m eps 0.010 pairs_len 89 wins A/B/draw 129/167/4 loss 0.0620 item_loss 0.03050 items: used 0.22 of rows-with-items, k>0 553, thrown 929/1354
rnd 92700 steps 11.87M t 49.1m eps 0.010 pairs_len 88 wins A/B/draw 134/161/5 loss 0.0624 item_loss 0.03109 items: used 0.21 of rows-with-items, k>0 509, thrown 890/1316
rnd 92800 steps 11.88M t 49.2m eps 0.010 pairs_len 86 wins A/B/draw 141/157/2 loss 0.0622 item_loss 0.03119 items: used 0.22 of rows-with-items, k>0 541, thrown 918/1299
rnd 92900 steps 11.89M t 49.2m eps 0.010 pairs_len 87 wins A/B/draw 152/145/3 loss 0.0623 item_loss 0.03177 items: used 0.20 of rows-with-items, k>0 586, thrown 891/1344
rnd 93000 steps 11.90M t 49.2m eps 0.010 pairs_len 88 wins A/B/draw 153/145/2 loss 0.0625 item_loss 0.03097 items: used 0.19 of rows-with-items, k>0 565, thrown 850/1262
rnd 93100 steps 11.92M t 49.3m eps 0.010 pairs_len 89 wins A/B/draw 159/140/1 loss 0.0624 item_loss 0.03043 items: used 0.20 of rows-with-items, k>0 492, thrown 853/1203
rnd 93200 steps 11.93M t 49.3m eps 0.010 pairs_len 90 wins A/B/draw 154/145/1 loss 0.0624 item_loss 0.03064 items: used 0.19 of rows-with-items, k>0 514, thrown 878/1231
rnd 93300 steps 11.94M t 49.3m eps 0.010 pairs_len 90 wins A/B/draw 156/142/2 loss 0.0627 item_loss 0.03008 items: used 0.21 of rows-with-items, k>0 577, thrown 917/1319
rnd 93400 steps 11.96M t 49.3m eps 0.010 pairs_len 89 wins A/B/draw 150/148/2 loss 0.0626 item_loss 0.02960 items: used 0.21 of rows-with-items, k>0 545, thrown 941/1343
rnd 93500 steps 11.97M t 49.4m eps 0.010 pairs_len 89 wins A/B/draw 143/155/2 loss 0.0629 item_loss 0.02964 items: used 0.21 of rows-with-items, k>0 501, thrown 849/1200
rnd 93600 steps 11.98M t 49.4m eps 0.010 pairs_len 87 wins A/B/draw 147/151/2 loss 0.0626 item_loss 0.02953 items: used 0.21 of rows-with-items, k>0 497, thrown 884/1280
rnd 93700 steps 11.99M t 49.5m eps 0.010 pairs_len 88 wins A/B/draw 141/156/3 loss 0.0620 item_loss 0.02987 items: used 0.20 of rows-with-items, k>0 555, thrown 880/1254
rnd 93800 steps 12.01M t 49.5m eps 0.010 pairs_len 85 wins A/B/draw 138/159/3 loss 0.0626 item_loss 0.03032 items: used 0.22 of rows-with-items, k>0 529, thrown 907/1295
rnd 93900 steps 12.02M t 49.5m eps 0.010 pairs_len 85 wins A/B/draw 147/150/3 loss 0.0624 item_loss 0.03037 items: used 0.22 of rows-with-items, k>0 551, thrown 893/1276
rnd 94000 steps 12.03M t 49.5m eps 0.010 pairs_len 84 wins A/B/draw 158/140/2 loss 0.0624 item_loss 0.02995 items: used 0.20 of rows-with-items, k>0 557, thrown 864/1254
rnd 94100 steps 12.04M t 49.6m eps 0.010 pairs_len 86 wins A/B/draw 156/141/3 loss 0.0621 item_loss 0.03006 items: used 0.19 of rows-with-items, k>0 496, thrown 827/1210
rnd 94200 steps 12.06M t 49.6m eps 0.010 pairs_len 87 wins A/B/draw 147/151/2 loss 0.0609 item_loss 0.03083 items: used 0.21 of rows-with-items, k>0 543, thrown 857/1288
rnd 94300 steps 12.07M t 49.6m eps 0.010 pairs_len 91 wins A/B/draw 137/162/1 loss 0.0606 item_loss 0.03033 items: used 0.21 of rows-with-items, k>0 539, thrown 905/1312
rnd 94400 steps 12.08M t 49.7m eps 0.010 pairs_len 90 wins A/B/draw 138/159/3 loss 0.0600 item_loss 0.03010 items: used 0.20 of rows-with-items, k>0 486, thrown 839/1186
rnd 94500 steps 12.10M t 49.7m eps 0.010 pairs_len 90 wins A/B/draw 131/166/3 loss 0.0598 item_loss 0.02998 items: used 0.19 of rows-with-items, k>0 526, thrown 840/1228
rnd 94600 steps 12.11M t 49.7m eps 0.010 pairs_len 85 wins A/B/draw 134/163/3 loss 0.0599 item_loss 0.02967 items: used 0.20 of rows-with-items, k>0 519, thrown 868/1263
rnd 94700 steps 12.12M t 49.7m eps 0.010 pairs_len 86 wins A/B/draw 139/157/4 loss 0.0598 item_loss 0.03004 items: used 0.20 of rows-with-items, k>0 531, thrown 867/1245
rnd 94800 steps 12.13M t 49.8m eps 0.010 pairs_len 85 wins A/B/draw 147/151/2 loss 0.0599 item_loss 0.03023 items: used 0.20 of rows-with-items, k>0 537, thrown 916/1273
rnd 94900 steps 12.15M t 49.8m eps 0.010 pairs_len 86 wins A/B/draw 148/149/3 loss 0.0597 item_loss 0.03039 items: used 0.19 of rows-with-items, k>0 491, thrown 855/1207
rnd 95000 steps 12.16M t 49.8m eps 0.010 pairs_len 86 wins A/B/draw 165/132/3 loss 0.0588 item_loss 0.02980 items: used 0.21 of rows-with-items, k>0 523, thrown 903/1316
rnd 95100 steps 12.17M t 49.9m eps 0.010 pairs_len 85 wins A/B/draw 167/131/2 loss 0.0583 item_loss 0.02938 items: used 0.19 of rows-with-items, k>0 517, thrown 811/1192
rnd 95200 steps 12.19M t 49.9m eps 0.010 pairs_len 85 wins A/B/draw 162/137/1 loss 0.0584 item_loss 0.02911 items: used 0.20 of rows-with-items, k>0 550, thrown 900/1294
rnd 95300 steps 12.20M t 49.9m eps 0.010 pairs_len 85 wins A/B/draw 142/155/3 loss 0.0584 item_loss 0.02839 items: used 0.20 of rows-with-items, k>0 578, thrown 907/1291
rnd 95400 steps 12.21M t 50.0m eps 0.010 pairs_len 87 wins A/B/draw 135/162/3 loss 0.0584 item_loss 0.02825 items: used 0.20 of rows-with-items, k>0 564, thrown 841/1258
rnd 95500 steps 12.22M t 50.0m eps 0.010 pairs_len 90 wins A/B/draw 129/167/4 loss 0.0582 item_loss 0.02839 items: used 0.20 of rows-with-items, k>0 506, thrown 866/1269
rnd 95600 steps 12.24M t 50.0m eps 0.010 pairs_len 90 wins A/B/draw 141/157/2 loss 0.0579 item_loss 0.02821 items: used 0.19 of rows-with-items, k>0 563, thrown 872/1267
rnd 95700 steps 12.25M t 50.0m eps 0.010 pairs_len 89 wins A/B/draw 140/158/2 loss 0.0579 item_loss 0.02758 items: used 0.20 of rows-with-items, k>0 491, thrown 868/1210
rnd 95800 steps 12.26M t 50.1m eps 0.010 pairs_len 87 wins A/B/draw 146/151/3 loss 0.0580 item_loss 0.02757 items: used 0.19 of rows-with-items, k>0 542, thrown 903/1295
rnd 95900 steps 12.28M t 50.1m eps 0.010 pairs_len 87 wins A/B/draw 141/157/2 loss 0.0582 item_loss 0.02820 items: used 0.19 of rows-with-items, k>0 505, thrown 859/1247
rnd 96000 steps 12.29M t 50.2m eps 0.010 pairs_len 86 wins A/B/draw 143/153/4 loss 0.0579 item_loss 0.02771 items: used 0.20 of rows-with-items, k>0 586, thrown 918/1293
rnd 96100 steps 12.30M t 50.3m eps 0.010 pairs_len 87 wins A/B/draw 149/147/4 loss 0.0582 item_loss 0.02770 items: used 0.21 of rows-with-items, k>0 537, thrown 874/1276
rnd 96200 steps 12.31M t 50.5m eps 0.010 pairs_len 89 wins A/B/draw 156/141/3 loss 0.0576 item_loss 0.02741 items: used 0.20 of rows-with-items, k>0 482, thrown 872/1243
rnd 96300 steps 12.33M t 50.6m eps 0.010 pairs_len 89 wins A/B/draw 148/148/4 loss 0.0573 item_loss 0.02696 items: used 0.19 of rows-with-items, k>0 568, thrown 866/1279
rnd 96400 steps 12.34M t 50.6m eps 0.010 pairs_len 89 wins A/B/draw 137/160/3 loss 0.0569 item_loss 0.02725 items: used 0.19 of rows-with-items, k>0 519, thrown 887/1221
rnd 96500 steps 12.35M t 50.6m eps 0.010 pairs_len 91 wins A/B/draw 130/167/3 loss 0.0569 item_loss 0.02771 items: used 0.21 of rows-with-items, k>0 543, thrown 888/1319
rnd 96600 steps 12.36M t 50.7m eps 0.010 pairs_len 90 wins A/B/draw 143/154/3 loss 0.0567 item_loss 0.02773 items: used 0.18 of rows-with-items, k>0 514, thrown 853/1206
rnd 96700 steps 12.38M t 50.7m eps 0.010 pairs_len 91 wins A/B/draw 143/155/2 loss 0.0564 item_loss 0.02733 items: used 0.21 of rows-with-items, k>0 523, thrown 875/1324
rnd 96800 steps 12.39M t 50.8m eps 0.010 pairs_len 90 wins A/B/draw 140/158/2 loss 0.0571 item_loss 0.02766 items: used 0.20 of rows-with-items, k>0 519, thrown 842/1237
rnd 96900 steps 12.40M t 50.8m eps 0.010 pairs_len 87 wins A/B/draw 138/160/2 loss 0.0570 item_loss 0.02857 items: used 0.21 of rows-with-items, k>0 522, thrown 898/1308
rnd 97000 steps 12.42M t 50.9m eps 0.010 pairs_len 88 wins A/B/draw 143/155/2 loss 0.0572 item_loss 0.02825 items: used 0.19 of rows-with-items, k>0 540, thrown 866/1272
rnd 97100 steps 12.43M t 50.9m eps 0.010 pairs_len 89 wins A/B/draw 139/156/5 loss 0.0571 item_loss 0.02831 items: used 0.20 of rows-with-items, k>0 504, thrown 891/1299
rnd 97200 steps 12.44M t 50.9m eps 0.010 pairs_len 92 wins A/B/draw 141/154/5 loss 0.0570 item_loss 0.02786 items: used 0.19 of rows-with-items, k>0 607, thrown 860/1233
rnd 97300 steps 12.45M t 51.0m eps 0.010 pairs_len 89 wins A/B/draw 145/152/3 loss 0.0574 item_loss 0.02800 items: used 0.19 of rows-with-items, k>0 479, thrown 825/1165
rnd 97400 steps 12.47M t 51.0m eps 0.010 pairs_len 87 wins A/B/draw 152/146/2 loss 0.0571 item_loss 0.02801 items: used 0.19 of rows-with-items, k>0 533, thrown 823/1230
rnd 97500 steps 12.48M t 51.0m eps 0.010 pairs_len 88 wins A/B/draw 160/138/2 loss 0.0564 item_loss 0.02803 items: used 0.20 of rows-with-items, k>0 602, thrown 892/1305
rnd 97600 steps 12.49M t 51.1m eps 0.010 pairs_len 89 wins A/B/draw 163/135/2 loss 0.0560 item_loss 0.02878 items: used 0.20 of rows-with-items, k>0 528, thrown 882/1277
rnd 97700 steps 12.51M t 51.1m eps 0.010 pairs_len 89 wins A/B/draw 156/142/2 loss 0.0558 item_loss 0.02853 items: used 0.19 of rows-with-items, k>0 513, thrown 823/1184
rnd 97800 steps 12.52M t 51.1m eps 0.010 pairs_len 88 wins A/B/draw 155/144/1 loss 0.0558 item_loss 0.02833 items: used 0.19 of rows-with-items, k>0 587, thrown 891/1349
rnd 97900 steps 12.53M t 51.1m eps 0.010 pairs_len 86 wins A/B/draw 153/146/1 loss 0.0553 item_loss 0.02819 items: used 0.20 of rows-with-items, k>0 499, thrown 852/1208
rnd 98000 steps 12.54M t 51.2m eps 0.010 pairs_len 85 wins A/B/draw 151/148/1 loss 0.0554 item_loss 0.02804 items: used 0.19 of rows-with-items, k>0 542, thrown 874/1234
rnd 98100 steps 12.56M t 51.2m eps 0.010 pairs_len 86 wins A/B/draw 154/145/1 loss 0.0555 item_loss 0.02760 items: used 0.20 of rows-with-items, k>0 530, thrown 851/1246
rnd 98200 steps 12.57M t 51.2m eps 0.010 pairs_len 86 wins A/B/draw 150/149/1 loss 0.0553 item_loss 0.02766 items: used 0.19 of rows-with-items, k>0 588, thrown 880/1278
rnd 98300 steps 12.58M t 51.3m eps 0.010 pairs_len 87 wins A/B/draw 150/149/1 loss 0.0555 item_loss 0.02772 items: used 0.20 of rows-with-items, k>0 555, thrown 874/1282
rnd 98400 steps 12.60M t 51.3m eps 0.010 pairs_len 88 wins A/B/draw 155/144/1 loss 0.0556 item_loss 0.02805 items: used 0.21 of rows-with-items, k>0 538, thrown 882/1259
rnd 98500 steps 12.61M t 51.3m eps 0.010 pairs_len 87 wins A/B/draw 153/145/2 loss 0.0555 item_loss 0.02792 items: used 0.21 of rows-with-items, k>0 638, thrown 943/1339
rnd 98600 steps 12.62M t 51.4m eps 0.010 pairs_len 87 wins A/B/draw 143/154/3 loss 0.0557 item_loss 0.02850 items: used 0.20 of rows-with-items, k>0 515, thrown 822/1227
rnd 98700 steps 12.63M t 51.4m eps 0.010 pairs_len 85 wins A/B/draw 136/159/5 loss 0.0552 item_loss 0.02804 items: used 0.19 of rows-with-items, k>0 511, thrown 849/1171
rnd 98800 steps 12.65M t 51.4m eps 0.010 pairs_len 85 wins A/B/draw 142/152/6 loss 0.0549 item_loss 0.02886 items: used 0.20 of rows-with-items, k>0 573, thrown 860/1276
rnd 98900 steps 12.66M t 51.4m eps 0.010 pairs_len 83 wins A/B/draw 145/149/6 loss 0.0550 item_loss 0.02859 items: used 0.18 of rows-with-items, k>0 595, thrown 865/1239
rnd 99000 steps 12.67M t 51.5m eps 0.010 pairs_len 83 wins A/B/draw 151/144/5 loss 0.0555 item_loss 0.02919 items: used 0.21 of rows-with-items, k>0 515, thrown 839/1231
rnd 99100 steps 12.68M t 51.5m eps 0.010 pairs_len 85 wins A/B/draw 157/141/2 loss 0.0554 item_loss 0.02843 items: used 0.20 of rows-with-items, k>0 575, thrown 864/1255
rnd 99200 steps 12.70M t 51.5m eps 0.010 pairs_len 83 wins A/B/draw 157/141/2 loss 0.0554 item_loss 0.02879 items: used 0.19 of rows-with-items, k>0 494, thrown 767/1151
rnd 99300 steps 12.71M t 51.6m eps 0.010 pairs_len 84 wins A/B/draw 155/143/2 loss 0.0554 item_loss 0.02818 items: used 0.21 of rows-with-items, k>0 495, thrown 867/1227
rnd 99400 steps 12.72M t 51.6m eps 0.010 pairs_len 83 wins A/B/draw 149/149/2 loss 0.0552 item_loss 0.02819 items: used 0.20 of rows-with-items, k>0 537, thrown 857/1242
rnd 99500 steps 12.74M t 51.6m eps 0.010 pairs_len 84 wins A/B/draw 157/140/3 loss 0.0553 item_loss 0.02756 items: used 0.19 of rows-with-items, k>0 539, thrown 851/1252
rnd 99600 steps 12.75M t 51.7m eps 0.010 pairs_len 86 wins A/B/draw 153/143/4 loss 0.0546 item_loss 0.02744 items: used 0.21 of rows-with-items, k>0 516, thrown 854/1234
rnd 99700 steps 12.76M t 51.7m eps 0.010 pairs_len 86 wins A/B/draw 154/140/6 loss 0.0552 item_loss 0.02748 items: used 0.20 of rows-with-items, k>0 463, thrown 803/1205
rnd 99800 steps 12.77M t 51.7m eps 0.010 pairs_len 87 wins A/B/draw 147/146/7 loss 0.0548 item_loss 0.02659 items: used 0.21 of rows-with-items, k>0 582, thrown 933/1332
rnd 99900 steps 12.79M t 51.7m eps 0.010 pairs_len 88 wins A/B/draw 149/145/6 loss 0.0549 item_loss 0.02709 items: used 0.19 of rows-with-items, k>0 580, thrown 860/1247
rnd 100000 steps 12.80M t 51.8m eps 0.010 pairs_len 91 wins A/B/draw 144/150/6 loss 0.0548 item_loss 0.02698 items: used 0.22 of rows-with-items, k>0 594, thrown 884/1322
rnd 100100 steps 12.81M t 51.8m eps 0.010 pairs_len 89 wins A/B/draw 145/150/5 loss 0.0546 item_loss 0.02701 items: used 0.21 of rows-with-items, k>0 447, thrown 787/1175
rnd 100200 steps 12.83M t 51.8m eps 0.010 pairs_len 89 wins A/B/draw 141/153/6 loss 0.0548 item_loss 0.02666 items: used 0.20 of rows-with-items, k>0 561, thrown 868/1304
rnd 100300 steps 12.84M t 51.9m eps 0.010 pairs_len 89 wins A/B/draw 155/140/5 loss 0.0545 item_loss 0.02667 items: used 0.21 of rows-with-items, k>0 490, thrown 802/1178
rnd 100400 steps 12.85M t 51.9m eps 0.010 pairs_len 88 wins A/B/draw 158/137/5 loss 0.0545 item_loss 0.02647 items: used 0.20 of rows-with-items, k>0 475, thrown 793/1163
rnd 100500 steps 12.86M t 51.9m eps 0.010 pairs_len 86 wins A/B/draw 155/142/3 loss 0.0551 item_loss 0.02643 items: used 0.22 of rows-with-items, k>0 482, thrown 831/1217
rnd 100600 steps 12.88M t 51.9m eps 0.010 pairs_len 85 wins A/B/draw 145/151/4 loss 0.0555 item_loss 0.02643 items: used 0.18 of rows-with-items, k>0 571, thrown 843/1202
rnd 100700 steps 12.89M t 52.1m eps 0.010 pairs_len 83 wins A/B/draw 148/148/4 loss 0.0550 item_loss 0.02613 items: used 0.21 of rows-with-items, k>0 465, thrown 831/1194
rnd 100800 steps 12.90M t 52.3m eps 0.010 pairs_len 84 wins A/B/draw 143/155/2 loss 0.0548 item_loss 0.02621 items: used 0.19 of rows-with-items, k>0 515, thrown 843/1247
rnd 100900 steps 12.92M t 52.3m eps 0.010 pairs_len 85 wins A/B/draw 146/153/1 loss 0.0548 item_loss 0.02638 items: used 0.21 of rows-with-items, k>0 551, thrown 853/1271
rnd 101000 steps 12.93M t 52.4m eps 0.010 pairs_len 85 wins A/B/draw 148/152/0 loss 0.0545 item_loss 0.02632 items: used 0.19 of rows-with-items, k>0 546, thrown 862/1255
rnd 101100 steps 12.94M t 52.4m eps 0.010 pairs_len 84 wins A/B/draw 141/158/1 loss 0.0540 item_loss 0.02617 items: used 0.19 of rows-with-items, k>0 546, thrown 851/1226
rnd 101200 steps 12.95M t 52.4m eps 0.010 pairs_len 85 wins A/B/draw 136/163/1 loss 0.0539 item_loss 0.02636 items: used 0.18 of rows-with-items, k>0 536, thrown 868/1284
rnd 101300 steps 12.97M t 52.5m eps 0.010 pairs_len 86 wins A/B/draw 142/157/1 loss 0.0536 item_loss 0.02587 items: used 0.20 of rows-with-items, k>0 615, thrown 919/1345
rnd 101400 steps 12.98M t 52.5m eps 0.010 pairs_len 87 wins A/B/draw 140/159/1 loss 0.0546 item_loss 0.02544 items: used 0.19 of rows-with-items, k>0 493, thrown 806/1159
rnd 101500 steps 12.99M t 52.6m eps 0.010 pairs_len 86 wins A/B/draw 146/152/2 loss 0.0541 item_loss 0.02604 items: used 0.19 of rows-with-items, k>0 628, thrown 891/1288
rnd 101600 steps 13.00M t 52.6m eps 0.010 pairs_len 85 wins A/B/draw 141/157/2 loss 0.0544 item_loss 0.02574 items: used 0.20 of rows-with-items, k>0 543, thrown 852/1277
rnd 101700 steps 13.02M t 52.7m eps 0.010 pairs_len 85 wins A/B/draw 145/154/1 loss 0.0538 item_loss 0.02553 items: used 0.19 of rows-with-items, k>0 623, thrown 889/1284
rnd 101800 steps 13.03M t 52.7m eps 0.010 pairs_len 86 wins A/B/draw 142/157/1 loss 0.0537 item_loss 0.02572 items: used 0.19 of rows-with-items, k>0 573, thrown 863/1236
rnd 101900 steps 13.04M t 52.7m eps 0.010 pairs_len 87 wins A/B/draw 155/143/2 loss 0.0535 item_loss 0.02558 items: used 0.19 of rows-with-items, k>0 581, thrown 878/1331
rnd 102000 steps 13.06M t 52.8m eps 0.010 pairs_len 89 wins A/B/draw 153/145/2 loss 0.0534 item_loss 0.02566 items: used 0.20 of rows-with-items, k>0 537, thrown 868/1257
rnd 102100 steps 13.07M t 52.8m eps 0.010 pairs_len 92 wins A/B/draw 145/152/3 loss 0.0534 item_loss 0.02595 items: used 0.20 of rows-with-items, k>0 540, thrown 856/1249
rnd 102200 steps 13.08M t 52.8m eps 0.010 pairs_len 92 wins A/B/draw 141/158/1 loss 0.0537 item_loss 0.02677 items: used 0.19 of rows-with-items, k>0 567, thrown 846/1250
rnd 102300 steps 13.09M t 52.9m eps 0.010 pairs_len 90 wins A/B/draw 132/166/2 loss 0.0532 item_loss 0.02744 items: used 0.19 of rows-with-items, k>0 563, thrown 826/1250
rnd 102400 steps 13.11M t 53.0m eps 0.010 pairs_len 88 wins A/B/draw 145/152/3 loss 0.0528 item_loss 0.02707 items: used 0.20 of rows-with-items, k>0 494, thrown 833/1194
rnd 102500 steps 13.12M t 53.0m eps 0.010 pairs_len 87 wins A/B/draw 146/151/3 loss 0.0530 item_loss 0.02680 items: used 0.19 of rows-with-items, k>0 542, thrown 883/1288
rnd 102600 steps 13.13M t 53.0m eps 0.010 pairs_len 86 wins A/B/draw 151/146/3 loss 0.0527 item_loss 0.02697 items: used 0.20 of rows-with-items, k>0 545, thrown 855/1249
rnd 102700 steps 13.15M t 53.0m eps 0.010 pairs_len 88 wins A/B/draw 143/153/4 loss 0.0524 item_loss 0.02656 items: used 0.20 of rows-with-items, k>0 515, thrown 862/1259
rnd 102800 steps 13.16M t 53.1m eps 0.010 pairs_len 91 wins A/B/draw 152/145/3 loss 0.0518 item_loss 0.02587 items: used 0.19 of rows-with-items, k>0 500, thrown 808/1212
rnd 102900 steps 13.17M t 53.1m eps 0.010 pairs_len 90 wins A/B/draw 147/150/3 loss 0.0517 item_loss 0.02607 items: used 0.21 of rows-with-items, k>0 518, thrown 878/1279
rnd 103000 steps 13.18M t 53.1m eps 0.010 pairs_len 86 wins A/B/draw 158/141/1 loss 0.0524 item_loss 0.02609 items: used 0.19 of rows-with-items, k>0 507, thrown 829/1202
rnd 103100 steps 13.20M t 53.2m eps 0.010 pairs_len 84 wins A/B/draw 159/139/2 loss 0.0523 item_loss 0.02563 items: used 0.20 of rows-with-items, k>0 455, thrown 858/1223
rnd 103200 steps 13.21M t 53.2m eps 0.010 pairs_len 84 wins A/B/draw 165/133/2 loss 0.0526 item_loss 0.02557 items: used 0.19 of rows-with-items, k>0 524, thrown 864/1239
rnd 103300 steps 13.22M t 53.2m eps 0.010 pairs_len 88 wins A/B/draw 170/127/3 loss 0.0527 item_loss 0.02555 items: used 0.19 of rows-with-items, k>0 483, thrown 802/1177
rnd 103400 steps 13.24M t 53.2m eps 0.010 pairs_len 91 wins A/B/draw 155/143/2 loss 0.0526 item_loss 0.02484 items: used 0.19 of rows-with-items, k>0 551, thrown 840/1236
rnd 103500 steps 13.25M t 53.3m eps 0.010 pairs_len 92 wins A/B/draw 149/148/3 loss 0.0531 item_loss 0.02474 items: used 0.19 of rows-with-items, k>0 495, thrown 838/1211
rnd 103600 steps 13.26M t 53.3m eps 0.010 pairs_len 91 wins A/B/draw 148/150/2 loss 0.0538 item_loss 0.02452 items: used 0.18 of rows-with-items, k>0 595, thrown 851/1238
rnd 103700 steps 13.27M t 53.3m eps 0.010 pairs_len 89 wins A/B/draw 150/147/3 loss 0.0542 item_loss 0.02416 items: used 0.19 of rows-with-items, k>0 530, thrown 819/1204
rnd 103800 steps 13.29M t 53.4m eps 0.010 pairs_len 90 wins A/B/draw 156/139/5 loss 0.0541 item_loss 0.02420 items: used 0.18 of rows-with-items, k>0 495, thrown 775/1162
rnd 103900 steps 13.30M t 53.4m eps 0.010 pairs_len 89 wins A/B/draw 153/143/4 loss 0.0543 item_loss 0.02359 items: used 0.19 of rows-with-items, k>0 517, thrown 886/1292
rnd 104000 steps 13.31M t 53.4m eps 0.010 pairs_len 91 wins A/B/draw 148/149/3 loss 0.0542 item_loss 0.02308 items: used 0.20 of rows-with-items, k>0 530, thrown 833/1283
rnd 104100 steps 13.32M t 53.4m eps 0.010 pairs_len 90 wins A/B/draw 155/142/3 loss 0.0550 item_loss 0.02363 items: used 0.20 of rows-with-items, k>0 540, thrown 901/1261
rnd 104200 steps 13.34M t 53.5m eps 0.010 pairs_len 90 wins A/B/draw 154/144/2 loss 0.0550 item_loss 0.02419 items: used 0.18 of rows-with-items, k>0 552, thrown 849/1240
rnd 104300 steps 13.35M t 53.5m eps 0.010 pairs_len 88 wins A/B/draw 155/142/3 loss 0.0552 item_loss 0.02402 items: used 0.19 of rows-with-items, k>0 589, thrown 856/1221
rnd 104400 steps 13.36M t 53.5m eps 0.010 pairs_len 86 wins A/B/draw 149/148/3 loss 0.0554 item_loss 0.02413 items: used 0.19 of rows-with-items, k>0 569, thrown 876/1278
rnd 104500 steps 13.38M t 53.6m eps 0.010 pairs_len 85 wins A/B/draw 143/153/4 loss 0.0552 item_loss 0.02421 items: used 0.18 of rows-with-items, k>0 588, thrown 842/1241
rnd 104600 steps 13.39M t 53.6m eps 0.010 pairs_len 85 wins A/B/draw 144/151/5 loss 0.0551 item_loss 0.02391 items: used 0.19 of rows-with-items, k>0 543, thrown 827/1228
rnd 104700 steps 13.40M t 53.6m eps 0.010 pairs_len 83 wins A/B/draw 140/154/6 loss 0.0553 item_loss 0.02333 items: used 0.19 of rows-with-items, k>0 524, thrown 824/1250
rnd 104800 steps 13.41M t 53.7m eps 0.010 pairs_len 81 wins A/B/draw 132/163/5 loss 0.0554 item_loss 0.02387 items: used 0.19 of rows-with-items, k>0 468, thrown 786/1158
rnd 104900 steps 13.43M t 53.7m eps 0.010 pairs_len 79 wins A/B/draw 129/167/4 loss 0.0555 item_loss 0.02402 items: used 0.19 of rows-with-items, k>0 466, thrown 839/1216
rnd 105000 steps 13.44M t 53.8m eps 0.010 pairs_len 80 wins A/B/draw 137/158/5 loss 0.0552 item_loss 0.02388 items: used 0.19 of rows-with-items, k>0 549, thrown 860/1246
rnd 105100 steps 13.45M t 54.0m eps 0.010 pairs_len 80 wins A/B/draw 148/144/8 loss 0.0561 item_loss 0.02443 items: used 0.20 of rows-with-items, k>0 533, thrown 825/1242
rnd 105200 steps 13.47M t 54.1m eps 0.010 pairs_len 83 wins A/B/draw 155/138/7 loss 0.0566 item_loss 0.02439 items: used 0.19 of rows-with-items, k>0 552, thrown 824/1195
rnd 105300 steps 13.48M t 54.1m eps 0.010 pairs_len 83 wins A/B/draw 165/130/5 loss 0.0570 item_loss 0.02502 items: used 0.18 of rows-with-items, k>0 522, thrown 815/1172
rnd 105400 steps 13.49M t 54.1m eps 0.010 pairs_len 83 wins A/B/draw 163/134/3 loss 0.0571 item_loss 0.02462 items: used 0.18 of rows-with-items, k>0 615, thrown 821/1230
rnd 105500 steps 13.50M t 54.2m eps 0.010 pairs_len 85 wins A/B/draw 158/140/2 loss 0.0566 item_loss 0.02491 items: used 0.18 of rows-with-items, k>0 547, thrown 871/1253
rnd 105600 steps 13.52M t 54.2m eps 0.010 pairs_len 86 wins A/B/draw 155/145/0 loss 0.0562 item_loss 0.02542 items: used 0.19 of rows-with-items, k>0 532, thrown 836/1228
rnd 105700 steps 13.53M t 54.2m eps 0.010 pairs_len 88 wins A/B/draw 151/148/1 loss 0.0562 item_loss 0.02537 items: used 0.18 of rows-with-items, k>0 578, thrown 837/1241
rnd 105800 steps 13.54M t 54.3m eps 0.010 pairs_len 87 wins A/B/draw 157/142/1 loss 0.0559 item_loss 0.02532 items: used 0.18 of rows-with-items, k>0 470, thrown 770/1140
rnd 105900 steps 13.56M t 54.3m eps 0.010 pairs_len 85 wins A/B/draw 152/146/2 loss 0.0559 item_loss 0.02531 items: used 0.17 of rows-with-items, k>0 509, thrown 769/1142
rnd 106000 steps 13.57M t 54.4m eps 0.010 pairs_len 84 wins A/B/draw 148/150/2 loss 0.0562 item_loss 0.02537 items: used 0.19 of rows-with-items, k>0 496, thrown 872/1268
rnd 106100 steps 13.58M t 54.4m eps 0.010 pairs_len 84 wins A/B/draw 145/152/3 loss 0.0567 item_loss 0.02522 items: used 0.18 of rows-with-items, k>0 508, thrown 852/1243
rnd 106200 steps 13.59M t 54.4m eps 0.010 pairs_len 87 wins A/B/draw 154/143/3 loss 0.0561 item_loss 0.02434 items: used 0.18 of rows-with-items, k>0 500, thrown 817/1176
rnd 106300 steps 13.61M t 54.5m eps 0.010 pairs_len 87 wins A/B/draw 147/151/2 loss 0.0557 item_loss 0.02461 items: used 0.18 of rows-with-items, k>0 491, thrown 751/1156
rnd 106400 steps 13.62M t 54.5m eps 0.010 pairs_len 86 wins A/B/draw 147/152/1 loss 0.0556 item_loss 0.02404 items: used 0.18 of rows-with-items, k>0 551, thrown 855/1237
rnd 106500 steps 13.63M t 54.5m eps 0.010 pairs_len 85 wins A/B/draw 143/153/4 loss 0.0557 item_loss 0.02363 items: used 0.17 of rows-with-items, k>0 495, thrown 788/1146
rnd 106600 steps 13.64M t 54.6m eps 0.010 pairs_len 85 wins A/B/draw 149/147/4 loss 0.0554 item_loss 0.02322 items: used 0.19 of rows-with-items, k>0 560, thrown 815/1208
rnd 106700 steps 13.66M t 54.6m eps 0.010 pairs_len 85 wins A/B/draw 149/148/3 loss 0.0548 item_loss 0.02327 items: used 0.18 of rows-with-items, k>0 575, thrown 854/1208
rnd 106800 steps 13.67M t 54.6m eps 0.010 pairs_len 85 wins A/B/draw 149/145/6 loss 0.0538 item_loss 0.02313 items: used 0.18 of rows-with-items, k>0 574, thrown 848/1226
rnd 106900 steps 13.68M t 54.7m eps 0.010 pairs_len 87 wins A/B/draw 148/147/5 loss 0.0535 item_loss 0.02337 items: used 0.19 of rows-with-items, k>0 564, thrown 887/1232
rnd 107000 steps 13.70M t 54.7m eps 0.010 pairs_len 89 wins A/B/draw 152/143/5 loss 0.0530 item_loss 0.02293 items: used 0.18 of rows-with-items, k>0 614, thrown 831/1233
rnd 107100 steps 13.71M t 54.7m eps 0.010 pairs_len 87 wins A/B/draw 160/137/3 loss 0.0530 item_loss 0.02354 items: used 0.18 of rows-with-items, k>0 563, thrown 818/1210
rnd 107200 steps 13.72M t 54.8m eps 0.010 pairs_len 87 wins A/B/draw 159/138/3 loss 0.0528 item_loss 0.02368 items: used 0.19 of rows-with-items, k>0 578, thrown 851/1223
rnd 107300 steps 13.73M t 54.8m eps 0.010 pairs_len 88 wins A/B/draw 158/139/3 loss 0.0525 item_loss 0.02329 items: used 0.18 of rows-with-items, k>0 525, thrown 827/1204
rnd 107400 steps 13.75M t 54.8m eps 0.010 pairs_len 88 wins A/B/draw 164/134/2 loss 0.0524 item_loss 0.02405 items: used 0.20 of rows-with-items, k>0 637, thrown 861/1304
rnd 107500 steps 13.76M t 54.8m eps 0.010 pairs_len 87 wins A/B/draw 159/141/0 loss 0.0522 item_loss 0.02443 items: used 0.17 of rows-with-items, k>0 502, thrown 764/1132
rnd 107600 steps 13.77M t 54.9m eps 0.010 pairs_len 86 wins A/B/draw 165/134/1 loss 0.0517 item_loss 0.02450 items: used 0.18 of rows-with-items, k>0 541, thrown 779/1163
rnd 107700 steps 13.79M t 54.9m eps 0.010 pairs_len 83 wins A/B/draw 156/143/1 loss 0.0512 item_loss 0.02395 items: used 0.18 of rows-with-items, k>0 556, thrown 782/1184
rnd 107800 steps 13.80M t 54.9m eps 0.010 pairs_len 84 wins A/B/draw 160/138/2 loss 0.0518 item_loss 0.02388 items: used 0.19 of rows-with-items, k>0 600, thrown 853/1268
rnd 107900 steps 13.81M t 55.0m eps 0.010 pairs_len 83 wins A/B/draw 161/137/2 loss 0.0514 item_loss 0.02355 items: used 0.18 of rows-with-items, k>0 534, thrown 816/1217
rnd 108000 steps 13.82M t 55.0m eps 0.010 pairs_len 86 wins A/B/draw 151/145/4 loss 0.0514 item_loss 0.02304 items: used 0.18 of rows-with-items, k>0 528, thrown 796/1151
rnd 108100 steps 13.84M t 55.0m eps 0.010 pairs_len 86 wins A/B/draw 144/151/5 loss 0.0512 item_loss 0.02279 items: used 0.20 of rows-with-items, k>0 541, thrown 828/1213
rnd 108200 steps 13.85M t 55.1m eps 0.010 pairs_len 87 wins A/B/draw 145/148/7 loss 0.0508 item_loss 0.02294 items: used 0.19 of rows-with-items, k>0 553, thrown 826/1178
rnd 108300 steps 13.86M t 55.1m eps 0.010 pairs_len 87 wins A/B/draw 145/147/8 loss 0.0512 item_loss 0.02284 items: used 0.17 of rows-with-items, k>0 449, thrown 725/1110
rnd 108400 steps 13.88M t 55.1m eps 0.010 pairs_len 86 wins A/B/draw 148/147/5 loss 0.0511 item_loss 0.02304 items: used 0.18 of rows-with-items, k>0 543, thrown 800/1183
rnd 108500 steps 13.89M t 55.2m eps 0.010 pairs_len 84 wins A/B/draw 150/144/6 loss 0.0505 item_loss 0.02315 items: used 0.18 of rows-with-items, k>0 517, thrown 805/1215
rnd 108600 steps 13.90M t 55.2m eps 0.010 pairs_len 84 wins A/B/draw 151/143/6 loss 0.0508 item_loss 0.02271 items: used 0.18 of rows-with-items, k>0 482, thrown 758/1142
rnd 108700 steps 13.91M t 55.2m eps 0.010 pairs_len 85 wins A/B/draw 157/138/5 loss 0.0506 item_loss 0.02258 items: used 0.20 of rows-with-items, k>0 467, thrown 808/1195
rnd 108800 steps 13.93M t 55.3m eps 0.010 pairs_len 85 wins A/B/draw 147/149/4 loss 0.0502 item_loss 0.02272 items: used 0.19 of rows-with-items, k>0 575, thrown 864/1237
rnd 108900 steps 13.94M t 55.3m eps 0.010 pairs_len 85 wins A/B/draw 153/144/3 loss 0.0495 item_loss 0.02266 items: used 0.16 of rows-with-items, k>0 484, thrown 747/1073
rnd 109000 steps 13.95M t 55.3m eps 0.010 pairs_len 83 wins A/B/draw 152/146/2 loss 0.0498 item_loss 0.02306 items: used 0.18 of rows-with-items, k>0 511, thrown 807/1171
rnd 109100 steps 13.96M t 55.3m eps 0.010 pairs_len 84 wins A/B/draw 149/150/1 loss 0.0505 item_loss 0.02354 items: used 0.17 of rows-with-items, k>0 475, thrown 776/1135
rnd 109200 steps 13.98M t 55.4m eps 0.010 pairs_len 85 wins A/B/draw 145/152/3 loss 0.0510 item_loss 0.02321 items: used 0.19 of rows-with-items, k>0 464, thrown 761/1137
rnd 109300 steps 13.99M t 55.4m eps 0.010 pairs_len 84 wins A/B/draw 150/146/4 loss 0.0509 item_loss 0.02296 items: used 0.18 of rows-with-items, k>0 515, thrown 728/1123
rnd 109400 steps 14.00M t 55.4m eps 0.010 pairs_len 82 wins A/B/draw 160/135/5 loss 0.0508 item_loss 0.02285 items: used 0.18 of rows-with-items, k>0 474, thrown 776/1113
rnd 109500 steps 14.02M t 55.4m eps 0.010 pairs_len 81 wins A/B/draw 161/137/2 loss 0.0514 item_loss 0.02242 items: used 0.20 of rows-with-items, k>0 500, thrown 796/1230
rnd 109600 steps 14.03M t 55.5m eps 0.010 pairs_len 80 wins A/B/draw 155/143/2 loss 0.0518 item_loss 0.02281 items: used 0.19 of rows-with-items, k>0 489, thrown 771/1151
rnd 109700 steps 14.04M t 55.5m eps 0.010 pairs_len 79 wins A/B/draw 147/150/3 loss 0.0514 item_loss 0.02236 items: used 0.20 of rows-with-items, k>0 515, thrown 838/1240
rnd 109800 steps 14.05M t 55.5m eps 0.010 pairs_len 79 wins A/B/draw 152/141/7 loss 0.0511 item_loss 0.02147 items: used 0.18 of rows-with-items, k>0 506, thrown 760/1122
rnd 109900 steps 14.07M t 55.6m eps 0.010 pairs_len 80 wins A/B/draw 144/148/8 loss 0.0507 item_loss 0.02142 items: used 0.20 of rows-with-items, k>0 510, thrown 834/1223
rnd 110000 steps 14.08M t 55.7m eps 0.010 pairs_len 83 wins A/B/draw 141/152/7 loss 0.0514 item_loss 0.02183 items: used 0.19 of rows-with-items, k>0 475, thrown 771/1149
rnd 110100 steps 14.09M t 55.9m eps 0.010 pairs_len 84 wins A/B/draw 133/160/7 loss 0.0514 item_loss 0.02123 items: used 0.18 of rows-with-items, k>0 539, thrown 795/1161
rnd 110200 steps 14.11M t 56.0m eps 0.010 pairs_len 83 wins A/B/draw 140/156/4 loss 0.0508 item_loss 0.02095 items: used 0.17 of rows-with-items, k>0 480, thrown 747/1074
rnd 110300 steps 14.12M t 56.0m eps 0.010 pairs_len 81 wins A/B/draw 149/147/4 loss 0.0506 item_loss 0.02109 items: used 0.20 of rows-with-items, k>0 521, thrown 789/1160
rnd 110400 steps 14.13M t 56.0m eps 0.010 pairs_len 81 wins A/B/draw 150/149/1 loss 0.0502 item_loss 0.02115 items: used 0.19 of rows-with-items, k>0 452, thrown 776/1135
rnd 110500 steps 14.14M t 56.1m eps 0.010 pairs_len 82 wins A/B/draw 151/146/3 loss 0.0506 item_loss 0.02109 items: used 0.18 of rows-with-items, k>0 548, thrown 786/1184
rnd 110600 steps 14.16M t 56.1m eps 0.010 pairs_len 83 wins A/B/draw 149/147/4 loss 0.0508 item_loss 0.02073 items: used 0.19 of rows-with-items, k>0 511, thrown 840/1213
rnd 110700 steps 14.17M t 56.2m eps 0.010 pairs_len 82 wins A/B/draw 156/140/4 loss 0.0496 item_loss 0.02055 items: used 0.18 of rows-with-items, k>0 495, thrown 749/1090
rnd 110800 steps 14.18M t 56.2m eps 0.010 pairs_len 83 wins A/B/draw 160/137/3 loss 0.0494 item_loss 0.02059 items: used 0.18 of rows-with-items, k>0 536, thrown 776/1166
rnd 110900 steps 14.20M t 56.3m eps 0.010 pairs_len 82 wins A/B/draw 157/142/1 loss 0.0492 item_loss 0.02043 items: used 0.19 of rows-with-items, k>0 489, thrown 798/1139
rnd 111000 steps 14.21M t 56.3m eps 0.010 pairs_len 83 wins A/B/draw 150/148/2 loss 0.0490 item_loss 0.02089 items: used 0.17 of rows-with-items, k>0 554, thrown 822/1165
rnd 111100 steps 14.22M t 56.3m eps 0.010 pairs_len 84 wins A/B/draw 148/150/2 loss 0.0485 item_loss 0.02088 items: used 0.17 of rows-with-items, k>0 623, thrown 817/1194
rnd 111200 steps 14.23M t 56.4m eps 0.010 pairs_len 84 wins A/B/draw 156/141/3 loss 0.0479 item_loss 0.02104 items: used 0.18 of rows-with-items, k>0 528, thrown 826/1204
rnd 111300 steps 14.25M t 56.4m eps 0.010 pairs_len 85 wins A/B/draw 160/137/3 loss 0.0476 item_loss 0.02100 items: used 0.19 of rows-with-items, k>0 495, thrown 803/1176
rnd 111400 steps 14.26M t 56.4m eps 0.010 pairs_len 86 wins A/B/draw 170/127/3 loss 0.0478 item_loss 0.02039 items: used 0.18 of rows-with-items, k>0 512, thrown 813/1172
rnd 111500 steps 14.27M t 56.5m eps 0.010 pairs_len 85 wins A/B/draw 164/135/1 loss 0.0475 item_loss 0.02063 items: used 0.18 of rows-with-items, k>0 468, thrown 785/1097
rnd 111600 steps 14.28M t 56.5m eps 0.010 pairs_len 84 wins A/B/draw 161/138/1 loss 0.0472 item_loss 0.02037 items: used 0.17 of rows-with-items, k>0 489, thrown 748/1111
rnd 111700 steps 14.30M t 56.5m eps 0.010 pairs_len 83 wins A/B/draw 150/148/2 loss 0.0472 item_loss 0.02017 items: used 0.19 of rows-with-items, k>0 522, thrown 833/1197
rnd 111800 steps 14.31M t 56.6m eps 0.010 pairs_len 81 wins A/B/draw 154/143/3 loss 0.0470 item_loss 0.02000 items: used 0.19 of rows-with-items, k>0 432, thrown 759/1129
rnd 111900 steps 14.32M t 56.6m eps 0.010 pairs_len 80 wins A/B/draw 152/145/3 loss 0.0464 item_loss 0.02002 items: used 0.18 of rows-with-items, k>0 520, thrown 787/1165
rnd 112000 steps 14.34M t 56.6m eps 0.010 pairs_len 81 wins A/B/draw 154/143/3 loss 0.0460 item_loss 0.01978 items: used 0.18 of rows-with-items, k>0 569, thrown 839/1205
rnd 112100 steps 14.35M t 56.7m eps 0.010 pairs_len 83 wins A/B/draw 149/145/6 loss 0.0456 item_loss 0.01966 items: used 0.17 of rows-with-items, k>0 524, thrown 763/1145
rnd 112200 steps 14.36M t 56.7m eps 0.010 pairs_len 84 wins A/B/draw 139/157/4 loss 0.0456 item_loss 0.01940 items: used 0.19 of rows-with-items, k>0 540, thrown 807/1197
rnd 112300 steps 14.37M t 56.7m eps 0.010 pairs_len 84 wins A/B/draw 145/152/3 loss 0.0457 item_loss 0.01913 items: used 0.17 of rows-with-items, k>0 481, thrown 740/1076
rnd 112400 steps 14.39M t 56.7m eps 0.010 pairs_len 84 wins A/B/draw 142/156/2 loss 0.0454 item_loss 0.01942 items: used 0.19 of rows-with-items, k>0 630, thrown 893/1322
rnd 112500 steps 14.40M t 56.8m eps 0.010 pairs_len 84 wins A/B/draw 140/157/3 loss 0.0453 item_loss 0.01903 items: used 0.19 of rows-with-items, k>0 496, thrown 779/1149
rnd 112600 steps 14.41M t 56.8m eps 0.010 pairs_len 84 wins A/B/draw 125/171/4 loss 0.0454 item_loss 0.01922 items: used 0.18 of rows-with-items, k>0 504, thrown 791/1137
rnd 112700 steps 14.43M t 56.8m eps 0.010 pairs_len 84 wins A/B/draw 141/157/2 loss 0.0456 item_loss 0.01901 items: used 0.17 of rows-with-items, k>0 496, thrown 752/1126
rnd 112800 steps 14.44M t 56.9m eps 0.010 pairs_len 84 wins A/B/draw 148/147/5 loss 0.0452 item_loss 0.01877 items: used 0.19 of rows-with-items, k>0 577, thrown 844/1206
rnd 112900 steps 14.45M t 56.9m eps 0.010 pairs_len 83 wins A/B/draw 157/139/4 loss 0.0451 item_loss 0.01927 items: used 0.19 of rows-with-items, k>0 474, thrown 817/1186
rnd 113000 steps 14.46M t 56.9m eps 0.010 pairs_len 82 wins A/B/draw 146/149/5 loss 0.0447 item_loss 0.01948 items: used 0.17 of rows-with-items, k>0 536, thrown 788/1128
rnd 113100 steps 14.48M t 56.9m eps 0.010 pairs_len 80 wins A/B/draw 141/158/1 loss 0.0443 item_loss 0.01968 items: used 0.18 of rows-with-items, k>0 624, thrown 860/1229
rnd 113200 steps 14.49M t 57.0m eps 0.010 pairs_len 81 wins A/B/draw 147/151/2 loss 0.0447 item_loss 0.01942 items: used 0.18 of rows-with-items, k>0 566, thrown 795/1160
rnd 113300 steps 14.50M t 57.0m eps 0.010 pairs_len 83 wins A/B/draw 161/136/3 loss 0.0452 item_loss 0.01915 items: used 0.19 of rows-with-items, k>0 550, thrown 832/1201
rnd 113400 steps 14.52M t 57.0m eps 0.010 pairs_len 81 wins A/B/draw 157/140/3 loss 0.0449 item_loss 0.01927 items: used 0.18 of rows-with-items, k>0 476, thrown 785/1137
rnd 113500 steps 14.53M t 57.1m eps 0.010 pairs_len 81 wins A/B/draw 159/138/3 loss 0.0454 item_loss 0.01897 items: used 0.18 of rows-with-items, k>0 490, thrown 803/1191
rnd 113600 steps 14.54M t 57.1m eps 0.010 pairs_len 82 wins A/B/draw 161/135/4 loss 0.0452 item_loss 0.01926 items: used 0.18 of rows-with-items, k>0 503, thrown 792/1164
rnd 113700 steps 14.55M t 57.1m eps 0.010 pairs_len 83 wins A/B/draw 163/130/7 loss 0.0456 item_loss 0.01899 items: used 0.18 of rows-with-items, k>0 470, thrown 781/1126
rnd 113800 steps 14.57M t 57.2m eps 0.010 pairs_len 84 wins A/B/draw 150/142/8 loss 0.0455 item_loss 0.01898 items: used 0.18 of rows-with-items, k>0 542, thrown 823/1191
rnd 113900 steps 14.58M t 57.2m eps 0.010 pairs_len 81 wins A/B/draw 148/146/6 loss 0.0448 item_loss 0.01911 items: used 0.17 of rows-with-items, k>0 441, thrown 735/1065
rnd 114000 steps 14.59M t 57.2m eps 0.010 pairs_len 82 wins A/B/draw 146/151/3 loss 0.0443 item_loss 0.01896 items: used 0.18 of rows-with-items, k>0 495, thrown 793/1111
rnd 114100 steps 14.60M t 57.2m eps 0.010 pairs_len 79 wins A/B/draw 148/150/2 loss 0.0441 item_loss 0.01875 items: used 0.18 of rows-with-items, k>0 436, thrown 747/1081
rnd 114200 steps 14.62M t 57.3m eps 0.010 pairs_len 79 wins A/B/draw 141/157/2 loss 0.0438 item_loss 0.01898 items: used 0.18 of rows-with-items, k>0 532, thrown 805/1153
rnd 114300 steps 14.63M t 57.3m eps 0.010 pairs_len 78 wins A/B/draw 136/161/3 loss 0.0433 item_loss 0.01892 items: used 0.18 of rows-with-items, k>0 487, thrown 744/1093
rnd 114400 steps 14.64M t 57.3m eps 0.010 pairs_len 78 wins A/B/draw 134/162/4 loss 0.0431 item_loss 0.01861 items: used 0.18 of rows-with-items, k>0 516, thrown 760/1114
rnd 114500 steps 14.66M t 57.4m eps 0.010 pairs_len 75 wins A/B/draw 135/160/5 loss 0.0439 item_loss 0.01822 items: used 0.17 of rows-with-items, k>0 461, thrown 761/1094
rnd 114600 steps 14.67M t 57.5m eps 0.010 pairs_len 76 wins A/B/draw 136/160/4 loss 0.0438 item_loss 0.01802 items: used 0.18 of rows-with-items, k>0 556, thrown 817/1187
rnd 114700 steps 14.68M t 57.7m eps 0.010 pairs_len 77 wins A/B/draw 147/150/3 loss 0.0437 item_loss 0.01804 items: used 0.18 of rows-with-items, k>0 509, thrown 800/1119
rnd 114800 steps 14.69M t 57.8m eps 0.010 pairs_len 78 wins A/B/draw 141/157/2 loss 0.0440 item_loss 0.01776 items: used 0.18 of rows-with-items, k>0 500, thrown 798/1134
rnd 114900 steps 14.71M t 57.8m eps 0.010 pairs_len 77 wins A/B/draw 149/150/1 loss 0.0443 item_loss 0.01796 items: used 0.18 of rows-with-items, k>0 473, thrown 745/1079
rnd 115000 steps 14.72M t 57.9m eps 0.010 pairs_len 78 wins A/B/draw 141/156/3 loss 0.0443 item_loss 0.01796 items: used 0.18 of rows-with-items, k>0 534, thrown 806/1123
rnd 115100 steps 14.73M t 57.9m eps 0.010 pairs_len 78 wins A/B/draw 148/147/5 loss 0.0444 item_loss 0.01781 items: used 0.18 of rows-with-items, k>0 510, thrown 831/1174
rnd 115200 steps 14.75M t 58.0m eps 0.010 pairs_len 76 wins A/B/draw 147/149/4 loss 0.0448 item_loss 0.01791 items: used 0.19 of rows-with-items, k>0 441, thrown 800/1133
rnd 115300 steps 14.76M t 58.0m eps 0.010 pairs_len 75 wins A/B/draw 145/152/3 loss 0.0443 item_loss 0.01742 items: used 0.17 of rows-with-items, k>0 498, thrown 781/1097
rnd 115400 steps 14.77M t 58.0m eps 0.010 pairs_len 76 wins A/B/draw 152/145/3 loss 0.0439 item_loss 0.01717 items: used 0.17 of rows-with-items, k>0 548, thrown 792/1159
rnd 115500 steps 14.78M t 58.1m eps 0.010 pairs_len 76 wins A/B/draw 156/141/3 loss 0.0434 item_loss 0.01730 items: used 0.17 of rows-with-items, k>0 472, thrown 768/1110
rnd 115600 steps 14.80M t 58.1m eps 0.010 pairs_len 75 wins A/B/draw 161/138/1 loss 0.0433 item_loss 0.01729 items: used 0.17 of rows-with-items, k>0 516, thrown 785/1121
rnd 115700 steps 14.81M t 58.1m eps 0.010 pairs_len 74 wins A/B/draw 150/147/3 loss 0.0428 item_loss 0.01745 items: used 0.18 of rows-with-items, k>0 553, thrown 834/1151
rnd 115800 steps 14.82M t 58.2m eps 0.010 pairs_len 76 wins A/B/draw 149/148/3 loss 0.0425 item_loss 0.01751 items: used 0.17 of rows-with-items, k>0 519, thrown 763/1104
rnd 115900 steps 14.84M t 58.2m eps 0.010 pairs_len 76 wins A/B/draw 151/144/5 loss 0.0427 item_loss 0.01758 items: used 0.17 of rows-with-items, k>0 481, thrown 747/1055
rnd 116000 steps 14.85M t 58.2m eps 0.010 pairs_len 76 wins A/B/draw 155/143/2 loss 0.0425 item_loss 0.01775 items: used 0.17 of rows-with-items, k>0 528, thrown 775/1133
rnd 116100 steps 14.86M t 58.3m eps 0.010 pairs_len 76 wins A/B/draw 157/139/4 loss 0.0432 item_loss 0.01717 items: used 0.18 of rows-with-items, k>0 554, thrown 788/1149
rnd 116200 steps 14.87M t 58.3m eps 0.010 pairs_len 77 wins A/B/draw 156/142/2 loss 0.0437 item_loss 0.01699 items: used 0.18 of rows-with-items, k>0 474, thrown 819/1117
rnd 116300 steps 14.89M t 58.3m eps 0.010 pairs_len 80 wins A/B/draw 152/145/3 loss 0.0436 item_loss 0.01718 items: used 0.17 of rows-with-items, k>0 478, thrown 759/1086
rnd 116400 steps 14.90M t 58.4m eps 0.010 pairs_len 81 wins A/B/draw 150/149/1 loss 0.0442 item_loss 0.01698 items: used 0.18 of rows-with-items, k>0 525, thrown 834/1190
rnd 116500 steps 14.91M t 58.4m eps 0.010 pairs_len 81 wins A/B/draw 151/146/3 loss 0.0451 item_loss 0.01700 items: used 0.18 of rows-with-items, k>0 506, thrown 762/1137
rnd 116600 steps 14.92M t 58.4m eps 0.010 pairs_len 79 wins A/B/draw 160/137/3 loss 0.0453 item_loss 0.01710 items: used 0.16 of rows-with-items, k>0 501, thrown 746/1079
rnd 116700 steps 14.94M t 58.5m eps 0.010 pairs_len 75 wins A/B/draw 158/139/3 loss 0.0450 item_loss 0.01733 items: used 0.17 of rows-with-items, k>0 466, thrown 749/1079
rnd 116800 steps 14.95M t 58.5m eps 0.010 pairs_len 74 wins A/B/draw 151/147/2 loss 0.0453 item_loss 0.01691 items: used 0.17 of rows-with-items, k>0 505, thrown 804/1117
rnd 116900 steps 14.96M t 58.5m eps 0.010 pairs_len 74 wins A/B/draw 154/144/2 loss 0.0452 item_loss 0.01706 items: used 0.17 of rows-with-items, k>0 537, thrown 757/1115
rnd 117000 steps 14.98M t 58.6m eps 0.010 pairs_len 75 wins A/B/draw 148/148/4 loss 0.0450 item_loss 0.01675 items: used 0.18 of rows-with-items, k>0 478, thrown 772/1088
rnd 117100 steps 14.99M t 58.6m eps 0.010 pairs_len 75 wins A/B/draw 150/145/5 loss 0.0441 item_loss 0.01672 items: used 0.19 of rows-with-items, k>0 563, thrown 852/1194
rnd 117200 steps 15.00M t 58.6m eps 0.010 pairs_len 77 wins A/B/draw 146/146/8 loss 0.0445 item_loss 0.01670 items: used 0.17 of rows-with-items, k>0 536, thrown 811/1167
rnd 117300 steps 15.01M t 58.6m eps 0.010 pairs_len 79 wins A/B/draw 158/135/7 loss 0.0445 item_loss 0.01667 items: used 0.17 of rows-with-items, k>0 546, thrown 808/1174
rnd 117400 steps 15.03M t 58.7m eps 0.010 pairs_len 85 wins A/B/draw 162/133/5 loss 0.0446 item_loss 0.01630 items: used 0.16 of rows-with-items, k>0 558, thrown 817/1159
rnd 117500 steps 15.04M t 58.7m eps 0.010 pairs_len 85 wins A/B/draw 154/142/4 loss 0.0446 item_loss 0.01596 items: used 0.19 of rows-with-items, k>0 446, thrown 836/1178
rnd 117600 steps 15.05M t 58.7m eps 0.010 pairs_len 84 wins A/B/draw 152/143/5 loss 0.0444 item_loss 0.01603 items: used 0.16 of rows-with-items, k>0 489, thrown 761/1081
rnd 117700 steps 15.07M t 58.8m eps 0.010 pairs_len 79 wins A/B/draw 147/149/4 loss 0.0439 item_loss 0.01611 items: used 0.18 of rows-with-items, k>0 540, thrown 848/1195
rnd 117800 steps 15.08M t 58.8m eps 0.010 pairs_len 79 wins A/B/draw 148/151/1 loss 0.0440 item_loss 0.01625 items: used 0.18 of rows-with-items, k>0 520, thrown 822/1166
rnd 117900 steps 15.09M t 58.8m eps 0.010 pairs_len 80 wins A/B/draw 145/155/0 loss 0.0434 item_loss 0.01594 items: used 0.16 of rows-with-items, k>0 545, thrown 817/1151
rnd 118000 steps 15.10M t 58.8m eps 0.010 pairs_len 82 wins A/B/draw 164/134/2 loss 0.0435 item_loss 0.01594 items: used 0.18 of rows-with-items, k>0 475, thrown 805/1148
rnd 118100 steps 15.12M t 58.9m eps 0.010 pairs_len 82 wins A/B/draw 159/136/5 loss 0.0435 item_loss 0.01544 items: used 0.16 of rows-with-items, k>0 485, thrown 783/1129
rnd 118200 steps 15.13M t 58.9m eps 0.010 pairs_len 80 wins A/B/draw 152/142/6 loss 0.0432 item_loss 0.01560 items: used 0.18 of rows-with-items, k>0 555, thrown 845/1234
rnd 118300 steps 15.14M t 58.9m eps 0.010 pairs_len 80 wins A/B/draw 144/149/7 loss 0.0431 item_loss 0.01527 items: used 0.17 of rows-with-items, k>0 550, thrown 798/1179
rnd 118400 steps 15.16M t 59.0m eps 0.010 pairs_len 81 wins A/B/draw 140/154/6 loss 0.0430 item_loss 0.01512 items: used 0.17 of rows-with-items, k>0 572, thrown 841/1218
rnd 118500 steps 15.17M t 59.0m eps 0.010 pairs_len 85 wins A/B/draw 147/148/5 loss 0.0425 item_loss 0.01503 items: used 0.17 of rows-with-items, k>0 514, thrown 802/1175
rnd 118600 steps 15.18M t 59.0m eps 0.010 pairs_len 85 wins A/B/draw 141/157/2 loss 0.0423 item_loss 0.01569 items: used 0.19 of rows-with-items, k>0 567, thrown 843/1236
rnd 118700 steps 15.19M t 59.1m eps 0.010 pairs_len 84 wins A/B/draw 142/157/1 loss 0.0423 item_loss 0.01586 items: used 0.15 of rows-with-items, k>0 510, thrown 779/1113
rnd 118800 steps 15.21M t 59.2m eps 0.010 pairs_len 81 wins A/B/draw 147/152/1 loss 0.0418 item_loss 0.01577 items: used 0.17 of rows-with-items, k>0 552, thrown 855/1213
rnd 118900 steps 15.22M t 59.4m eps 0.010 pairs_len 81 wins A/B/draw 150/148/2 loss 0.0410 item_loss 0.01563 items: used 0.17 of rows-with-items, k>0 510, thrown 804/1172
rnd 119000 steps 15.23M t 59.5m eps 0.010 pairs_len 80 wins A/B/draw 156/142/2 loss 0.0414 item_loss 0.01573 items: used 0.17 of rows-with-items, k>0 507, thrown 827/1152
rnd 119100 steps 15.24M t 59.5m eps 0.010 pairs_len 78 wins A/B/draw 153/145/2 loss 0.0416 item_loss 0.01555 items: used 0.18 of rows-with-items, k>0 530, thrown 800/1166
rnd 119200 steps 15.26M t 59.5m eps 0.010 pairs_len 78 wins A/B/draw 147/151/2 loss 0.0418 item_loss 0.01566 items: used 0.18 of rows-with-items, k>0 497, thrown 807/1164
rnd 119300 steps 15.27M t 59.6m eps 0.010 pairs_len 79 wins A/B/draw 145/151/4 loss 0.0422 item_loss 0.01582 items: used 0.16 of rows-with-items, k>0 510, thrown 774/1158
rnd 119400 steps 15.28M t 59.6m eps 0.010 pairs_len 79 wins A/B/draw 146/149/5 loss 0.0418 item_loss 0.01554 items: used 0.18 of rows-with-items, k>0 473, thrown 880/1206
rnd 119500 steps 15.30M t 59.7m eps 0.010 pairs_len 81 wins A/B/draw 154/142/4 loss 0.0420 item_loss 0.01543 items: used 0.18 of rows-with-items, k>0 621, thrown 875/1266
rnd 119600 steps 15.31M t 59.7m eps 0.010 pairs_len 80 wins A/B/draw 147/151/2 loss 0.0426 item_loss 0.01516 items: used 0.16 of rows-with-items, k>0 437, thrown 765/1083
rnd 119700 steps 15.32M t 59.8m eps 0.010 pairs_len 79 wins A/B/draw 152/148/0 loss 0.0430 item_loss 0.01521 items: used 0.15 of rows-with-items, k>0 534, thrown 785/1150
rnd 119800 steps 15.33M t 59.8m eps 0.010 pairs_len 77 wins A/B/draw 150/150/0 loss 0.0431 item_loss 0.01517 items: used 0.19 of rows-with-items, k>0 443, thrown 845/1177
rnd 119900 steps 15.35M t 59.8m eps 0.010 pairs_len 76 wins A/B/draw 145/153/2 loss 0.0430 item_loss 0.01498 items: used 0.18 of rows-with-items, k>0 562, thrown 846/1231
rnd 120000 steps 15.36M t 59.9m eps 0.010 pairs_len 78 wins A/B/draw 141/157/2 loss 0.0423 item_loss 0.01524 items: used 0.17 of rows-with-items, k>0 420, thrown 742/1077
rnd 120100 steps 15.37M t 59.9m eps 0.010 pairs_len 78 wins A/B/draw 151/147/2 loss 0.0422 item_loss 0.01550 items: used 0.18 of rows-with-items, k>0 467, thrown 788/1118
rnd 120200 steps 15.39M t 59.9m eps 0.010 pairs_len 78 wins A/B/draw 152/146/2 loss 0.0424 item_loss 0.01540 items: used 0.18 of rows-with-items, k>0 482, thrown 809/1142
rnd 120300 steps 15.40M t 59.9m eps 0.010 pairs_len 76 wins A/B/draw 149/148/3 loss 0.0424 item_loss 0.01530 items: used 0.18 of rows-with-items, k>0 549, thrown 840/1218
rnd 120400 steps 15.41M t 60.0m eps 0.010 pairs_len 77 wins A/B/draw 145/152/3 loss 0.0419 item_loss 0.01526 items: used 0.16 of rows-with-items, k>0 456, thrown 763/1080
rnd 120500 steps 15.42M t 60.0m eps 0.010 pairs_len 76 wins A/B/draw 145/152/3 loss 0.0422 item_loss 0.01544 items: used 0.19 of rows-with-items, k>0 543, thrown 879/1224
rnd 120600 steps 15.44M t 60.0m eps 0.010 pairs_len 76 wins A/B/draw 145/152/3 loss 0.0422 item_loss 0.01582 items: used 0.18 of rows-with-items, k>0 591, thrown 864/1225
rnd 120700 steps 15.45M t 60.1m eps 0.010 pairs_len 78 wins A/B/draw 155/143/2 loss 0.0432 item_loss 0.01577 items: used 0.17 of rows-with-items, k>0 502, thrown 794/1131
rnd 120800 steps 15.46M t 60.1m eps 0.010 pairs_len 78 wins A/B/draw 160/138/2 loss 0.0429 item_loss 0.01575 items: used 0.17 of rows-with-items, k>0 481, thrown 785/1123
rnd 120900 steps 15.48M t 60.1m eps 0.010 pairs_len 80 wins A/B/draw 154/144/2 loss 0.0426 item_loss 0.01550 items: used 0.17 of rows-with-items, k>0 459, thrown 813/1110
rnd 121000 steps 15.49M t 60.1m eps 0.010 pairs_len 79 wins A/B/draw 146/151/3 loss 0.0422 item_loss 0.01564 items: used 0.17 of rows-with-items, k>0 517, thrown 809/1144
rnd 121100 steps 15.50M t 60.2m eps 0.010 pairs_len 79 wins A/B/draw 136/162/2 loss 0.0423 item_loss 0.01569 items: used 0.16 of rows-with-items, k>0 499, thrown 806/1130
rnd 121200 steps 15.51M t 60.2m eps 0.010 pairs_len 78 wins A/B/draw 140/156/4 loss 0.0423 item_loss 0.01567 items: used 0.17 of rows-with-items, k>0 457, thrown 800/1103
rnd 121300 steps 15.53M t 60.2m eps 0.010 pairs_len 77 wins A/B/draw 146/150/4 loss 0.0418 item_loss 0.01578 items: used 0.17 of rows-with-items, k>0 529, thrown 815/1153
rnd 121400 steps 15.54M t 60.3m eps 0.010 pairs_len 74 wins A/B/draw 157/138/5 loss 0.0429 item_loss 0.01597 items: used 0.18 of rows-with-items, k>0 443, thrown 786/1143
rnd 121500 steps 15.55M t 60.3m eps 0.010 pairs_len 76 wins A/B/draw 159/138/3 loss 0.0434 item_loss 0.01617 items: used 0.17 of rows-with-items, k>0 423, thrown 776/1100
rnd 121600 steps 15.56M t 60.3m eps 0.010 pairs_len 76 wins A/B/draw 155/142/3 loss 0.0438 item_loss 0.01611 items: used 0.17 of rows-with-items, k>0 489, thrown 788/1122
rnd 121700 steps 15.58M t 60.3m eps 0.010 pairs_len 79 wins A/B/draw 153/144/3 loss 0.0440 item_loss 0.01589 items: used 0.16 of rows-with-items, k>0 525, thrown 783/1130
rnd 121800 steps 15.59M t 60.4m eps 0.010 pairs_len 79 wins A/B/draw 151/147/2 loss 0.0439 item_loss 0.01591 items: used 0.18 of rows-with-items, k>0 467, thrown 782/1109
rnd 121900 steps 15.60M t 60.4m eps 0.010 pairs_len 78 wins A/B/draw 157/142/1 loss 0.0442 item_loss 0.01618 items: used 0.17 of rows-with-items, k>0 518, thrown 820/1155
rnd 122000 steps 15.62M t 60.4m eps 0.010 pairs_len 76 wins A/B/draw 161/138/1 loss 0.0443 item_loss 0.01567 items: used 0.16 of rows-with-items, k>0 509, thrown 829/1138
rnd 122100 steps 15.63M t 60.5m eps 0.010 pairs_len 76 wins A/B/draw 156/142/2 loss 0.0442 item_loss 0.01660 items: used 0.17 of rows-with-items, k>0 453, thrown 793/1122
rnd 122200 steps 15.64M t 60.5m eps 0.010 pairs_len 78 wins A/B/draw 139/159/2 loss 0.0442 item_loss 0.01681 items: used 0.17 of rows-with-items, k>0 579, thrown 845/1221
rnd 122300 steps 15.65M t 60.5m eps 0.010 pairs_len 79 wins A/B/draw 136/162/2 loss 0.0449 item_loss 0.01667 items: used 0.16 of rows-with-items, k>0 481, thrown 741/1067
rnd 122400 steps 15.67M t 60.5m eps 0.010 pairs_len 80 wins A/B/draw 135/164/1 loss 0.0445 item_loss 0.01647 items: used 0.16 of rows-with-items, k>0 554, thrown 799/1161
rnd 122500 steps 15.68M t 60.6m eps 0.010 pairs_len 78 wins A/B/draw 144/154/2 loss 0.0442 item_loss 0.01644 items: used 0.17 of rows-with-items, k>0 515, thrown 790/1143
rnd 122600 steps 15.69M t 60.6m eps 0.010 pairs_len 76 wins A/B/draw 161/136/3 loss 0.0455 item_loss 0.01710 items: used 0.17 of rows-with-items, k>0 533, thrown 823/1191
rnd 122700 steps 15.71M t 60.6m eps 0.010 pairs_len 77 wins A/B/draw 161/135/4 loss 0.0451 item_loss 0.01694 items: used 0.17 of rows-with-items, k>0 495, thrown 827/1187
rnd 122800 steps 15.72M t 60.7m eps 0.010 pairs_len 80 wins A/B/draw 158/139/3 loss 0.0442 item_loss 0.01663 items: used 0.16 of rows-with-items, k>0 484, thrown 788/1116
rnd 122900 steps 15.73M t 60.7m eps 0.010 pairs_len 83 wins A/B/draw 137/160/3 loss 0.0439 item_loss 0.01682 items: used 0.17 of rows-with-items, k>0 536, thrown 820/1128
rnd 123000 steps 15.74M t 60.7m eps 0.010 pairs_len 80 wins A/B/draw 125/172/3 loss 0.0441 item_loss 0.01644 items: used 0.16 of rows-with-items, k>0 525, thrown 776/1108
rnd 123100 steps 15.76M t 60.8m eps 0.010 pairs_len 76 wins A/B/draw 123/175/2 loss 0.0445 item_loss 0.01618 items: used 0.17 of rows-with-items, k>0 515, thrown 817/1117
rnd 123200 steps 15.77M t 60.9m eps 0.010 pairs_len 77 wins A/B/draw 128/170/2 loss 0.0443 item_loss 0.01638 items: used 0.16 of rows-with-items, k>0 427, thrown 710/1084
rnd 123300 steps 15.78M t 61.1m eps 0.010 pairs_len 77 wins A/B/draw 143/155/2 loss 0.0440 item_loss 0.01625 items: used 0.16 of rows-with-items, k>0 489, thrown 753/1079
rnd 123400 steps 15.80M t 61.2m eps 0.010 pairs_len 74 wins A/B/draw 153/143/4 loss 0.0433 item_loss 0.01613 items: used 0.16 of rows-with-items, k>0 441, thrown 765/1066
rnd 123500 steps 15.81M t 61.2m eps 0.010 pairs_len 72 wins A/B/draw 156/139/5 loss 0.0436 item_loss 0.01587 items: used 0.17 of rows-with-items, k>0 554, thrown 866/1174
rnd 123600 steps 15.82M t 61.2m eps 0.010 pairs_len 71 wins A/B/draw 151/143/6 loss 0.0436 item_loss 0.01572 items: used 0.18 of rows-with-items, k>0 555, thrown 863/1192
rnd 123700 steps 15.83M t 61.3m eps 0.010 pairs_len 74 wins A/B/draw 143/152/5 loss 0.0430 item_loss 0.01578 items: used 0.16 of rows-with-items, k>0 474, thrown 815/1114
rnd 123800 steps 15.85M t 61.3m eps 0.010 pairs_len 76 wins A/B/draw 149/146/5 loss 0.0427 item_loss 0.01545 items: used 0.15 of rows-with-items, k>0 497, thrown 791/1099
rnd 123900 steps 15.86M t 61.3m eps 0.010 pairs_len 78 wins A/B/draw 153/142/5 loss 0.0425 item_loss 0.01538 items: used 0.16 of rows-with-items, k>0 505, thrown 790/1093
rnd 124000 steps 15.87M t 61.4m eps 0.010 pairs_len 77 wins A/B/draw 154/141/5 loss 0.0420 item_loss 0.01570 items: used 0.16 of rows-with-items, k>0 523, thrown 781/1114
rnd 124100 steps 15.88M t 61.4m eps 0.010 pairs_len 79 wins A/B/draw 156/140/4 loss 0.0420 item_loss 0.01539 items: used 0.17 of rows-with-items, k>0 533, thrown 838/1202
rnd 124200 steps 15.90M t 61.5m eps 0.010 pairs_len 78 wins A/B/draw 149/149/2 loss 0.0414 item_loss 0.01553 items: used 0.17 of rows-with-items, k>0 532, thrown 781/1127
EVAL battle-net(A) vs solo-net + old rule(B): {'win': 0.46875, 'lose': 0.53125, 'draw': 0.0, 'games': 96, 'mean_len': 70.15625}
rnd 124300 steps 15.91M t 61.5m eps 0.010 pairs_len 76 wins A/B/draw 147/152/1 loss 0.0411 item_loss 0.01580 items: used 0.16 of rows-with-items, k>0 531, thrown 796/1141
rnd 124400 steps 15.92M t 61.6m eps 0.010 pairs_len 75 wins A/B/draw 145/151/4 loss 0.0410 item_loss 0.01571 items: used 0.15 of rows-with-items, k>0 514, thrown 799/1114
rnd 124500 steps 15.94M t 61.6m eps 0.010 pairs_len 75 wins A/B/draw 153/143/4 loss 0.0410 item_loss 0.01560 items: used 0.17 of rows-with-items, k>0 584, thrown 822/1174
rnd 124600 steps 15.95M t 61.6m eps 0.010 pairs_len 77 wins A/B/draw 164/132/4 loss 0.0406 item_loss 0.01532 items: used 0.15 of rows-with-items, k>0 446, thrown 717/1038
rnd 124700 steps 15.96M t 61.7m eps 0.010 pairs_len 79 wins A/B/draw 157/142/1 loss 0.0406 item_loss 0.01512 items: used 0.17 of rows-with-items, k>0 605, thrown 830/1201
rnd 124800 steps 15.97M t 61.7m eps 0.010 pairs_len 82 wins A/B/draw 147/152/1 loss 0.0406 item_loss 0.01537 items: used 0.17 of rows-with-items, k>0 558, thrown 787/1164
rnd 124900 steps 15.99M t 61.7m eps 0.010 pairs_len 82 wins A/B/draw 146/152/2 loss 0.0398 item_loss 0.01519 items: used 0.16 of rows-with-items, k>0 512, thrown 783/1087
rnd 125000 steps 16.00M t 61.8m eps 0.010 pairs_len 79 wins A/B/draw 151/146/3 loss 0.0393 item_loss 0.01525 items: used 0.15 of rows-with-items, k>0 502, thrown 796/1098
rnd 125100 steps 16.01M t 61.8m eps 0.010 pairs_len 78 wins A/B/draw 152/145/3 loss 0.0393 item_loss 0.01513 items: used 0.17 of rows-with-items, k>0 504, thrown 817/1135
rnd 125200 steps 16.03M t 61.8m eps 0.010 pairs_len 77 wins A/B/draw 154/138/8 loss 0.0403 item_loss 0.01526 items: used 0.16 of rows-with-items, k>0 535, thrown 803/1128
rnd 125300 steps 16.04M t 61.8m eps 0.010 pairs_len 78 wins A/B/draw 160/133/7 loss 0.0399 item_loss 0.01532 items: used 0.17 of rows-with-items, k>0 517, thrown 816/1159
rnd 125400 steps 16.05M t 61.9m eps 0.010 pairs_len 77 wins A/B/draw 162/131/7 loss 0.0398 item_loss 0.01545 items: used 0.16 of rows-with-items, k>0 543, thrown 777/1099
rnd 125500 steps 16.06M t 61.9m eps 0.010 pairs_len 76 wins A/B/draw 152/146/2 loss 0.0391 item_loss 0.01552 items: used 0.16 of rows-with-items, k>0 610, thrown 870/1193
rnd 125600 steps 16.08M t 61.9m eps 0.010 pairs_len 77 wins A/B/draw 150/148/2 loss 0.0390 item_loss 0.01543 items: used 0.16 of rows-with-items, k>0 487, thrown 814/1154
rnd 125700 steps 16.09M t 62.0m eps 0.010 pairs_len 76 wins A/B/draw 150/149/1 loss 0.0392 item_loss 0.01569 items: used 0.17 of rows-with-items, k>0 518, thrown 763/1124
rnd 125800 steps 16.10M t 62.0m eps 0.010 pairs_len 74 wins A/B/draw 152/148/0 loss 0.0401 item_loss 0.01536 items: used 0.16 of rows-with-items, k>0 502, thrown 784/1112
rnd 125900 steps 16.12M t 62.0m eps 0.010 pairs_len 73 wins A/B/draw 151/148/1 loss 0.0400 item_loss 0.01564 items: used 0.17 of rows-with-items, k>0 481, thrown 734/1131
rnd 126000 steps 16.13M t 62.1m eps 0.010 pairs_len 76 wins A/B/draw 144/153/3 loss 0.0402 item_loss 0.01534 items: used 0.17 of rows-with-items, k>0 509, thrown 776/1148
rnd 126100 steps 16.14M t 62.1m eps 0.010 pairs_len 78 wins A/B/draw 155/142/3 loss 0.0402 item_loss 0.01527 items: used 0.17 of rows-with-items, k>0 507, thrown 807/1129
rnd 126200 steps 16.15M t 62.1m eps 0.010 pairs_len 78 wins A/B/draw 145/153/2 loss 0.0405 item_loss 0.01532 items: used 0.15 of rows-with-items, k>0 438, thrown 718/1021
rnd 126300 steps 16.17M t 62.2m eps 0.010 pairs_len 75 wins A/B/draw 148/147/5 loss 0.0402 item_loss 0.01500 items: used 0.16 of rows-with-items, k>0 437, thrown 729/1048
rnd 126400 steps 16.18M t 62.2m eps 0.010 pairs_len 73 wins A/B/draw 146/147/7 loss 0.0395 item_loss 0.01490 items: used 0.17 of rows-with-items, k>0 535, thrown 807/1142
rnd 126500 steps 16.19M t 62.2m eps 0.010 pairs_len 72 wins A/B/draw 149/143/8 loss 0.0387 item_loss 0.01486 items: used 0.16 of rows-with-items, k>0 517, thrown 762/1096
rnd 126600 steps 16.20M t 62.3m eps 0.010 pairs_len 73 wins A/B/draw 145/150/5 loss 0.0391 item_loss 0.01454 items: used 0.15 of rows-with-items, k>0 502, thrown 752/1083
rnd 126700 steps 16.22M t 62.3m eps 0.010 pairs_len 74 wins A/B/draw 145/152/3 loss 0.0389 item_loss 0.01432 items: used 0.16 of rows-with-items, k>0 533, thrown 766/1108
rnd 126800 steps 16.23M t 62.3m eps 0.010 pairs_len 76 wins A/B/draw 145/153/2 loss 0.0391 item_loss 0.01439 items: used 0.17 of rows-with-items, k>0 489, thrown 803/1113
rnd 126900 steps 16.24M t 62.4m eps 0.010 pairs_len 74 wins A/B/draw 145/153/2 loss 0.0395 item_loss 0.01426 items: used 0.17 of rows-with-items, k>0 406, thrown 748/1095
rnd 127000 steps 16.26M t 62.4m eps 0.010 pairs_len 75 wins A/B/draw 134/164/2 loss 0.0388 item_loss 0.01436 items: used 0.15 of rows-with-items, k>0 509, thrown 750/1062
rnd 127100 steps 16.27M t 62.4m eps 0.010 pairs_len 74 wins A/B/draw 132/166/2 loss 0.0390 item_loss 0.01490 items: used 0.17 of rows-with-items, k>0 488, thrown 830/1136
rnd 127200 steps 16.28M t 62.5m eps 0.010 pairs_len 74 wins A/B/draw 137/158/5 loss 0.0390 item_loss 0.01496 items: used 0.15 of rows-with-items, k>0 498, thrown 758/1031
rnd 127300 steps 16.29M t 62.5m eps 0.010 pairs_len 73 wins A/B/draw 145/147/8 loss 0.0389 item_loss 0.01463 items: used 0.16 of rows-with-items, k>0 443, thrown 735/1065
rnd 127400 steps 16.31M t 62.5m eps 0.010 pairs_len 73 wins A/B/draw 150/142/8 loss 0.0389 item_loss 0.01455 items: used 0.16 of rows-with-items, k>0 512, thrown 785/1118
rnd 127500 steps 16.32M t 62.6m eps 0.010 pairs_len 75 wins A/B/draw 148/145/7 loss 0.0386 item_loss 0.01422 items: used 0.15 of rows-with-items, k>0 476, thrown 722/1054
rnd 127600 steps 16.33M t 62.6m eps 0.010 pairs_len 77 wins A/B/draw 145/150/5 loss 0.0384 item_loss 0.01395 items: used 0.15 of rows-with-items, k>0 520, thrown 722/1094
rnd 127700 steps 16.35M t 62.7m eps 0.010 pairs_len 77 wins A/B/draw 148/149/3 loss 0.0392 item_loss 0.01390 items: used 0.15 of rows-with-items, k>0 523, thrown 779/1108
rnd 127800 steps 16.36M t 62.8m eps 0.010 pairs_len 76 wins A/B/draw 144/153/3 loss 0.0396 item_loss 0.01354 items: used 0.16 of rows-with-items, k>0 491, thrown 777/1089
rnd 127900 steps 16.37M t 63.0m eps 0.010 pairs_len 74 wins A/B/draw 143/154/3 loss 0.0399 item_loss 0.01330 items: used 0.17 of rows-with-items, k>0 539, thrown 836/1178
rnd 128000 steps 16.38M t 63.0m eps 0.010 pairs_len 76 wins A/B/draw 149/148/3 loss 0.0408 item_loss 0.01349 items: used 0.18 of rows-with-items, k>0 511, thrown 833/1165
rnd 128100 steps 16.40M t 63.1m eps 0.010 pairs_len 77 wins A/B/draw 144/154/2 loss 0.0406 item_loss 0.01303 items: used 0.15 of rows-with-items, k>0 421, thrown 726/986
rnd 128200 steps 16.41M t 63.1m eps 0.010 pairs_len 77 wins A/B/draw 144/154/2 loss 0.0397 item_loss 0.01321 items: used 0.14 of rows-with-items, k>0 503, thrown 704/1030
rnd 128300 steps 16.42M t 63.2m eps 0.010 pairs_len 75 wins A/B/draw 145/150/5 loss 0.0390 item_loss 0.01385 items: used 0.16 of rows-with-items, k>0 496, thrown 768/1095
rnd 128400 steps 16.44M t 63.2m eps 0.010 pairs_len 76 wins A/B/draw 145/151/4 loss 0.0389 item_loss 0.01423 items: used 0.15 of rows-with-items, k>0 429, thrown 766/1015
rnd 128500 steps 16.45M t 63.2m eps 0.010 pairs_len 76 wins A/B/draw 151/146/3 loss 0.0393 item_loss 0.01458 items: used 0.15 of rows-with-items, k>0 455, thrown 737/1011
rnd 128600 steps 16.46M t 63.3m eps 0.010 pairs_len 76 wins A/B/draw 149/151/0 loss 0.0400 item_loss 0.01431 items: used 0.14 of rows-with-items, k>0 465, thrown 733/1003
rnd 128700 steps 16.47M t 63.3m eps 0.010 pairs_len 74 wins A/B/draw 158/141/1 loss 0.0399 item_loss 0.01420 items: used 0.16 of rows-with-items, k>0 445, thrown 736/1028
rnd 128800 steps 16.49M t 63.4m eps 0.010 pairs_len 73 wins A/B/draw 154/144/2 loss 0.0397 item_loss 0.01431 items: used 0.15 of rows-with-items, k>0 541, thrown 782/1102
rnd 128900 steps 16.50M t 63.4m eps 0.010 pairs_len 70 wins A/B/draw 161/136/3 loss 0.0395 item_loss 0.01412 items: used 0.16 of rows-with-items, k>0 528, thrown 773/1105
rnd 129000 steps 16.51M t 63.5m eps 0.010 pairs_len 72 wins A/B/draw 162/137/1 loss 0.0394 item_loss 0.01446 items: used 0.18 of rows-with-items, k>0 509, thrown 825/1177
rnd 129100 steps 16.52M t 63.5m eps 0.010 pairs_len 72 wins A/B/draw 162/136/2 loss 0.0389 item_loss 0.01384 items: used 0.16 of rows-with-items, k>0 464, thrown 761/1045
rnd 129200 steps 16.54M t 63.5m eps 0.010 pairs_len 73 wins A/B/draw 154/143/3 loss 0.0391 item_loss 0.01383 items: used 0.16 of rows-with-items, k>0 523, thrown 760/1063
rnd 129300 steps 16.55M t 63.6m eps 0.010 pairs_len 72 wins A/B/draw 150/145/5 loss 0.0394 item_loss 0.01365 items: used 0.17 of rows-with-items, k>0 456, thrown 774/1069
rnd 129400 steps 16.56M t 63.6m eps 0.010 pairs_len 72 wins A/B/draw 156/137/7 loss 0.0391 item_loss 0.01351 items: used 0.16 of rows-with-items, k>0 500, thrown 765/1072
rnd 129500 steps 16.58M t 63.6m eps 0.010 pairs_len 73 wins A/B/draw 152/143/5 loss 0.0390 item_loss 0.01305 items: used 0.16 of rows-with-items, k>0 490, thrown 761/1080
rnd 129600 steps 16.59M t 63.7m eps 0.010 pairs_len 74 wins A/B/draw 156/141/3 loss 0.0382 item_loss 0.01278 items: used 0.15 of rows-with-items, k>0 550, thrown 807/1111
rnd 129700 steps 16.60M t 63.7m eps 0.010 pairs_len 74 wins A/B/draw 149/148/3 loss 0.0381 item_loss 0.01259 items: used 0.16 of rows-with-items, k>0 482, thrown 824/1121
rnd 129800 steps 16.61M t 63.7m eps 0.010 pairs_len 75 wins A/B/draw 147/151/2 loss 0.0379 item_loss 0.01218 items: used 0.17 of rows-with-items, k>0 530, thrown 797/1148
rnd 129900 steps 16.63M t 63.7m eps 0.010 pairs_len 75 wins A/B/draw 139/159/2 loss 0.0370 item_loss 0.01281 items: used 0.16 of rows-with-items, k>0 465, thrown 750/1077
rnd 130000 steps 16.64M t 63.8m eps 0.010 pairs_len 74 wins A/B/draw 148/150/2 loss 0.0375 item_loss 0.01254 items: used 0.15 of rows-with-items, k>0 449, thrown 774/1055
rnd 130100 steps 16.65M t 63.8m eps 0.010 pairs_len 74 wins A/B/draw 148/150/2 loss 0.0376 item_loss 0.01260 items: used 0.16 of rows-with-items, k>0 461, thrown 757/1095
rnd 130200 steps 16.67M t 63.8m eps 0.010 pairs_len 73 wins A/B/draw 150/149/1 loss 0.0376 item_loss 0.01269 items: used 0.16 of rows-with-items, k>0 495, thrown 794/1077
rnd 130300 steps 16.68M t 63.9m eps 0.010 pairs_len 74 wins A/B/draw 152/146/2 loss 0.0374 item_loss 0.01273 items: used 0.15 of rows-with-items, k>0 442, thrown 771/1070
rnd 130400 steps 16.69M t 63.9m eps 0.010 pairs_len 72 wins A/B/draw 148/148/4 loss 0.0371 item_loss 0.01270 items: used 0.17 of rows-with-items, k>0 517, thrown 760/1078
rnd 130500 steps 16.70M t 63.9m eps 0.010 pairs_len 71 wins A/B/draw 145/149/6 loss 0.0368 item_loss 0.01285 items: used 0.16 of rows-with-items, k>0 500, thrown 776/1108
rnd 130600 steps 16.72M t 63.9m eps 0.010 pairs_len 69 wins A/B/draw 139/155/6 loss 0.0362 item_loss 0.01294 items: used 0.15 of rows-with-items, k>0 482, thrown 774/1066
rnd 130700 steps 16.73M t 64.0m eps 0.010 pairs_len 71 wins A/B/draw 143/153/4 loss 0.0362 item_loss 0.01368 items: used 0.17 of rows-with-items, k>0 497, thrown 820/1128
rnd 130800 steps 16.74M t 64.0m eps 0.010 pairs_len 74 wins A/B/draw 146/152/2 loss 0.0361 item_loss 0.01333 items: used 0.15 of rows-with-items, k>0 407, thrown 700/1030
rnd 130900 steps 16.76M t 64.0m eps 0.010 pairs_len 73 wins A/B/draw 137/161/2 loss 0.0361 item_loss 0.01284 items: used 0.16 of rows-with-items, k>0 514, thrown 780/1118
rnd 131000 steps 16.77M t 64.1m eps 0.010 pairs_len 71 wins A/B/draw 132/164/4 loss 0.0366 item_loss 0.01261 items: used 0.16 of rows-with-items, k>0 529, thrown 755/1087
rnd 131100 steps 16.78M t 64.1m eps 0.010 pairs_len 71 wins A/B/draw 135/161/4 loss 0.0362 item_loss 0.01237 items: used 0.17 of rows-with-items, k>0 482, thrown 805/1160
rnd 131200 steps 16.79M t 64.1m eps 0.010 pairs_len 73 wins A/B/draw 142/155/3 loss 0.0369 item_loss 0.01224 items: used 0.16 of rows-with-items, k>0 506, thrown 739/1086
rnd 131300 steps 16.81M t 64.2m eps 0.010 pairs_len 74 wins A/B/draw 150/149/1 loss 0.0365 item_loss 0.01201 items: used 0.16 of rows-with-items, k>0 426, thrown 736/1034
rnd 131400 steps 16.82M t 64.2m eps 0.010 pairs_len 72 wins A/B/draw 144/155/1 loss 0.0359 item_loss 0.01195 items: used 0.17 of rows-with-items, k>0 527, thrown 832/1150
rnd 131500 steps 16.83M t 64.2m eps 0.010 pairs_len 73 wins A/B/draw 152/147/1 loss 0.0360 item_loss 0.01196 items: used 0.17 of rows-with-items, k>0 503, thrown 783/1145
rnd 131600 steps 16.84M t 64.3m eps 0.010 pairs_len 73 wins A/B/draw 155/144/1 loss 0.0359 item_loss 0.01201 items: used 0.17 of rows-with-items, k>0 531, thrown 791/1125
rnd 131700 steps 16.86M t 64.3m eps 0.010 pairs_len 75 wins A/B/draw 152/145/3 loss 0.0355 item_loss 0.01196 items: used 0.17 of rows-with-items, k>0 438, thrown 759/1062
rnd 131800 steps 16.87M t 64.3m eps 0.010 pairs_len 75 wins A/B/draw 162/133/5 loss 0.0360 item_loss 0.01220 items: used 0.17 of rows-with-items, k>0 445, thrown 787/1088
rnd 131900 steps 16.88M t 64.3m eps 0.010 pairs_len 74 wins A/B/draw 162/134/4 loss 0.0361 item_loss 0.01260 items: used 0.15 of rows-with-items, k>0 427, thrown 715/986
rnd 132000 steps 16.90M t 64.4m eps 0.010 pairs_len 72 wins A/B/draw 148/147/5 loss 0.0361 item_loss 0.01251 items: used 0.15 of rows-with-items, k>0 489, thrown 772/1082
rnd 132100 steps 16.91M t 64.4m eps 0.010 pairs_len 71 wins A/B/draw 130/167/3 loss 0.0358 item_loss 0.01230 items: used 0.16 of rows-with-items, k>0 476, thrown 750/1055
rnd 132200 steps 16.92M t 64.4m eps 0.010 pairs_len 70 wins A/B/draw 128/167/5 loss 0.0361 item_loss 0.01186 items: used 0.17 of rows-with-items, k>0 486, thrown 797/1100
rnd 132300 steps 16.93M t 64.5m eps 0.010 pairs_len 72 wins A/B/draw 146/150/4 loss 0.0356 item_loss 0.01175 items: used 0.15 of rows-with-items, k>0 474, thrown 747/1079
rnd 132400 steps 16.95M t 64.5m eps 0.010 pairs_len 73 wins A/B/draw 152/144/4 loss 0.0355 item_loss 0.01156 items: used 0.15 of rows-with-items, k>0 543, thrown 766/1145
rnd 132500 steps 16.96M t 64.7m eps 0.010 pairs_len 76 wins A/B/draw 155/142/3 loss 0.0355 item_loss 0.01127 items: used 0.15 of rows-with-items, k>0 496, thrown 748/1099
rnd 132600 steps 16.97M t 64.9m eps 0.010 pairs_len 77 wins A/B/draw 158/138/4 loss 0.0350 item_loss 0.01146 items: used 0.15 of rows-with-items, k>0 441, thrown 737/1018
rnd 132700 steps 16.99M t 64.9m eps 0.010 pairs_len 75 wins A/B/draw 153/143/4 loss 0.0359 item_loss 0.01136 items: used 0.15 of rows-with-items, k>0 506, thrown 786/1136
rnd 132800 steps 17.00M t 64.9m eps 0.010 pairs_len 75 wins A/B/draw 155/143/2 loss 0.0360 item_loss 0.01125 items: used 0.17 of rows-with-items, k>0 504, thrown 750/1101
rnd 132900 steps 17.01M t 65.0m eps 0.010 pairs_len 73 wins A/B/draw 146/154/0 loss 0.0362 item_loss 0.01113 items: used 0.17 of rows-with-items, k>0 469, thrown 781/1087
rnd 133000 steps 17.02M t 65.0m eps 0.010 pairs_len 71 wins A/B/draw 158/142/0 loss 0.0369 item_loss 0.01075 items: used 0.15 of rows-with-items, k>0 504, thrown 773/1084
rnd 133100 steps 17.04M t 65.1m eps 0.010 pairs_len 70 wins A/B/draw 147/149/4 loss 0.0373 item_loss 0.01085 items: used 0.15 of rows-with-items, k>0 424, thrown 699/960
rnd 133200 steps 17.05M t 65.1m eps 0.010 pairs_len 71 wins A/B/draw 148/147/5 loss 0.0372 item_loss 0.01060 items: used 0.17 of rows-with-items, k>0 476, thrown 798/1085
rnd 133300 steps 17.06M t 65.2m eps 0.010 pairs_len 71 wins A/B/draw 146/147/7 loss 0.0373 item_loss 0.01100 items: used 0.16 of rows-with-items, k>0 525, thrown 771/1108
rnd 133400 steps 17.08M t 65.2m eps 0.010 pairs_len 73 wins A/B/draw 158/139/3 loss 0.0374 item_loss 0.01090 items: used 0.17 of rows-with-items, k>0 463, thrown 789/1144
rnd 133500 steps 17.09M t 65.2m eps 0.010 pairs_len 75 wins A/B/draw 155/141/4 loss 0.0370 item_loss 0.01078 items: used 0.16 of rows-with-items, k>0 530, thrown 781/1093
rnd 133600 steps 17.10M t 65.3m eps 0.010 pairs_len 76 wins A/B/draw 157/140/3 loss 0.0368 item_loss 0.01062 items: used 0.17 of rows-with-items, k>0 568, thrown 844/1170
rnd 133700 steps 17.11M t 65.3m eps 0.010 pairs_len 76 wins A/B/draw 162/136/2 loss 0.0367 item_loss 0.01087 items: used 0.17 of rows-with-items, k>0 494, thrown 855/1197
rnd 133800 steps 17.13M t 65.3m eps 0.010 pairs_len 76 wins A/B/draw 163/136/1 loss 0.0372 item_loss 0.01094 items: used 0.17 of rows-with-items, k>0 521, thrown 833/1183
rnd 133900 steps 17.14M t 65.4m eps 0.010 pairs_len 75 wins A/B/draw 165/132/3 loss 0.0377 item_loss 0.01106 items: used 0.15 of rows-with-items, k>0 495, thrown 748/1039
rnd 134000 steps 17.15M t 65.4m eps 0.010 pairs_len 75 wins A/B/draw 153/145/2 loss 0.0376 item_loss 0.01144 items: used 0.16 of rows-with-items, k>0 529, thrown 825/1158
rnd 134100 steps 17.16M t 65.4m eps 0.010 pairs_len 73 wins A/B/draw 146/150/4 loss 0.0371 item_loss 0.01149 items: used 0.15 of rows-with-items, k>0 494, thrown 727/1034
rnd 134200 steps 17.18M t 65.5m eps 0.010 pairs_len 74 wins A/B/draw 148/149/3 loss 0.0373 item_loss 0.01144 items: used 0.17 of rows-with-items, k>0 497, thrown 786/1128
rnd 134300 steps 17.19M t 65.5m eps 0.010 pairs_len 73 wins A/B/draw 152/143/5 loss 0.0368 item_loss 0.01115 items: used 0.16 of rows-with-items, k>0 518, thrown 786/1078
rnd 134400 steps 17.20M t 65.5m eps 0.010 pairs_len 73 wins A/B/draw 147/148/5 loss 0.0369 item_loss 0.01091 items: used 0.16 of rows-with-items, k>0 417, thrown 740/1061
rnd 134500 steps 17.22M t 65.6m eps 0.010 pairs_len 71 wins A/B/draw 150/145/5 loss 0.0366 item_loss 0.01085 items: used 0.16 of rows-with-items, k>0 489, thrown 763/1056
rnd 134600 steps 17.23M t 65.6m eps 0.010 pairs_len 70 wins A/B/draw 152/146/2 loss 0.0370 item_loss 0.01078 items: used 0.17 of rows-with-items, k>0 508, thrown 738/1113
rnd 134700 steps 17.24M t 65.6m eps 0.010 pairs_len 71 wins A/B/draw 151/146/3 loss 0.0367 item_loss 0.01066 items: used 0.16 of rows-with-items, k>0 474, thrown 768/1080
rnd 134800 steps 17.25M t 65.6m eps 0.010 pairs_len 71 wins A/B/draw 145/149/6 loss 0.0365 item_loss 0.01084 items: used 0.17 of rows-with-items, k>0 457, thrown 780/1147
rnd 134900 steps 17.27M t 65.7m eps 0.010 pairs_len 71 wins A/B/draw 142/151/7 loss 0.0360 item_loss 0.01070 items: used 0.16 of rows-with-items, k>0 466, thrown 767/1088
rnd 135000 steps 17.28M t 65.7m eps 0.010 pairs_len 71 wins A/B/draw 146/149/5 loss 0.0361 item_loss 0.01062 items: used 0.15 of rows-with-items, k>0 514, thrown 758/1041
rnd 135100 steps 17.29M t 65.7m eps 0.010 pairs_len 72 wins A/B/draw 145/153/2 loss 0.0360 item_loss 0.01040 items: used 0.17 of rows-with-items, k>0 464, thrown 792/1115
rnd 135200 steps 17.31M t 65.8m eps 0.010 pairs_len 72 wins A/B/draw 154/144/2 loss 0.0357 item_loss 0.01023 items: used 0.17 of rows-with-items, k>0 451, thrown 719/1031
rnd 135300 steps 17.32M t 65.8m eps 0.010 pairs_len 73 wins A/B/draw 149/148/3 loss 0.0360 item_loss 0.01047 items: used 0.15 of rows-with-items, k>0 500, thrown 736/1024
rnd 135400 steps 17.33M t 65.8m eps 0.010 pairs_len 70 wins A/B/draw 158/140/2 loss 0.0360 item_loss 0.01101 items: used 0.15 of rows-with-items, k>0 478, thrown 736/1025
rnd 135500 steps 17.34M t 65.8m eps 0.010 pairs_len 68 wins A/B/draw 160/137/3 loss 0.0363 item_loss 0.01087 items: used 0.16 of rows-with-items, k>0 466, thrown 747/1062
rnd 135600 steps 17.36M t 65.9m eps 0.010 pairs_len 70 wins A/B/draw 163/135/2 loss 0.0368 item_loss 0.01078 items: used 0.17 of rows-with-items, k>0 501, thrown 815/1122
rnd 135700 steps 17.37M t 65.9m eps 0.010 pairs_len 70 wins A/B/draw 165/133/2 loss 0.0370 item_loss 0.01077 items: used 0.16 of rows-with-items, k>0 500, thrown 813/1111
rnd 135800 steps 17.38M t 65.9m eps 0.010 pairs_len 72 wins A/B/draw 165/134/1 loss 0.0364 item_loss 0.01098 items: used 0.16 of rows-with-items, k>0 426, thrown 750/1064
rnd 135900 steps 17.40M t 66.0m eps 0.010 pairs_len 70 wins A/B/draw 172/127/1 loss 0.0356 item_loss 0.01105 items: used 0.16 of rows-with-items, k>0 476, thrown 733/1052
rnd 136000 steps 17.41M t 66.0m eps 0.010 pairs_len 68 wins A/B/draw 152/145/3 loss 0.0350 item_loss 0.01156 items: used 0.15 of rows-with-items, k>0 444, thrown 701/1002
rnd 136100 steps 17.42M t 66.0m eps 0.010 pairs_len 69 wins A/B/draw 150/146/4 loss 0.0348 item_loss 0.01136 items: used 0.15 of rows-with-items, k>0 434, thrown 731/1048
rnd 136200 steps 17.43M t 66.1m eps 0.010 pairs_len 72 wins A/B/draw 144/152/4 loss 0.0351 item_loss 0.01096 items: used 0.16 of rows-with-items, k>0 506, thrown 744/1064
rnd 136300 steps 17.45M t 66.1m eps 0.010 pairs_len 70 wins A/B/draw 149/145/6 loss 0.0350 item_loss 0.01115 items: used 0.14 of rows-with-items, k>0 403, thrown 678/961
rnd 136400 steps 17.46M t 66.1m eps 0.010 pairs_len 67 wins A/B/draw 151/142/7 loss 0.0346 item_loss 0.01102 items: used 0.16 of rows-with-items, k>0 460, thrown 771/1079
rnd 136500 steps 17.47M t 66.2m eps 0.010 pairs_len 66 wins A/B/draw 151/144/5 loss 0.0340 item_loss 0.01077 items: used 0.15 of rows-with-items, k>0 456, thrown 752/1051
rnd 136600 steps 17.48M t 66.3m eps 0.010 pairs_len 68 wins A/B/draw 155/140/5 loss 0.0343 item_loss 0.01077 items: used 0.16 of rows-with-items, k>0 451, thrown 752/1073
rnd 136700 steps 17.50M t 66.4m eps 0.010 pairs_len 68 wins A/B/draw 144/150/6 loss 0.0343 item_loss 0.01049 items: used 0.16 of rows-with-items, k>0 405, thrown 679/978
rnd 136800 steps 17.51M t 66.6m eps 0.010 pairs_len 67 wins A/B/draw 151/143/6 loss 0.0341 item_loss 0.01034 items: used 0.15 of rows-with-items, k>0 425, thrown 709/994
rnd 136900 steps 17.52M t 66.6m eps 0.010 pairs_len 66 wins A/B/draw 140/155/5 loss 0.0339 item_loss 0.01018 items: used 0.17 of rows-with-items, k>0 421, thrown 746/1057
rnd 137000 steps 17.54M t 66.6m eps 0.010 pairs_len 65 wins A/B/draw 145/152/3 loss 0.0340 item_loss 0.01028 items: used 0.16 of rows-with-items, k>0 450, thrown 735/1034
rnd 137100 steps 17.55M t 66.7m eps 0.010 pairs_len 66 wins A/B/draw 139/157/4 loss 0.0339 item_loss 0.01037 items: used 0.17 of rows-with-items, k>0 447, thrown 740/1106
rnd 137200 steps 17.56M t 66.7m eps 0.010 pairs_len 68 wins A/B/draw 148/147/5 loss 0.0337 item_loss 0.01032 items: used 0.15 of rows-with-items, k>0 439, thrown 700/1008
rnd 137300 steps 17.57M t 66.8m eps 0.010 pairs_len 69 wins A/B/draw 145/149/6 loss 0.0337 item_loss 0.01016 items: used 0.15 of rows-with-items, k>0 385, thrown 635/920
rnd 137400 steps 17.59M t 66.8m eps 0.010 pairs_len 68 wins A/B/draw 148/150/2 loss 0.0337 item_loss 0.01009 items: used 0.16 of rows-with-items, k>0 462, thrown 702/1006
rnd 137500 steps 17.60M t 66.8m eps 0.010 pairs_len 67 wins A/B/draw 155/143/2 loss 0.0331 item_loss 0.00996 items: used 0.16 of rows-with-items, k>0 522, thrown 734/1088
rnd 137600 steps 17.61M t 66.9m eps 0.010 pairs_len 70 wins A/B/draw 163/136/1 loss 0.0331 item_loss 0.01011 items: used 0.15 of rows-with-items, k>0 440, thrown 716/1055
rnd 137700 steps 17.63M t 66.9m eps 0.010 pairs_len 71 wins A/B/draw 151/146/3 loss 0.0325 item_loss 0.00997 items: used 0.15 of rows-with-items, k>0 404, thrown 694/957
rnd 137800 steps 17.64M t 67.0m eps 0.010 pairs_len 71 wins A/B/draw 142/154/4 loss 0.0328 item_loss 0.00973 items: used 0.15 of rows-with-items, k>0 440, thrown 720/1001
rnd 137900 steps 17.65M t 67.0m eps 0.010 pairs_len 68 wins A/B/draw 148/146/6 loss 0.0330 item_loss 0.00990 items: used 0.16 of rows-with-items, k>0 415, thrown 691/1032
rnd 138000 steps 17.66M t 67.0m eps 0.010 pairs_len 68 wins A/B/draw 153/142/5 loss 0.0326 item_loss 0.00972 items: used 0.15 of rows-with-items, k>0 389, thrown 679/938
rnd 138100 steps 17.68M t 67.1m eps 0.010 pairs_len 68 wins A/B/draw 150/146/4 loss 0.0324 item_loss 0.00996 items: used 0.17 of rows-with-items, k>0 446, thrown 726/1065
rnd 138200 steps 17.69M t 67.1m eps 0.010 pairs_len 68 wins A/B/draw 159/136/5 loss 0.0322 item_loss 0.01045 items: used 0.16 of rows-with-items, k>0 489, thrown 692/1009
rnd 138300 steps 17.70M t 67.1m eps 0.010 pairs_len 68 wins A/B/draw 167/129/4 loss 0.0325 item_loss 0.01023 items: used 0.15 of rows-with-items, k>0 456, thrown 727/1057
rnd 138400 steps 17.72M t 67.2m eps 0.010 pairs_len 69 wins A/B/draw 164/131/5 loss 0.0323 item_loss 0.01010 items: used 0.15 of rows-with-items, k>0 502, thrown 722/1016
rnd 138500 steps 17.73M t 67.2m eps 0.010 pairs_len 71 wins A/B/draw 155/137/8 loss 0.0321 item_loss 0.00993 items: used 0.15 of rows-with-items, k>0 450, thrown 704/1001
rnd 138600 steps 17.74M t 67.2m eps 0.010 pairs_len 71 wins A/B/draw 148/147/5 loss 0.0323 item_loss 0.01009 items: used 0.15 of rows-with-items, k>0 462, thrown 702/1034
rnd 138700 steps 17.75M t 67.3m eps 0.010 pairs_len 70 wins A/B/draw 139/156/5 loss 0.0321 item_loss 0.01010 items: used 0.15 of rows-with-items, k>0 455, thrown 709/998
rnd 138800 steps 17.77M t 67.3m eps 0.010 pairs_len 67 wins A/B/draw 141/156/3 loss 0.0317 item_loss 0.00995 items: used 0.16 of rows-with-items, k>0 444, thrown 747/1064
rnd 138900 steps 17.78M t 67.3m eps 0.010 pairs_len 67 wins A/B/draw 147/149/4 loss 0.0314 item_loss 0.00958 items: used 0.17 of rows-with-items, k>0 505, thrown 806/1138
rnd 139000 steps 17.79M t 67.4m eps 0.010 pairs_len 67 wins A/B/draw 148/148/4 loss 0.0319 item_loss 0.00966 items: used 0.16 of rows-with-items, k>0 483, thrown 788/1071
rnd 139100 steps 17.80M t 67.4m eps 0.010 pairs_len 68 wins A/B/draw 148/147/5 loss 0.0320 item_loss 0.00957 items: used 0.16 of rows-with-items, k>0 487, thrown 752/1091
rnd 139200 steps 17.82M t 67.4m eps 0.010 pairs_len 67 wins A/B/draw 148/150/2 loss 0.0319 item_loss 0.00939 items: used 0.15 of rows-with-items, k>0 439, thrown 673/968
rnd 139300 steps 17.83M t 67.4m eps 0.010 pairs_len 66 wins A/B/draw 158/138/4 loss 0.0320 item_loss 0.00921 items: used 0.16 of rows-with-items, k>0 476, thrown 724/1047
rnd 139400 steps 17.84M t 67.5m eps 0.010 pairs_len 67 wins A/B/draw 156/138/6 loss 0.0325 item_loss 0.00897 items: used 0.17 of rows-with-items, k>0 502, thrown 781/1090
rnd 139500 steps 17.86M t 67.5m eps 0.010 pairs_len 68 wins A/B/draw 144/151/5 loss 0.0322 item_loss 0.00934 items: used 0.15 of rows-with-items, k>0 503, thrown 734/1062
rnd 139600 steps 17.87M t 67.5m eps 0.010 pairs_len 69 wins A/B/draw 139/158/3 loss 0.0319 item_loss 0.00972 items: used 0.16 of rows-with-items, k>0 495, thrown 719/1041
rnd 139700 steps 17.88M t 67.6m eps 0.010 pairs_len 69 wins A/B/draw 145/152/3 loss 0.0314 item_loss 0.00986 items: used 0.16 of rows-with-items, k>0 490, thrown 752/1057
rnd 139800 steps 17.89M t 67.6m eps 0.010 pairs_len 68 wins A/B/draw 161/134/5 loss 0.0315 item_loss 0.00992 items: used 0.16 of rows-with-items, k>0 530, thrown 734/1059
rnd 139900 steps 17.91M t 67.6m eps 0.010 pairs_len 69 wins A/B/draw 154/140/6 loss 0.0315 item_loss 0.01019 items: used 0.17 of rows-with-items, k>0 495, thrown 725/1075
rnd 140000 steps 17.92M t 67.6m eps 0.010 pairs_len 67 wins A/B/draw 158/139/3 loss 0.0317 item_loss 0.00983 items: used 0.16 of rows-with-items, k>0 495, thrown 750/1049
rnd 140100 steps 17.93M t 67.7m eps 0.010 pairs_len 66 wins A/B/draw 154/143/3 loss 0.0316 item_loss 0.00980 items: used 0.16 of rows-with-items, k>0 470, thrown 759/1038
rnd 140200 steps 17.95M t 67.7m eps 0.010 pairs_len 64 wins A/B/draw 149/147/4 loss 0.0317 item_loss 0.01009 items: used 0.16 of rows-with-items, k>0 460, thrown 702/1011
rnd 140300 steps 17.96M t 67.7m eps 0.010 pairs_len 64 wins A/B/draw 145/152/3 loss 0.0321 item_loss 0.01023 items: used 0.15 of rows-with-items, k>0 525, thrown 693/1046
rnd 140400 steps 17.97M t 67.8m eps 0.010 pairs_len 65 wins A/B/draw 145/152/3 loss 0.0321 item_loss 0.01007 items: used 0.15 of rows-with-items, k>0 493, thrown 743/1022
rnd 140500 steps 17.98M t 67.8m eps 0.010 pairs_len 67 wins A/B/draw 151/148/1 loss 0.0315 item_loss 0.00988 items: used 0.14 of rows-with-items, k>0 475, thrown 715/1010
rnd 140600 steps 18.00M t 67.8m eps 0.010 pairs_len 69 wins A/B/draw 150/146/4 loss 0.0313 item_loss 0.00955 items: used 0.16 of rows-with-items, k>0 510, thrown 708/1064
rnd 140700 steps 18.01M t 67.8m eps 0.010 pairs_len 69 wins A/B/draw 150/145/5 loss 0.0316 item_loss 0.00937 items: used 0.16 of rows-with-items, k>0 466, thrown 700/1031
rnd 140800 steps 18.02M t 67.9m eps 0.010 pairs_len 71 wins A/B/draw 146/152/2 loss 0.0312 item_loss 0.00930 items: used 0.16 of rows-with-items, k>0 440, thrown 716/1021
rnd 140900 steps 18.04M t 67.9m eps 0.010 pairs_len 69 wins A/B/draw 136/163/1 loss 0.0309 item_loss 0.00932 items: used 0.15 of rows-with-items, k>0 503, thrown 733/1010
rnd 141000 steps 18.05M t 67.9m eps 0.010 pairs_len 68 wins A/B/draw 140/158/2 loss 0.0307 item_loss 0.00938 items: used 0.16 of rows-with-items, k>0 525, thrown 693/1024
rnd 141100 steps 18.06M t 67.9m eps 0.010 pairs_len 65 wins A/B/draw 157/139/4 loss 0.0304 item_loss 0.00930 items: used 0.15 of rows-with-items, k>0 425, thrown 699/966
rnd 141200 steps 18.07M t 68.0m eps 0.010 pairs_len 65 wins A/B/draw 162/133/5 loss 0.0300 item_loss 0.00907 items: used 0.15 of rows-with-items, k>0 515, thrown 719/1032
rnd 141300 steps 18.09M t 68.0m eps 0.010 pairs_len 65 wins A/B/draw 156/139/5 loss 0.0306 item_loss 0.00897 items: used 0.15 of rows-with-items, k>0 429, thrown 687/964
rnd 141400 steps 18.10M t 68.2m eps 0.010 pairs_len 66 wins A/B/draw 159/135/6 loss 0.0312 item_loss 0.00872 items: used 0.17 of rows-with-items, k>0 564, thrown 796/1161
rnd 141500 steps 18.11M t 68.4m eps 0.010 pairs_len 66 wins A/B/draw 163/133/4 loss 0.0310 item_loss 0.00876 items: used 0.15 of rows-with-items, k>0 478, thrown 686/1017
rnd 141600 steps 18.12M t 68.4m eps 0.010 pairs_len 67 wins A/B/draw 164/133/3 loss 0.0306 item_loss 0.00898 items: used 0.15 of rows-with-items, k>0 506, thrown 709/979
rnd 141700 steps 18.14M t 68.5m eps 0.010 pairs_len 66 wins A/B/draw 172/126/2 loss 0.0306 item_loss 0.00898 items: used 0.15 of rows-with-items, k>0 539, thrown 703/1028
rnd 141800 steps 18.15M t 68.5m eps 0.010 pairs_len 67 wins A/B/draw 167/131/2 loss 0.0304 item_loss 0.00877 items: used 0.16 of rows-with-items, k>0 482, thrown 716/1046
rnd 141900 steps 18.16M t 68.6m eps 0.010 pairs_len 64 wins A/B/draw 163/136/1 loss 0.0304 item_loss 0.00878 items: used 0.16 of rows-with-items, k>0 492, thrown 715/988
rnd 142000 steps 18.18M t 68.6m eps 0.010 pairs_len 62 wins A/B/draw 164/132/4 loss 0.0303 item_loss 0.00861 items: used 0.16 of rows-with-items, k>0 508, thrown 745/1077
rnd 142100 steps 18.19M t 68.6m eps 0.010 pairs_len 63 wins A/B/draw 147/148/5 loss 0.0305 item_loss 0.00876 items: used 0.16 of rows-with-items, k>0 454, thrown 766/1060
rnd 142200 steps 18.20M t 68.7m eps 0.010 pairs_len 66 wins A/B/draw 141/154/5 loss 0.0309 item_loss 0.00889 items: used 0.16 of rows-with-items, k>0 491, thrown 784/1093
rnd 142300 steps 18.21M t 68.7m eps 0.010 pairs_len 67 wins A/B/draw 136/162/2 loss 0.0305 item_loss 0.00912 items: used 0.14 of rows-with-items, k>0 456, thrown 684/982
rnd 142400 steps 18.23M t 68.7m eps 0.010 pairs_len 68 wins A/B/draw 140/158/2 loss 0.0304 item_loss 0.00888 items: used 0.16 of rows-with-items, k>0 527, thrown 774/1073
rnd 142500 steps 18.24M t 68.8m eps 0.010 pairs_len 68 wins A/B/draw 136/161/3 loss 0.0301 item_loss 0.00899 items: used 0.16 of rows-with-items, k>0 501, thrown 765/1094
rnd 142600 steps 18.25M t 68.8m eps 0.010 pairs_len 66 wins A/B/draw 149/148/3 loss 0.0299 item_loss 0.00911 items: used 0.15 of rows-with-items, k>0 419, thrown 692/950
rnd 142700 steps 18.27M t 68.8m eps 0.010 pairs_len 63 wins A/B/draw 153/145/2 loss 0.0299 item_loss 0.00899 items: used 0.15 of rows-with-items, k>0 469, thrown 757/1006
rnd 142800 steps 18.28M t 68.9m eps 0.010 pairs_len 60 wins A/B/draw 154/142/4 loss 0.0298 item_loss 0.00976 items: used 0.16 of rows-with-items, k>0 490, thrown 718/1020
rnd 142900 steps 18.29M t 68.9m eps 0.010 pairs_len 61 wins A/B/draw 144/151/5 loss 0.0294 item_loss 0.00944 items: used 0.17 of rows-with-items, k>0 461, thrown 713/994
rnd 143000 steps 18.30M t 68.9m eps 0.010 pairs_len 62 wins A/B/draw 137/158/5 loss 0.0287 item_loss 0.00969 items: used 0.15 of rows-with-items, k>0 435, thrown 699/958
rnd 143100 steps 18.32M t 69.0m eps 0.010 pairs_len 63 wins A/B/draw 157/139/4 loss 0.0283 item_loss 0.00941 items: used 0.16 of rows-with-items, k>0 478, thrown 711/1014
rnd 143200 steps 18.33M t 69.0m eps 0.010 pairs_len 65 wins A/B/draw 157/140/3 loss 0.0281 item_loss 0.00893 items: used 0.16 of rows-with-items, k>0 483, thrown 734/1047
rnd 143300 steps 18.34M t 69.0m eps 0.010 pairs_len 66 wins A/B/draw 155/142/3 loss 0.0281 item_loss 0.00872 items: used 0.15 of rows-with-items, k>0 487, thrown 714/1002
rnd 143400 steps 18.36M t 69.0m eps 0.010 pairs_len 65 wins A/B/draw 154/142/4 loss 0.0283 item_loss 0.00833 items: used 0.15 of rows-with-items, k>0 468, thrown 738/998
rnd 143500 steps 18.37M t 69.1m eps 0.010 pairs_len 64 wins A/B/draw 149/147/4 loss 0.0278 item_loss 0.00824 items: used 0.15 of rows-with-items, k>0 465, thrown 696/971
rnd 143600 steps 18.38M t 69.1m eps 0.010 pairs_len 64 wins A/B/draw 150/147/3 loss 0.0275 item_loss 0.00826 items: used 0.16 of rows-with-items, k>0 483, thrown 763/1056
rnd 143700 steps 18.39M t 69.1m eps 0.010 pairs_len 65 wins A/B/draw 151/146/3 loss 0.0281 item_loss 0.00801 items: used 0.14 of rows-with-items, k>0 475, thrown 695/962
rnd 143800 steps 18.41M t 69.1m eps 0.010 pairs_len 64 wins A/B/draw 166/126/8 loss 0.0282 item_loss 0.00804 items: used 0.17 of rows-with-items, k>0 487, thrown 750/1030
rnd 143900 steps 18.42M t 69.2m eps 0.010 pairs_len 65 wins A/B/draw 165/129/6 loss 0.0288 item_loss 0.00785 items: used 0.16 of rows-with-items, k>0 514, thrown 710/1049
rnd 144000 steps 18.43M t 69.2m eps 0.010 pairs_len 67 wins A/B/draw 158/138/4 loss 0.0287 item_loss 0.00766 items: used 0.17 of rows-with-items, k>0 582, thrown 768/1117
rnd 144100 steps 18.44M t 69.2m eps 0.010 pairs_len 66 wins A/B/draw 144/155/1 loss 0.0291 item_loss 0.00756 items: used 0.17 of rows-with-items, k>0 514, thrown 749/1043
rnd 144200 steps 18.46M t 69.3m eps 0.010 pairs_len 65 wins A/B/draw 139/159/2 loss 0.0292 item_loss 0.00772 items: used 0.15 of rows-with-items, k>0 465, thrown 699/972
rnd 144300 steps 18.47M t 69.3m eps 0.010 pairs_len 63 wins A/B/draw 139/159/2 loss 0.0296 item_loss 0.00768 items: used 0.15 of rows-with-items, k>0 470, thrown 699/967
rnd 144400 steps 18.48M t 69.3m eps 0.010 pairs_len 64 wins A/B/draw 157/140/3 loss 0.0299 item_loss 0.00755 items: used 0.15 of rows-with-items, k>0 540, thrown 717/1039
rnd 144500 steps 18.50M t 69.3m eps 0.010 pairs_len 63 wins A/B/draw 154/142/4 loss 0.0295 item_loss 0.00744 items: used 0.17 of rows-with-items, k>0 488, thrown 737/1050
rnd 144600 steps 18.51M t 69.4m eps 0.010 pairs_len 64 wins A/B/draw 147/151/2 loss 0.0300 item_loss 0.00718 items: used 0.15 of rows-with-items, k>0 457, thrown 710/973
rnd 144700 steps 18.52M t 69.4m eps 0.010 pairs_len 63 wins A/B/draw 131/168/1 loss 0.0301 item_loss 0.00817 items: used 0.16 of rows-with-items, k>0 505, thrown 715/1010
rnd 144800 steps 18.53M t 69.4m eps 0.010 pairs_len 61 wins A/B/draw 138/161/1 loss 0.0301 item_loss 0.00817 items: used 0.15 of rows-with-items, k>0 457, thrown 718/962
rnd 144900 steps 18.55M t 69.5m eps 0.010 pairs_len 61 wins A/B/draw 156/141/3 loss 0.0301 item_loss 0.00852 items: used 0.15 of rows-with-items, k>0 470, thrown 711/994
rnd 145000 steps 18.56M t 69.5m eps 0.010 pairs_len 62 wins A/B/draw 160/137/3 loss 0.0302 item_loss 0.00843 items: used 0.16 of rows-with-items, k>0 469, thrown 728/1011
rnd 145100 steps 18.57M t 69.5m eps 0.010 pairs_len 61 wins A/B/draw 160/138/2 loss 0.0305 item_loss 0.00809 items: used 0.17 of rows-with-items, k>0 443, thrown 730/996
rnd 145200 steps 18.59M t 69.5m eps 0.010 pairs_len 60 wins A/B/draw 149/148/3 loss 0.0311 item_loss 0.00800 items: used 0.15 of rows-with-items, k>0 416, thrown 650/932
rnd 145300 steps 18.60M t 69.6m eps 0.010 pairs_len 59 wins A/B/draw 146/150/4 loss 0.0307 item_loss 0.00784 items: used 0.16 of rows-with-items, k>0 478, thrown 713/980
rnd 145400 steps 18.61M t 69.6m eps 0.010 pairs_len 59 wins A/B/draw 142/152/6 loss 0.0303 item_loss 0.00775 items: used 0.15 of rows-with-items, k>0 486, thrown 702/1002
rnd 145500 steps 18.62M t 69.6m eps 0.010 pairs_len 60 wins A/B/draw 130/167/3 loss 0.0304 item_loss 0.00767 items: used 0.14 of rows-with-items, k>0 416, thrown 647/880
rnd 145600 steps 18.64M t 69.7m eps 0.010 pairs_len 60 wins A/B/draw 135/161/4 loss 0.0298 item_loss 0.00752 items: used 0.16 of rows-with-items, k>0 429, thrown 707/1007
rnd 145700 steps 18.65M t 69.8m eps 0.010 pairs_len 62 wins A/B/draw 147/150/3 loss 0.0299 item_loss 0.00750 items: used 0.14 of rows-with-items, k>0 401, thrown 617/858
rnd 145800 steps 18.66M t 70.0m eps 0.010 pairs_len 61 wins A/B/draw 152/146/2 loss 0.0300 item_loss 0.00758 items: used 0.17 of rows-with-items, k>0 531, thrown 703/1039
rnd 145900 steps 18.68M t 70.1m eps 0.010 pairs_len 61 wins A/B/draw 141/155/4 loss 0.0304 item_loss 0.00770 items: used 0.15 of rows-with-items, k>0 436, thrown 674/975
rnd 146000 steps 18.69M t 70.1m eps 0.010 pairs_len 58 wins A/B/draw 142/153/5 loss 0.0301 item_loss 0.00736 items: used 0.15 of rows-with-items, k>0 419, thrown 663/913
rnd 146100 steps 18.70M t 70.2m eps 0.010 pairs_len 59 wins A/B/draw 150/148/2 loss 0.0301 item_loss 0.00713 items: used 0.18 of rows-with-items, k>0 492, thrown 785/1093
rnd 146200 steps 18.71M t 70.2m eps 0.010 pairs_len 61 wins A/B/draw 153/145/2 loss 0.0304 item_loss 0.00704 items: used 0.17 of rows-with-items, k>0 446, thrown 685/1017
rnd 146300 steps 18.73M t 70.3m eps 0.010 pairs_len 62 wins A/B/draw 154/143/3 loss 0.0305 item_loss 0.00696 items: used 0.16 of rows-with-items, k>0 456, thrown 724/1025
rnd 146400 steps 18.74M t 70.3m eps 0.010 pairs_len 61 wins A/B/draw 155/142/3 loss 0.0302 item_loss 0.00693 items: used 0.15 of rows-with-items, k>0 376, thrown 659/878
rnd 146500 steps 18.75M t 70.4m eps 0.010 pairs_len 60 wins A/B/draw 147/148/5 loss 0.0300 item_loss 0.00729 items: used 0.15 of rows-with-items, k>0 439, thrown 666/948
rnd 146600 steps 18.76M t 70.5m eps 0.010 pairs_len 61 wins A/B/draw 155/142/3 loss 0.0298 item_loss 0.00739 items: used 0.16 of rows-with-items, k>0 473, thrown 710/1026
rnd 146700 steps 18.78M t 70.5m eps 0.010 pairs_len 62 wins A/B/draw 160/137/3 loss 0.0302 item_loss 0.00707 items: used 0.16 of rows-with-items, k>0 458, thrown 751/995
rnd 146800 steps 18.79M t 70.5m eps 0.010 pairs_len 60 wins A/B/draw 155/142/3 loss 0.0301 item_loss 0.00686 items: used 0.17 of rows-with-items, k>0 471, thrown 742/1027
rnd 146900 steps 18.80M t 70.6m eps 0.010 pairs_len 60 wins A/B/draw 158/139/3 loss 0.0301 item_loss 0.00692 items: used 0.17 of rows-with-items, k>0 401, thrown 698/989
rnd 147000 steps 18.82M t 70.6m eps 0.010 pairs_len 59 wins A/B/draw 159/137/4 loss 0.0302 item_loss 0.00681 items: used 0.15 of rows-with-items, k>0 409, thrown 685/948
rnd 147100 steps 18.83M t 70.7m eps 0.010 pairs_len 60 wins A/B/draw 154/140/6 loss 0.0300 item_loss 0.00697 items: used 0.15 of rows-with-items, k>0 406, thrown 672/934
rnd 147200 steps 18.84M t 70.7m eps 0.010 pairs_len 60 wins A/B/draw 151/143/6 loss 0.0302 item_loss 0.00686 items: used 0.17 of rows-with-items, k>0 486, thrown 755/1070
rnd 147300 steps 18.85M t 70.7m eps 0.010 pairs_len 59 wins A/B/draw 147/148/5 loss 0.0300 item_loss 0.00667 items: used 0.14 of rows-with-items, k>0 413, thrown 622/881
rnd 147400 steps 18.87M t 70.8m eps 0.010 pairs_len 59 wins A/B/draw 150/147/3 loss 0.0296 item_loss 0.00670 items: used 0.16 of rows-with-items, k>0 443, thrown 692/995
rnd 147500 steps 18.88M t 70.8m eps 0.010 pairs_len 60 wins A/B/draw 142/157/1 loss 0.0303 item_loss 0.00671 items: used 0.16 of rows-with-items, k>0 474, thrown 713/1031
rnd 147600 steps 18.89M t 70.9m eps 0.010 pairs_len 61 wins A/B/draw 148/151/1 loss 0.0307 item_loss 0.00680 items: used 0.16 of rows-with-items, k>0 435, thrown 686/961
rnd 147700 steps 18.91M t 70.9m eps 0.010 pairs_len 61 wins A/B/draw 152/148/0 loss 0.0312 item_loss 0.00732 items: used 0.17 of rows-with-items, k>0 434, thrown 680/948
rnd 147800 steps 18.92M t 70.9m eps 0.010 pairs_len 62 wins A/B/draw 151/147/2 loss 0.0314 item_loss 0.00707 items: used 0.17 of rows-with-items, k>0 414, thrown 757/1078
rnd 147900 steps 18.93M t 71.0m eps 0.010 pairs_len 60 wins A/B/draw 152/144/4 loss 0.0317 item_loss 0.00694 items: used 0.16 of rows-with-items, k>0 423, thrown 706/967
rnd 148000 steps 18.94M t 71.0m eps 0.010 pairs_len 59 wins A/B/draw 148/149/3 loss 0.0312 item_loss 0.00697 items: used 0.17 of rows-with-items, k>0 444, thrown 700/987
rnd 148100 steps 18.96M t 71.0m eps 0.010 pairs_len 60 wins A/B/draw 158/141/1 loss 0.0319 item_loss 0.00729 items: used 0.15 of rows-with-items, k>0 411, thrown 704/969
rnd 148200 steps 18.97M t 71.1m eps 0.010 pairs_len 61 wins A/B/draw 167/132/1 loss 0.0316 item_loss 0.00712 items: used 0.15 of rows-with-items, k>0 384, thrown 621/862
rnd 148300 steps 18.98M t 71.1m eps 0.010 pairs_len 60 wins A/B/draw 156/142/2 loss 0.0320 item_loss 0.00710 items: used 0.15 of rows-with-items, k>0 457, thrown 687/987
rnd 148400 steps 19.00M t 71.1m eps 0.010 pairs_len 62 wins A/B/draw 154/145/1 loss 0.0324 item_loss 0.00708 items: used 0.15 of rows-with-items, k>0 420, thrown 690/990
rnd 148500 steps 19.01M t 71.2m eps 0.010 pairs_len 63 wins A/B/draw 148/152/0 loss 0.0323 item_loss 0.00720 items: used 0.17 of rows-with-items, k>0 393, thrown 676/960
rnd 148600 steps 19.02M t 71.2m eps 0.010 pairs_len 61 wins A/B/draw 140/157/3 loss 0.0317 item_loss 0.00694 items: used 0.16 of rows-with-items, k>0 414, thrown 689/955
rnd 148700 steps 19.03M t 71.2m eps 0.010 pairs_len 60 wins A/B/draw 148/148/4 loss 0.0309 item_loss 0.00713 items: used 0.15 of rows-with-items, k>0 395, thrown 641/904
rnd 148800 steps 19.05M t 71.3m eps 0.010 pairs_len 60 wins A/B/draw 150/148/2 loss 0.0307 item_loss 0.00695 items: used 0.16 of rows-with-items, k>0 373, thrown 639/919
rnd 148900 steps 19.06M t 71.3m eps 0.010 pairs_len 60 wins A/B/draw 149/148/3 loss 0.0309 item_loss 0.00697 items: used 0.16 of rows-with-items, k>0 434, thrown 716/1021
rnd 149000 steps 19.07M t 71.3m eps 0.010 pairs_len 59 wins A/B/draw 155/138/7 loss 0.0309 item_loss 0.00687 items: used 0.17 of rows-with-items, k>0 372, thrown 678/922
rnd 149100 steps 19.08M t 71.4m eps 0.010 pairs_len 59 wins A/B/draw 158/135/7 loss 0.0307 item_loss 0.00699 items: used 0.14 of rows-with-items, k>0 378, thrown 645/884
rnd 149200 steps 19.10M t 71.4m eps 0.010 pairs_len 59 wins A/B/draw 158/138/4 loss 0.0307 item_loss 0.00710 items: used 0.18 of rows-with-items, k>0 496, thrown 727/1064
rnd 149300 steps 19.11M t 71.4m eps 0.010 pairs_len 58 wins A/B/draw 153/141/6 loss 0.0304 item_loss 0.00729 items: used 0.16 of rows-with-items, k>0 378, thrown 677/918
rnd 149400 steps 19.12M t 71.6m eps 0.010 pairs_len 57 wins A/B/draw 147/148/5 loss 0.0303 item_loss 0.00727 items: used 0.15 of rows-with-items, k>0 434, thrown 664/920
rnd 149500 steps 19.14M t 71.8m eps 0.010 pairs_len 57 wins A/B/draw 158/136/6 loss 0.0298 item_loss 0.00724 items: used 0.14 of rows-with-items, k>0 433, thrown 654/903
rnd 149600 steps 19.15M t 71.9m eps 0.010 pairs_len 57 wins A/B/draw 161/134/5 loss 0.0294 item_loss 0.00729 items: used 0.16 of rows-with-items, k>0 400, thrown 676/979
rnd 149700 steps 19.16M t 71.9m eps 0.010 pairs_len 59 wins A/B/draw 158/140/2 loss 0.0291 item_loss 0.00716 items: used 0.16 of rows-with-items, k>0 395, thrown 688/937
rnd 149800 steps 19.17M t 71.9m eps 0.010 pairs_len 60 wins A/B/draw 147/148/5 loss 0.0291 item_loss 0.00701 items: used 0.17 of rows-with-items, k>0 405, thrown 767/1030
rnd 149900 steps 19.19M t 72.0m eps 0.010 pairs_len 57 wins A/B/draw 141/155/4 loss 0.0287 item_loss 0.00694 items: used 0.16 of rows-with-items, k>0 382, thrown 673/942
rnd 150000 steps 19.20M t 72.1m eps 0.010 pairs_len 56 wins A/B/draw 133/163/4 loss 0.0285 item_loss 0.00675 items: used 0.17 of rows-with-items, k>0 449, thrown 718/985
rnd 150100 steps 19.21M t 72.1m eps 0.010 pairs_len 56 wins A/B/draw 129/165/6 loss 0.0280 item_loss 0.00672 items: used 0.14 of rows-with-items, k>0 417, thrown 669/947
rnd 150200 steps 19.23M t 72.2m eps 0.010 pairs_len 59 wins A/B/draw 147/146/7 loss 0.0279 item_loss 0.00680 items: used 0.16 of rows-with-items, k>0 381, thrown 653/914
rnd 150300 steps 19.24M t 72.2m eps 0.010 pairs_len 59 wins A/B/draw 163/134/3 loss 0.0280 item_loss 0.00670 items: used 0.15 of rows-with-items, k>0 430, thrown 733/1000
rnd 150400 steps 19.25M t 72.2m eps 0.010 pairs_len 58 wins A/B/draw 171/128/1 loss 0.0276 item_loss 0.00649 items: used 0.16 of rows-with-items, k>0 446, thrown 671/939
rnd 150500 steps 19.26M t 72.3m eps 0.010 pairs_len 57 wins A/B/draw 158/140/2 loss 0.0275 item_loss 0.00666 items: used 0.15 of rows-with-items, k>0 380, thrown 653/920
rnd 150600 steps 19.28M t 72.3m eps 0.010 pairs_len 57 wins A/B/draw 141/156/3 loss 0.0277 item_loss 0.00656 items: used 0.17 of rows-with-items, k>0 444, thrown 648/944
rnd 150700 steps 19.29M t 72.4m eps 0.010 pairs_len 56 wins A/B/draw 146/151/3 loss 0.0269 item_loss 0.00635 items: used 0.15 of rows-with-items, k>0 372, thrown 657/905
rnd 150800 steps 19.30M t 72.4m eps 0.010 pairs_len 53 wins A/B/draw 145/151/4 loss 0.0270 item_loss 0.00633 items: used 0.16 of rows-with-items, k>0 371, thrown 666/921
rnd 150900 steps 19.32M t 72.5m eps 0.010 pairs_len 56 wins A/B/draw 148/149/3 loss 0.0270 item_loss 0.00669 items: used 0.17 of rows-with-items, k>0 389, thrown 664/945
rnd 151000 steps 19.33M t 72.5m eps 0.010 pairs_len 59 wins A/B/draw 155/145/0 loss 0.0272 item_loss 0.00702 items: used 0.17 of rows-with-items, k>0 352, thrown 666/941
rnd 151100 steps 19.34M t 72.6m eps 0.010 pairs_len 60 wins A/B/draw 157/141/2 loss 0.0267 item_loss 0.00736 items: used 0.15 of rows-with-items, k>0 393, thrown 702/922
rnd 151200 steps 19.35M t 72.6m eps 0.010 pairs_len 61 wins A/B/draw 155/142/3 loss 0.0270 item_loss 0.00767 items: used 0.16 of rows-with-items, k>0 372, thrown 639/896
rnd 151300 steps 19.37M t 72.7m eps 0.010 pairs_len 60 wins A/B/draw 147/150/3 loss 0.0266 item_loss 0.00741 items: used 0.16 of rows-with-items, k>0 423, thrown 720/999
rnd 151400 steps 19.38M t 72.7m eps 0.010 pairs_len 59 wins A/B/draw 151/147/2 loss 0.0269 item_loss 0.00736 items: used 0.14 of rows-with-items, k>0 333, thrown 590/800
rnd 151500 steps 19.39M t 72.8m eps 0.010 pairs_len 57 wins A/B/draw 149/151/0 loss 0.0266 item_loss 0.00738 items: used 0.15 of rows-with-items, k>0 440, thrown 706/972
rnd 151600 steps 19.40M t 72.8m eps 0.010 pairs_len 56 wins A/B/draw 150/148/2 loss 0.0262 item_loss 0.00753 items: used 0.18 of rows-with-items, k>0 372, thrown 680/955
rnd 151700 steps 19.42M t 72.8m eps 0.010 pairs_len 54 wins A/B/draw 152/142/6 loss 0.0254 item_loss 0.00746 items: used 0.17 of rows-with-items, k>0 382, thrown 677/937
rnd 151800 steps 19.43M t 72.9m eps 0.010 pairs_len 54 wins A/B/draw 139/156/5 loss 0.0251 item_loss 0.00729 items: used 0.16 of rows-with-items, k>0 396, thrown 630/917
rnd 151900 steps 19.44M t 72.9m eps 0.010 pairs_len 55 wins A/B/draw 148/148/4 loss 0.0247 item_loss 0.00733 items: used 0.17 of rows-with-items, k>0 355, thrown 656/931
rnd 152000 steps 19.46M t 72.9m eps 0.010 pairs_len 56 wins A/B/draw 147/149/4 loss 0.0247 item_loss 0.00725 items: used 0.15 of rows-with-items, k>0 438, thrown 666/929
rnd 152100 steps 19.47M t 73.0m eps 0.010 pairs_len 56 wins A/B/draw 151/142/7 loss 0.0248 item_loss 0.00716 items: used 0.16 of rows-with-items, k>0 349, thrown 664/924
rnd 152200 steps 19.48M t 73.0m eps 0.010 pairs_len 57 wins A/B/draw 156/137/7 loss 0.0242 item_loss 0.00712 items: used 0.17 of rows-with-items, k>0 437, thrown 701/1001
rnd 152300 steps 19.49M t 73.0m eps 0.010 pairs_len 55 wins A/B/draw 152/144/4 loss 0.0241 item_loss 0.00718 items: used 0.17 of rows-with-items, k>0 389, thrown 680/924
rnd 152400 steps 19.51M t 73.1m eps 0.010 pairs_len 54 wins A/B/draw 153/145/2 loss 0.0242 item_loss 0.00692 items: used 0.16 of rows-with-items, k>0 418, thrown 679/925
rnd 152500 steps 19.52M t 73.1m eps 0.010 pairs_len 55 wins A/B/draw 142/156/2 loss 0.0241 item_loss 0.00677 items: used 0.15 of rows-with-items, k>0 324, thrown 594/833
rnd 152600 steps 19.53M t 73.3m eps 0.010 pairs_len 56 wins A/B/draw 152/145/3 loss 0.0240 item_loss 0.00691 items: used 0.15 of rows-with-items, k>0 359, thrown 626/869
rnd 152700 steps 19.55M t 73.5m eps 0.010 pairs_len 55 wins A/B/draw 152/146/2 loss 0.0242 item_loss 0.00725 items: used 0.16 of rows-with-items, k>0 436, thrown 690/975
rnd 152800 steps 19.56M t 73.6m eps 0.010 pairs_len 56 wins A/B/draw 155/145/0 loss 0.0240 item_loss 0.00712 items: used 0.15 of rows-with-items, k>0 441, thrown 687/988
rnd 152900 steps 19.57M t 73.6m eps 0.010 pairs_len 58 wins A/B/draw 154/146/0 loss 0.0235 item_loss 0.00676 items: used 0.16 of rows-with-items, k>0 428, thrown 718/979
rnd 153000 steps 19.58M t 73.7m eps 0.010 pairs_len 59 wins A/B/draw 156/143/1 loss 0.0236 item_loss 0.00645 items: used 0.15 of rows-with-items, k>0 460, thrown 689/968
rnd 153100 steps 19.60M t 73.7m eps 0.010 pairs_len 60 wins A/B/draw 155/143/2 loss 0.0233 item_loss 0.00619 items: used 0.17 of rows-with-items, k>0 395, thrown 706/995
rnd 153200 steps 19.61M t 73.8m eps 0.010 pairs_len 58 wins A/B/draw 145/152/3 loss 0.0230 item_loss 0.00639 items: used 0.18 of rows-with-items, k>0 472, thrown 733/1052
rnd 153300 steps 19.62M t 73.8m eps 0.010 pairs_len 56 wins A/B/draw 142/156/2 loss 0.0228 item_loss 0.00624 items: used 0.17 of rows-with-items, k>0 412, thrown 693/991
rnd 153400 steps 19.64M t 73.9m eps 0.010 pairs_len 55 wins A/B/draw 144/155/1 loss 0.0229 item_loss 0.00603 items: used 0.14 of rows-with-items, k>0 368, thrown 690/922
rnd 153500 steps 19.65M t 74.0m eps 0.010 pairs_len 56 wins A/B/draw 152/146/2 loss 0.0228 item_loss 0.00625 items: used 0.16 of rows-with-items, k>0 353, thrown 656/943
rnd 153600 steps 19.66M t 74.0m eps 0.010 pairs_len 57 wins A/B/draw 146/152/2 loss 0.0227 item_loss 0.00609 items: used 0.17 of rows-with-items, k>0 421, thrown 706/1011
rnd 153700 steps 19.67M t 74.1m eps 0.010 pairs_len 56 wins A/B/draw 137/159/4 loss 0.0225 item_loss 0.00588 items: used 0.16 of rows-with-items, k>0 371, thrown 678/922
rnd 153800 steps 19.69M t 74.1m eps 0.010 pairs_len 56 wins A/B/draw 151/145/4 loss 0.0223 item_loss 0.00576 items: used 0.17 of rows-with-items, k>0 448, thrown 705/1021
rnd 153900 steps 19.70M t 74.2m eps 0.010 pairs_len 58 wins A/B/draw 167/132/1 loss 0.0227 item_loss 0.00571 items: used 0.16 of rows-with-items, k>0 454, thrown 731/1021
rnd 154000 steps 19.71M t 74.3m eps 0.010 pairs_len 61 wins A/B/draw 156/142/2 loss 0.0231 item_loss 0.00551 items: used 0.15 of rows-with-items, k>0 459, thrown 668/945
rnd 154100 steps 19.72M t 74.3m eps 0.010 pairs_len 61 wins A/B/draw 156/141/3 loss 0.0227 item_loss 0.00561 items: used 0.16 of rows-with-items, k>0 405, thrown 657/921
rnd 154200 steps 19.74M t 74.4m eps 0.010 pairs_len 59 wins A/B/draw 148/147/5 loss 0.0228 item_loss 0.00564 items: used 0.16 of rows-with-items, k>0 380, thrown 703/943
rnd 154300 steps 19.75M t 74.5m eps 0.010 pairs_len 56 wins A/B/draw 150/148/2 loss 0.0231 item_loss 0.00558 items: used 0.16 of rows-with-items, k>0 403, thrown 696/963
rnd 154400 steps 19.76M t 74.5m eps 0.010 pairs_len 56 wins A/B/draw 148/150/2 loss 0.0230 item_loss 0.00555 items: used 0.16 of rows-with-items, k>0 420, thrown 746/1031
rnd 154500 steps 19.78M t 74.6m eps 0.010 pairs_len 58 wins A/B/draw 158/139/3 loss 0.0230 item_loss 0.00559 items: used 0.16 of rows-with-items, k>0 363, thrown 716/999
rnd 154600 steps 19.79M t 74.7m eps 0.010 pairs_len 58 wins A/B/draw 159/139/2 loss 0.0232 item_loss 0.00541 items: used 0.15 of rows-with-items, k>0 352, thrown 660/915
rnd 154700 steps 19.80M t 74.7m eps 0.010 pairs_len 57 wins A/B/draw 152/146/2 loss 0.0235 item_loss 0.00579 items: used 0.16 of rows-with-items, k>0 421, thrown 751/1013
rnd 154800 steps 19.81M t 74.8m eps 0.010 pairs_len 57 wins A/B/draw 145/153/2 loss 0.0235 item_loss 0.00568 items: used 0.17 of rows-with-items, k>0 447, thrown 765/1053
rnd 154900 steps 19.83M t 75.0m eps 0.010 pairs_len 56 wins A/B/draw 140/156/4 loss 0.0234 item_loss 0.00560 items: used 0.15 of rows-with-items, k>0 408, thrown 658/939
rnd 155000 steps 19.84M t 75.2m eps 0.010 pairs_len 56 wins A/B/draw 133/160/7 loss 0.0240 item_loss 0.00555 items: used 0.16 of rows-with-items, k>0 407, thrown 734/991
rnd 155100 steps 19.85M t 75.2m eps 0.010 pairs_len 57 wins A/B/draw 137/156/7 loss 0.0245 item_loss 0.00555 items: used 0.15 of rows-with-items, k>0 392, thrown 666/969
rnd 155200 steps 19.87M t 75.3m eps 0.010 pairs_len 57 wins A/B/draw 144/153/3 loss 0.0245 item_loss 0.00552 items: used 0.17 of rows-with-items, k>0 380, thrown 703/968
rnd 155300 steps 19.88M t 75.3m eps 0.010 pairs_len 58 wins A/B/draw 139/156/5 loss 0.0249 item_loss 0.00577 items: used 0.15 of rows-with-items, k>0 419, thrown 706/960
rnd 155400 steps 19.89M t 75.4m eps 0.010 pairs_len 58 wins A/B/draw 129/168/3 loss 0.0246 item_loss 0.00549 items: used 0.15 of rows-with-items, k>0 444, thrown 691/971
rnd 155500 steps 19.90M t 75.4m eps 0.010 pairs_len 59 wins A/B/draw 145/152/3 loss 0.0244 item_loss 0.00576 items: used 0.16 of rows-with-items, k>0 480, thrown 716/1010
rnd 155600 steps 19.92M t 75.5m eps 0.010 pairs_len 60 wins A/B/draw 149/147/4 loss 0.0250 item_loss 0.00592 items: used 0.17 of rows-with-items, k>0 429, thrown 690/1018
rnd 155700 steps 19.93M t 75.5m eps 0.010 pairs_len 59 wins A/B/draw 146/151/3 loss 0.0250 item_loss 0.00615 items: used 0.16 of rows-with-items, k>0 447, thrown 704/977
rnd 155800 steps 19.94M t 75.5m eps 0.010 pairs_len 58 wins A/B/draw 141/155/4 loss 0.0250 item_loss 0.00630 items: used 0.16 of rows-with-items, k>0 447, thrown 687/959
rnd 155900 steps 19.96M t 75.6m eps 0.010 pairs_len 57 wins A/B/draw 130/164/6 loss 0.0250 item_loss 0.00643 items: used 0.16 of rows-with-items, k>0 452, thrown 705/973
rnd 156000 steps 19.97M t 75.6m eps 0.010 pairs_len 59 wins A/B/draw 123/174/3 loss 0.0253 item_loss 0.00638 items: used 0.16 of rows-with-items, k>0 402, thrown 703/982
rnd 156100 steps 19.98M t 75.7m eps 0.010 pairs_len 57 wins A/B/draw 136/164/0 loss 0.0254 item_loss 0.00628 items: used 0.16 of rows-with-items, k>0 425, thrown 696/957
rnd 156200 steps 19.99M t 75.7m eps 0.010 pairs_len 56 wins A/B/draw 148/151/1 loss 0.0249 item_loss 0.00629 items: used 0.16 of rows-with-items, k>0 420, thrown 721/987
rnd 156300 steps 20.01M t 75.7m eps 0.010 pairs_len 57 wins A/B/draw 151/146/3 loss 0.0255 item_loss 0.00596 items: used 0.16 of rows-with-items, k>0 429, thrown 751/991
rnd 156400 steps 20.02M t 75.8m eps 0.010 pairs_len 57 wins A/B/draw 158/139/3 loss 0.0256 item_loss 0.00606 items: used 0.18 of rows-with-items, k>0 410, thrown 677/990
rnd 156500 steps 20.03M t 75.8m eps 0.010 pairs_len 56 wins A/B/draw 153/144/3 loss 0.0257 item_loss 0.00607 items: used 0.17 of rows-with-items, k>0 430, thrown 715/1004
rnd 156600 steps 20.04M t 75.8m eps 0.010 pairs_len 56 wins A/B/draw 143/156/1 loss 0.0256 item_loss 0.00585 items: used 0.15 of rows-with-items, k>0 419, thrown 711/946
rnd 156700 steps 20.06M t 75.9m eps 0.010 pairs_len 58 wins A/B/draw 155/145/0 loss 0.0262 item_loss 0.00596 items: used 0.18 of rows-with-items, k>0 529, thrown 737/1071
rnd 156800 steps 20.07M t 75.9m eps 0.010 pairs_len 58 wins A/B/draw 148/150/2 loss 0.0267 item_loss 0.00581 items: used 0.16 of rows-with-items, k>0 418, thrown 667/937
rnd 156900 steps 20.08M t 75.9m eps 0.010 pairs_len 57 wins A/B/draw 149/149/2 loss 0.0277 item_loss 0.00571 items: used 0.15 of rows-with-items, k>0 419, thrown 674/968
rnd 157000 steps 20.10M t 76.0m eps 0.010 pairs_len 59 wins A/B/draw 156/143/1 loss 0.0275 item_loss 0.00582 items: used 0.16 of rows-with-items, k>0 468, thrown 703/974
rnd 157100 steps 20.11M t 76.0m eps 0.010 pairs_len 57 wins A/B/draw 154/145/1 loss 0.0278 item_loss 0.00579 items: used 0.18 of rows-with-items, k>0 444, thrown 717/1019
rnd 157200 steps 20.12M t 76.0m eps 0.010 pairs_len 55 wins A/B/draw 143/154/3 loss 0.0279 item_loss 0.00597 items: used 0.16 of rows-with-items, k>0 530, thrown 712/1030
rnd 157300 steps 20.13M t 76.1m eps 0.010 pairs_len 55 wins A/B/draw 145/150/5 loss 0.0277 item_loss 0.00660 items: used 0.17 of rows-with-items, k>0 476, thrown 737/1004
rnd 157400 steps 20.15M t 76.1m eps 0.010 pairs_len 57 wins A/B/draw 152/144/4 loss 0.0279 item_loss 0.00667 items: used 0.16 of rows-with-items, k>0 455, thrown 698/965
rnd 157500 steps 20.16M t 76.1m eps 0.010 pairs_len 59 wins A/B/draw 151/146/3 loss 0.0279 item_loss 0.00705 items: used 0.15 of rows-with-items, k>0 426, thrown 652/917
rnd 157600 steps 20.17M t 76.1m eps 0.010 pairs_len 59 wins A/B/draw 161/136/3 loss 0.0277 item_loss 0.00717 items: used 0.16 of rows-with-items, k>0 469, thrown 715/1030
rnd 157700 steps 20.19M t 76.2m eps 0.010 pairs_len 58 wins A/B/draw 162/136/2 loss 0.0277 item_loss 0.00708 items: used 0.17 of rows-with-items, k>0 416, thrown 727/1037
rnd 157800 steps 20.20M t 76.2m eps 0.010 pairs_len 57 wins A/B/draw 144/155/1 loss 0.0274 item_loss 0.00738 items: used 0.17 of rows-with-items, k>0 421, thrown 706/995
rnd 157900 steps 20.21M t 76.2m eps 0.010 pairs_len 57 wins A/B/draw 139/158/3 loss 0.0275 item_loss 0.00725 items: used 0.16 of rows-with-items, k>0 403, thrown 638/910
rnd 158000 steps 20.22M t 76.3m eps 0.010 pairs_len 56 wins A/B/draw 143/153/4 loss 0.0277 item_loss 0.00689 items: used 0.18 of rows-with-items, k>0 437, thrown 734/1015
rnd 158100 steps 20.24M t 76.3m eps 0.010 pairs_len 55 wins A/B/draw 146/151/3 loss 0.0271 item_loss 0.00674 items: used 0.15 of rows-with-items, k>0 372, thrown 634/862
rnd 158200 steps 20.25M t 76.3m eps 0.010 pairs_len 56 wins A/B/draw 148/150/2 loss 0.0268 item_loss 0.00650 items: used 0.17 of rows-with-items, k>0 421, thrown 761/1027
rnd 158300 steps 20.26M t 76.4m eps 0.010 pairs_len 56 wins A/B/draw 150/147/3 loss 0.0274 item_loss 0.00630 items: used 0.16 of rows-with-items, k>0 445, thrown 670/945
rnd 158400 steps 20.28M t 76.4m eps 0.010 pairs_len 57 wins A/B/draw 144/152/4 loss 0.0272 item_loss 0.00618 items: used 0.17 of rows-with-items, k>0 420, thrown 690/979
rnd 158500 steps 20.29M t 76.4m eps 0.010 pairs_len 57 wins A/B/draw 140/158/2 loss 0.0276 item_loss 0.00588 items: used 0.18 of rows-with-items, k>0 447, thrown 709/998
rnd 158600 steps 20.30M t 76.5m eps 0.010 pairs_len 55 wins A/B/draw 155/143/2 loss 0.0278 item_loss 0.00580 items: used 0.16 of rows-with-items, k>0 437, thrown 687/983
rnd 158700 steps 20.31M t 76.5m eps 0.010 pairs_len 56 wins A/B/draw 159/140/1 loss 0.0277 item_loss 0.00566 items: used 0.16 of rows-with-items, k>0 448, thrown 694/932
EVAL battle-net(A) vs solo-net + old rule(B): {'win': 0.3020833333333333, 'lose': 0.6770833333333334, 'draw': 0.020833333333333332, 'games': 96, 'mean_len': 62.541666666666664}
rnd 158800 steps 20.33M t 76.5m eps 0.010 pairs_len 55 wins A/B/draw 147/150/3 loss 0.0274 item_loss 0.00556 items: used 0.17 of rows-with-items, k>0 471, thrown 727/1039
rnd 158900 steps 20.34M t 76.6m eps 0.010 pairs_len 56 wins A/B/draw 147/149/4 loss 0.0278 item_loss 0.00569 items: used 0.16 of rows-with-items, k>0 494, thrown 750/1043
rnd 159000 steps 20.35M t 76.6m eps 0.010 pairs_len 58 wins A/B/draw 157/141/2 loss 0.0280 item_loss 0.00548 items: used 0.16 of rows-with-items, k>0 419, thrown 673/908
rnd 159100 steps 20.36M t 76.6m eps 0.010 pairs_len 57 wins A/B/draw 159/140/1 loss 0.0281 item_loss 0.00530 items: used 0.16 of rows-with-items, k>0 482, thrown 720/991
rnd 159200 steps 20.38M t 76.8m eps 0.010 pairs_len 55 wins A/B/draw 149/149/2 loss 0.0277 item_loss 0.00566 items: used 0.16 of rows-with-items, k>0 527, thrown 761/1056
rnd 159300 steps 20.39M t 77.0m eps 0.010 pairs_len 56 wins A/B/draw 142/157/1 loss 0.0271 item_loss 0.00547 items: used 0.16 of rows-with-items, k>0 400, thrown 658/945
rnd 159400 steps 20.40M t 77.0m eps 0.010 pairs_len 55 wins A/B/draw 141/159/0 loss 0.0271 item_loss 0.00559 items: used 0.16 of rows-with-items, k>0 469, thrown 739/1007
rnd 159500 steps 20.42M t 77.1m eps 0.010 pairs_len 56 wins A/B/draw 145/155/0 loss 0.0267 item_loss 0.00559 items: used 0.16 of rows-with-items, k>0 436, thrown 678/958
rnd 159600 steps 20.43M t 77.2m eps 0.010 pairs_len 58 wins A/B/draw 146/153/1 loss 0.0264 item_loss 0.00604 items: used 0.16 of rows-with-items, k>0 456, thrown 697/926
rnd 159700 steps 20.44M t 77.2m eps 0.010 pairs_len 57 wins A/B/draw 151/146/3 loss 0.0263 item_loss 0.00587 items: used 0.15 of rows-with-items, k>0 488, thrown 666/937
rnd 159800 steps 20.45M t 77.3m eps 0.010 pairs_len 56 wins A/B/draw 152/146/2 loss 0.0258 item_loss 0.00579 items: used 0.14 of rows-with-items, k>0 395, thrown 653/904
rnd 159900 steps 20.47M t 77.3m eps 0.010 pairs_len 57 wins A/B/draw 157/138/5 loss 0.0255 item_loss 0.00580 items: used 0.16 of rows-with-items, k>0 458, thrown 690/974
rnd 160000 steps 20.48M t 77.4m eps 0.010 pairs_len 57 wins A/B/draw 147/148/5 loss 0.0254 item_loss 0.00663 items: used 0.16 of rows-with-items, k>0 496, thrown 675/996
rnd 160100 steps 20.49M t 77.4m eps 0.010 pairs_len 57 wins A/B/draw 147/150/3 loss 0.0254 item_loss 0.00634 items: used 0.15 of rows-with-items, k>0 435, thrown 650/969
rnd 160200 steps 20.51M t 77.5m eps 0.010 pairs_len 57 wins A/B/draw 145/152/3 loss 0.0246 item_loss 0.00633 items: used 0.16 of rows-with-items, k>0 443, thrown 707/959
rnd 160300 steps 20.52M t 77.5m eps 0.010 pairs_len 55 wins A/B/draw 138/159/3 loss 0.0242 item_loss 0.00646 items: used 0.16 of rows-with-items, k>0 453, thrown 692/925
rnd 160400 steps 20.53M t 77.5m eps 0.010 pairs_len 53 wins A/B/draw 133/164/3 loss 0.0248 item_loss 0.00623 items: used 0.15 of rows-with-items, k>0 405, thrown 660/920
rnd 160500 steps 20.54M t 77.6m eps 0.010 pairs_len 53 wins A/B/draw 143/155/2 loss 0.0252 item_loss 0.00611 items: used 0.16 of rows-with-items, k>0 397, thrown 703/908
rnd 160600 steps 20.56M t 77.7m eps 0.010 pairs_len 52 wins A/B/draw 148/152/0 loss 0.0249 item_loss 0.00612 items: used 0.15 of rows-with-items, k>0 384, thrown 673/918
rnd 160700 steps 20.57M t 77.7m eps 0.010 pairs_len 51 wins A/B/draw 142/157/1 loss 0.0249 item_loss 0.00604 items: used 0.15 of rows-with-items, k>0 421, thrown 681/925
rnd 160800 steps 20.58M t 77.8m eps 0.010 pairs_len 54 wins A/B/draw 140/157/3 loss 0.0255 item_loss 0.00578 items: used 0.16 of rows-with-items, k>0 422, thrown 692/981
rnd 160900 steps 20.60M t 77.8m eps 0.010 pairs_len 58 wins A/B/draw 144/153/3 loss 0.0250 item_loss 0.00567 items: used 0.16 of rows-with-items, k>0 407, thrown 703/981
rnd 161000 steps 20.61M t 77.9m eps 0.010 pairs_len 59 wins A/B/draw 150/146/4 loss 0.0249 item_loss 0.00548 items: used 0.15 of rows-with-items, k>0 429, thrown 663/958
rnd 161100 steps 20.62M t 77.9m eps 0.010 pairs_len 56 wins A/B/draw 162/133/5 loss 0.0258 item_loss 0.00524 items: used 0.16 of rows-with-items, k>0 427, thrown 715/981
rnd 161200 steps 20.63M t 78.0m eps 0.010 pairs_len 56 wins A/B/draw 161/133/6 loss 0.0263 item_loss 0.00501 items: used 0.15 of rows-with-items, k>0 390, thrown 670/955
rnd 161300 steps 20.65M t 78.0m eps 0.010 pairs_len 54 wins A/B/draw 154/142/4 loss 0.0264 item_loss 0.00505 items: used 0.15 of rows-with-items, k>0 424, thrown 685/959
rnd 161400 steps 20.66M t 78.1m eps 0.010 pairs_len 54 wins A/B/draw 155/143/2 loss 0.0263 item_loss 0.00488 items: used 0.14 of rows-with-items, k>0 475, thrown 702/971
rnd 161500 steps 20.67M t 78.1m eps 0.010 pairs_len 56 wins A/B/draw 144/152/4 loss 0.0263 item_loss 0.00486 items: used 0.15 of rows-with-items, k>0 436, thrown 630/939
rnd 161600 steps 20.68M t 78.1m eps 0.010 pairs_len 57 wins A/B/draw 137/159/4 loss 0.0270 item_loss 0.00478 items: used 0.17 of rows-with-items, k>0 451, thrown 751/1026
rnd 161700 steps 20.70M t 78.2m eps 0.010 pairs_len 57 wins A/B/draw 138/159/3 loss 0.0274 item_loss 0.00513 items: used 0.15 of rows-with-items, k>0 429, thrown 677/946
rnd 161800 steps 20.71M t 78.2m eps 0.010 pairs_len 57 wins A/B/draw 138/160/2 loss 0.0273 item_loss 0.00503 items: used 0.15 of rows-with-items, k>0 497, thrown 698/981
rnd 161900 steps 20.72M t 78.2m eps 0.010 pairs_len 57 wins A/B/draw 149/150/1 loss 0.0270 item_loss 0.00501 items: used 0.17 of rows-with-items, k>0 410, thrown 732/990
rnd 162000 steps 20.74M t 78.3m eps 0.010 pairs_len 58 wins A/B/draw 139/158/3 loss 0.0264 item_loss 0.00512 items: used 0.16 of rows-with-items, k>0 493, thrown 722/1026
rnd 162100 steps 20.75M t 78.3m eps 0.010 pairs_len 62 wins A/B/draw 146/147/7 loss 0.0268 item_loss 0.00493 items: used 0.16 of rows-with-items, k>0 487, thrown 742/1020
rnd 162200 steps 20.76M t 78.4m eps 0.010 pairs_len 62 wins A/B/draw 146/148/6 loss 0.0270 item_loss 0.00490 items: used 0.15 of rows-with-items, k>0 476, thrown 706/986
rnd 162300 steps 20.77M t 78.6m eps 0.010 pairs_len 60 wins A/B/draw 147/151/2 loss 0.0268 item_loss 0.00488 items: used 0.16 of rows-with-items, k>0 442, thrown 750/1038
rnd 162400 steps 20.79M t 78.7m eps 0.010 pairs_len 60 wins A/B/draw 147/150/3 loss 0.0274 item_loss 0.00482 items: used 0.17 of rows-with-items, k>0 459, thrown 731/1027
rnd 162500 steps 20.80M t 78.7m eps 0.010 pairs_len 59 wins A/B/draw 149/148/3 loss 0.0273 item_loss 0.00468 items: used 0.16 of rows-with-items, k>0 444, thrown 713/984
rnd 162600 steps 20.81M t 78.8m eps 0.010 pairs_len 56 wins A/B/draw 156/140/4 loss 0.0267 item_loss 0.00509 items: used 0.17 of rows-with-items, k>0 447, thrown 707/1015
rnd 162700 steps 20.83M t 78.8m eps 0.010 pairs_len 55 wins A/B/draw 160/139/1 loss 0.0269 item_loss 0.00499 items: used 0.17 of rows-with-items, k>0 430, thrown 718/1013
rnd 162800 steps 20.84M t 78.9m eps 0.010 pairs_len 55 wins A/B/draw 156/142/2 loss 0.0270 item_loss 0.00501 items: used 0.18 of rows-with-items, k>0 484, thrown 778/1113
rnd 162900 steps 20.85M t 78.9m eps 0.010 pairs_len 56 wins A/B/draw 154/143/3 loss 0.0269 item_loss 0.00496 items: used 0.17 of rows-with-items, k>0 504, thrown 812/1083
rnd 163000 steps 20.86M t 79.0m eps 0.010 pairs_len 57 wins A/B/draw 146/153/1 loss 0.0263 item_loss 0.00500 items: used 0.16 of rows-with-items, k>0 397, thrown 699/977
rnd 163100 steps 20.88M t 79.0m eps 0.010 pairs_len 56 wins A/B/draw 156/143/1 loss 0.0261 item_loss 0.00508 items: used 0.16 of rows-with-items, k>0 458, thrown 723/975
rnd 163200 steps 20.89M t 79.1m eps 0.010 pairs_len 54 wins A/B/draw 151/148/1 loss 0.0264 item_loss 0.00504 items: used 0.16 of rows-with-items, k>0 393, thrown 690/944
rnd 163300 steps 20.90M t 79.1m eps 0.010 pairs_len 54 wins A/B/draw 151/148/1 loss 0.0262 item_loss 0.00479 items: used 0.15 of rows-with-items, k>0 433, thrown 707/978
rnd 163400 steps 20.92M t 79.1m eps 0.010 pairs_len 54 wins A/B/draw 154/141/5 loss 0.0259 item_loss 0.00475 items: used 0.16 of rows-with-items, k>0 447, thrown 751/967
rnd 163500 steps 20.93M t 79.2m eps 0.010 pairs_len 55 wins A/B/draw 158/138/4 loss 0.0264 item_loss 0.00574 items: used 0.16 of rows-with-items, k>0 412, thrown 703/968
rnd 163600 steps 20.94M t 79.2m eps 0.010 pairs_len 56 wins A/B/draw 152/147/1 loss 0.0274 item_loss 0.00564 items: used 0.17 of rows-with-items, k>0 378, thrown 725/1015
rnd 163700 steps 20.95M t 79.2m eps 0.010 pairs_len 57 wins A/B/draw 154/143/3 loss 0.0268 item_loss 0.00565 items: used 0.16 of rows-with-items, k>0 389, thrown 683/996
rnd 163800 steps 20.97M t 79.3m eps 0.010 pairs_len 57 wins A/B/draw 157/141/2 loss 0.0265 item_loss 0.00544 items: used 0.18 of rows-with-items, k>0 500, thrown 760/1095
rnd 163900 steps 20.98M t 79.3m eps 0.010 pairs_len 57 wins A/B/draw 132/168/0 loss 0.0259 item_loss 0.00546 items: used 0.16 of rows-with-items, k>0 405, thrown 716/987
rnd 164000 steps 20.99M t 79.3m eps 0.010 pairs_len 56 wins A/B/draw 142/156/2 loss 0.0263 item_loss 0.00534 items: used 0.17 of rows-with-items, k>0 446, thrown 743/1090
rnd 164100 steps 21.00M t 79.4m eps 0.010 pairs_len 59 wins A/B/draw 147/150/3 loss 0.0264 item_loss 0.00523 items: used 0.15 of rows-with-items, k>0 448, thrown 717/1018
rnd 164200 steps 21.02M t 79.4m eps 0.010 pairs_len 60 wins A/B/draw 141/157/2 loss 0.0263 item_loss 0.00524 items: used 0.17 of rows-with-items, k>0 385, thrown 691/974
rnd 164300 steps 21.03M t 79.4m eps 0.010 pairs_len 57 wins A/B/draw 153/147/0 loss 0.0261 item_loss 0.00512 items: used 0.16 of rows-with-items, k>0 421, thrown 688/965
rnd 164400 steps 21.04M t 79.5m eps 0.010 pairs_len 57 wins A/B/draw 157/143/0 loss 0.0269 item_loss 0.00500 items: used 0.17 of rows-with-items, k>0 423, thrown 729/1019
rnd 164500 steps 21.06M t 79.5m eps 0.010 pairs_len 58 wins A/B/draw 158/140/2 loss 0.0266 item_loss 0.00485 items: used 0.19 of rows-with-items, k>0 399, thrown 722/1043
rnd 164600 steps 21.07M t 79.5m eps 0.010 pairs_len 58 wins A/B/draw 159/136/5 loss 0.0261 item_loss 0.00522 items: used 0.17 of rows-with-items, k>0 482, thrown 768/1064
rnd 164700 steps 21.08M t 79.6m eps 0.010 pairs_len 59 wins A/B/draw 155/141/4 loss 0.0264 item_loss 0.00502 items: used 0.17 of rows-with-items, k>0 442, thrown 750/1062
rnd 164800 steps 21.09M t 79.6m eps 0.010 pairs_len 58 wins A/B/draw 152/148/0 loss 0.0261 item_loss 0.00487 items: used 0.16 of rows-with-items, k>0 413, thrown 714/970
rnd 164900 steps 21.11M t 79.6m eps 0.010 pairs_len 58 wins A/B/draw 154/145/1 loss 0.0263 item_loss 0.00486 items: used 0.16 of rows-with-items, k>0 473, thrown 748/1053
rnd 165000 steps 21.12M t 79.7m eps 0.010 pairs_len 58 wins A/B/draw 156/143/1 loss 0.0259 item_loss 0.00509 items: used 0.16 of rows-with-items, k>0 482, thrown 697/995
rnd 165100 steps 21.13M t 79.7m eps 0.010 pairs_len 58 wins A/B/draw 160/139/1 loss 0.0258 item_loss 0.00490 items: used 0.17 of rows-with-items, k>0 409, thrown 697/988
rnd 165200 steps 21.15M t 79.7m eps 0.010 pairs_len 57 wins A/B/draw 166/132/2 loss 0.0254 item_loss 0.00490 items: used 0.16 of rows-with-items, k>0 470, thrown 738/1053
rnd 165300 steps 21.16M t 79.7m eps 0.010 pairs_len 57 wins A/B/draw 158/139/3 loss 0.0250 item_loss 0.00496 items: used 0.17 of rows-with-items, k>0 476, thrown 796/1033
rnd 165400 steps 21.17M t 79.8m eps 0.010 pairs_len 55 wins A/B/draw 139/158/3 loss 0.0244 item_loss 0.00492 items: used 0.17 of rows-with-items, k>0 436, thrown 736/1034
rnd 165500 steps 21.18M t 79.8m eps 0.010 pairs_len 55 wins A/B/draw 144/156/0 loss 0.0243 item_loss 0.00501 items: used 0.17 of rows-with-items, k>0 459, thrown 757/1041
rnd 165600 steps 21.20M t 79.8m eps 0.010 pairs_len 57 wins A/B/draw 143/157/0 loss 0.0239 item_loss 0.00501 items: used 0.17 of rows-with-items, k>0 434, thrown 745/1064
rnd 165700 steps 21.21M t 79.9m eps 0.010 pairs_len 60 wins A/B/draw 146/154/0 loss 0.0239 item_loss 0.00502 items: used 0.16 of rows-with-items, k>0 475, thrown 736/1055
rnd 165800 steps 21.22M t 79.9m eps 0.010 pairs_len 60 wins A/B/draw 144/155/1 loss 0.0238 item_loss 0.00500 items: used 0.19 of rows-with-items, k>0 448, thrown 741/1090
rnd 165900 steps 21.24M t 79.9m eps 0.010 pairs_len 57 wins A/B/draw 157/140/3 loss 0.0236 item_loss 0.00480 items: used 0.16 of rows-with-items, k>0 433, thrown 700/963
rnd 166000 steps 21.25M t 80.0m eps 0.010 pairs_len 54 wins A/B/draw 152/145/3 loss 0.0232 item_loss 0.00472 items: used 0.17 of rows-with-items, k>0 435, thrown 719/977
rnd 166100 steps 21.26M t 80.0m eps 0.010 pairs_len 54 wins A/B/draw 155/144/1 loss 0.0233 item_loss 0.00471 items: used 0.19 of rows-with-items, k>0 417, thrown 787/1096
rnd 166200 steps 21.27M t 80.0m eps 0.010 pairs_len 55 wins A/B/draw 156/144/0 loss 0.0232 item_loss 0.00495 items: used 0.17 of rows-with-items, k>0 441, thrown 750/1062
rnd 166300 steps 21.29M t 80.1m eps 0.010 pairs_len 58 wins A/B/draw 158/139/3 loss 0.0228 item_loss 0.00486 items: used 0.17 of rows-with-items, k>0 371, thrown 671/960
rnd 166400 steps 21.30M t 80.1m eps 0.010 pairs_len 56 wins A/B/draw 153/140/7 loss 0.0225 item_loss 0.00508 items: used 0.18 of rows-with-items, k>0 378, thrown 723/1028
rnd 166500 steps 21.31M t 80.1m eps 0.010 pairs_len 55 wins A/B/draw 141/154/5 loss 0.0223 item_loss 0.00521 items: used 0.18 of rows-with-items, k>0 390, thrown 741/1042
rnd 166600 steps 21.32M t 80.2m eps 0.010 pairs_len 55 wins A/B/draw 136/162/2 loss 0.0222 item_loss 0.00517 items: used 0.17 of rows-with-items, k>0 350, thrown 720/993
rnd 166700 steps 21.34M t 80.3m eps 0.010 pairs_len 53 wins A/B/draw 135/161/4 loss 0.0223 item_loss 0.00509 items: used 0.19 of rows-with-items, k>0 394, thrown 704/1024
rnd 166800 steps 21.35M t 80.5m eps 0.010 pairs_len 54 wins A/B/draw 138/158/4 loss 0.0227 item_loss 0.00494 items: used 0.17 of rows-with-items, k>0 397, thrown 744/1022
rnd 166900 steps 21.36M t 80.6m eps 0.010 pairs_len 55 wins A/B/draw 143/155/2 loss 0.0228 item_loss 0.00481 items: used 0.16 of rows-with-items, k>0 375, thrown 702/993
rnd 167000 steps 21.38M t 80.6m eps 0.010 pairs_len 56 wins A/B/draw 149/149/2 loss 0.0230 item_loss 0.00468 items: used 0.17 of rows-with-items, k>0 437, thrown 759/1086
rnd 167100 steps 21.39M t 80.6m eps 0.010 pairs_len 58 wins A/B/draw 143/155/2 loss 0.0224 item_loss 0.00458 items: used 0.15 of rows-with-items, k>0 411, thrown 695/966
rnd 167200 steps 21.40M t 80.7m eps 0.010 pairs_len 59 wins A/B/draw 144/151/5 loss 0.0225 item_loss 0.00481 items: used 0.17 of rows-with-items, k>0 415, thrown 730/1044
rnd 167300 steps 21.41M t 80.7m eps 0.010 pairs_len 57 wins A/B/draw 147/148/5 loss 0.0227 item_loss 0.00467 items: used 0.17 of rows-with-items, k>0 393, thrown 749/1017
rnd 167400 steps 21.43M t 80.8m eps 0.010 pairs_len 56 wins A/B/draw 154/142/4 loss 0.0232 item_loss 0.00468 items: used 0.16 of rows-with-items, k>0 363, thrown 673/969
rnd 167500 steps 21.44M t 80.8m eps 0.010 pairs_len 57 wins A/B/draw 155/142/3 loss 0.0243 item_loss 0.00474 items: used 0.16 of rows-with-items, k>0 441, thrown 717/1007
rnd 167600 steps 21.45M t 80.9m eps 0.010 pairs_len 57 wins A/B/draw 146/150/4 loss 0.0243 item_loss 0.00474 items: used 0.19 of rows-with-items, k>0 406, thrown 758/1053
rnd 167700 steps 21.47M t 80.9m eps 0.010 pairs_len 57 wins A/B/draw 148/148/4 loss 0.0246 item_loss 0.00472 items: used 0.18 of rows-with-items, k>0 400, thrown 749/1048
rnd 167800 steps 21.48M t 80.9m eps 0.010 pairs_len 56 wins A/B/draw 158/137/5 loss 0.0256 item_loss 0.00451 items: used 0.15 of rows-with-items, k>0 460, thrown 719/1002
rnd 167900 steps 21.49M t 81.0m eps 0.010 pairs_len 56 wins A/B/draw 163/133/4 loss 0.0253 item_loss 0.00425 items: used 0.17 of rows-with-items, k>0 353, thrown 717/1014
rnd 168000 steps 21.50M t 81.0m eps 0.010 pairs_len 55 wins A/B/draw 165/133/2 loss 0.0253 item_loss 0.00428 items: used 0.19 of rows-with-items, k>0 357, thrown 724/1044
rnd 168100 steps 21.52M t 81.0m eps 0.010 pairs_len 54 wins A/B/draw 145/151/4 loss 0.0253 item_loss 0.00419 items: used 0.17 of rows-with-items, k>0 411, thrown 719/1038
rnd 168200 steps 21.53M t 81.1m eps 0.010 pairs_len 56 wins A/B/draw 149/148/3 loss 0.0246 item_loss 0.00416 items: used 0.18 of rows-with-items, k>0 436, thrown 787/1111
rnd 168300 steps 21.54M t 81.1m eps 0.010 pairs_len 58 wins A/B/draw 143/154/3 loss 0.0252 item_loss 0.00425 items: used 0.17 of rows-with-items, k>0 376, thrown 716/993
rnd 168400 steps 21.56M t 81.1m eps 0.010 pairs_len 58 wins A/B/draw 135/163/2 loss 0.0248 item_loss 0.00429 items: used 0.16 of rows-with-items, k>0 373, thrown 672/988
rnd 168500 steps 21.57M t 81.2m eps 0.010 pairs_len 58 wins A/B/draw 122/175/3 loss 0.0251 item_loss 0.00411 items: used 0.15 of rows-with-items, k>0 394, thrown 739/999
rnd 168600 steps 21.58M t 81.2m eps 0.010 pairs_len 58 wins A/B/draw 142/155/3 loss 0.0249 item_loss 0.00426 items: used 0.17 of rows-with-items, k>0 427, thrown 772/1058
rnd 168700 steps 21.59M t 81.2m eps 0.010 pairs_len 58 wins A/B/draw 159/139/2 loss 0.0255 item_loss 0.00428 items: used 0.17 of rows-with-items, k>0 394, thrown 758/1031
rnd 168800 steps 21.61M t 81.3m eps 0.010 pairs_len 56 wins A/B/draw 146/151/3 loss 0.0260 item_loss 0.00421 items: used 0.16 of rows-with-items, k>0 383, thrown 724/979
rnd 168900 steps 21.62M t 81.3m eps 0.010 pairs_len 55 wins A/B/draw 143/152/5 loss 0.0258 item_loss 0.00411 items: used 0.16 of rows-with-items, k>0 422, thrown 762/1028
rnd 169000 steps 21.63M t 81.3m eps 0.010 pairs_len 57 wins A/B/draw 147/148/5 loss 0.0266 item_loss 0.00408 items: used 0.17 of rows-with-items, k>0 447, thrown 733/1051
rnd 169100 steps 21.64M t 81.4m eps 0.010 pairs_len 58 wins A/B/draw 147/149/4 loss 0.0259 item_loss 0.00405 items: used 0.16 of rows-with-items, k>0 402, thrown 681/981
rnd 169200 steps 21.66M t 81.4m eps 0.010 pairs_len 57 wins A/B/draw 145/151/4 loss 0.0258 item_loss 0.00414 items: used 0.17 of rows-with-items, k>0 476, thrown 740/1079
rnd 169300 steps 21.67M t 81.4m eps 0.010 pairs_len 56 wins A/B/draw 144/154/2 loss 0.0262 item_loss 0.00427 items: used 0.16 of rows-with-items, k>0 396, thrown 693/989
rnd 169400 steps 21.68M t 81.4m eps 0.010 pairs_len 57 wins A/B/draw 143/154/3 loss 0.0255 item_loss 0.00428 items: used 0.16 of rows-with-items, k>0 426, thrown 754/1018
rnd 169500 steps 21.70M t 81.5m eps 0.010 pairs_len 58 wins A/B/draw 132/166/2 loss 0.0253 item_loss 0.00433 items: used 0.18 of rows-with-items, k>0 503, thrown 772/1135
rnd 169600 steps 21.71M t 81.5m eps 0.010 pairs_len 57 wins A/B/draw 139/157/4 loss 0.0254 item_loss 0.00445 items: used 0.16 of rows-with-items, k>0 431, thrown 694/1017
rnd 169700 steps 21.72M t 81.5m eps 0.010 pairs_len 56 wins A/B/draw 150/144/6 loss 0.0250 item_loss 0.00457 items: used 0.16 of rows-with-items, k>0 419, thrown 693/980
rnd 169800 steps 21.73M t 81.6m eps 0.010 pairs_len 55 wins A/B/draw 156/141/3 loss 0.0253 item_loss 0.00460 items: used 0.15 of rows-with-items, k>0 431, thrown 690/998
rnd 169900 steps 21.75M t 81.6m eps 0.010 pairs_len 57 wins A/B/draw 155/143/2 loss 0.0258 item_loss 0.00474 items: used 0.17 of rows-with-items, k>0 423, thrown 706/1041
rnd 170000 steps 21.76M t 81.6m eps 0.010 pairs_len 57 wins A/B/draw 149/147/4 loss 0.0252 item_loss 0.00478 items: used 0.19 of rows-with-items, k>0 447, thrown 832/1154
rnd 170100 steps 21.77M t 81.6m eps 0.010 pairs_len 56 wins A/B/draw 136/157/7 loss 0.0245 item_loss 0.00481 items: used 0.16 of rows-with-items, k>0 436, thrown 741/1001
rnd 170200 steps 21.79M t 81.7m eps 0.010 pairs_len 57 wins A/B/draw 143/150/7 loss 0.0247 item_loss 0.00476 items: used 0.17 of rows-with-items, k>0 441, thrown 759/1062
rnd 170300 steps 21.80M t 81.7m eps 0.010 pairs_len 59 wins A/B/draw 146/150/4 loss 0.0244 item_loss 0.00463 items: used 0.16 of rows-with-items, k>0 403, thrown 716/1018
rnd 170400 steps 21.81M t 81.7m eps 0.010 pairs_len 60 wins A/B/draw 151/148/1 loss 0.0246 item_loss 0.00447 items: used 0.17 of rows-with-items, k>0 450, thrown 776/1093
rnd 170500 steps 21.82M t 81.8m eps 0.010 pairs_len 60 wins A/B/draw 145/153/2 loss 0.0243 item_loss 0.00436 items: used 0.16 of rows-with-items, k>0 466, thrown 744/1053
rnd 170600 steps 21.84M t 81.8m eps 0.010 pairs_len 63 wins A/B/draw 153/145/2 loss 0.0239 item_loss 0.00518 items: used 0.15 of rows-with-items, k>0 459, thrown 740/1022
rnd 170700 steps 21.85M t 81.8m eps 0.010 pairs_len 63 wins A/B/draw 166/132/2 loss 0.0231 item_loss 0.00502 items: used 0.17 of rows-with-items, k>0 449, thrown 804/1111
rnd 170800 steps 21.86M t 81.8m eps 0.010 pairs_len 59 wins A/B/draw 157/141/2 loss 0.0232 item_loss 0.00515 items: used 0.17 of rows-with-items, k>0 400, thrown 737/1026
rnd 170900 steps 21.88M t 81.9m eps 0.010 pairs_len 57 wins A/B/draw 142/156/2 loss 0.0240 item_loss 0.00508 items: used 0.16 of rows-with-items, k>0 490, thrown 760/1077
rnd 171000 steps 21.89M t 82.1m eps 0.010 pairs_len 57 wins A/B/draw 143/156/1 loss 0.0240 item_loss 0.00539 items: used 0.19 of rows-with-items, k>0 406, thrown 781/1087
rnd 171100 steps 21.90M t 82.2m eps 0.010 pairs_len 56 wins A/B/draw 150/146/4 loss 0.0250 item_loss 0.00563 items: used 0.16 of rows-with-items, k>0 419, thrown 694/986
rnd 171200 steps 21.91M t 82.3m eps 0.010 pairs_len 55 wins A/B/draw 142/154/4 loss 0.0244 item_loss 0.00534 items: used 0.16 of rows-with-items, k>0 452, thrown 727/1019
rnd 171300 steps 21.93M t 82.3m eps 0.010 pairs_len 56 wins A/B/draw 132/164/4 loss 0.0240 item_loss 0.00528 items: used 0.18 of rows-with-items, k>0 476, thrown 805/1162
rnd 171400 steps 21.94M t 82.4m eps 0.010 pairs_len 58 wins A/B/draw 146/149/5 loss 0.0244 item_loss 0.00515 items: used 0.18 of rows-with-items, k>0 394, thrown 756/1078
rnd 171500 steps 21.95M t 82.4m eps 0.010 pairs_len 59 wins A/B/draw 142/151/7 loss 0.0248 item_loss 0.00494 items: used 0.17 of rows-with-items, k>0 433, thrown 738/1030
rnd 171600 steps 21.96M t 82.4m eps 0.010 pairs_len 57 wins A/B/draw 139/156/5 loss 0.0250 item_loss 0.00489 items: used 0.16 of rows-with-items, k>0 485, thrown 741/1039
rnd 171700 steps 21.98M t 82.5m eps 0.010 pairs_len 58 wins A/B/draw 155/144/1 loss 0.0254 item_loss 0.00481 items: used 0.16 of rows-with-items, k>0 470, thrown 766/1050
rnd 171800 steps 21.99M t 82.5m eps 0.010 pairs_len 58 wins A/B/draw 166/133/1 loss 0.0249 item_loss 0.00472 items: used 0.16 of rows-with-items, k>0 496, thrown 753/1044
rnd 171900 steps 22.00M t 82.5m eps 0.010 pairs_len 56 wins A/B/draw 158/141/1 loss 0.0246 item_loss 0.00474 items: used 0.17 of rows-with-items, k>0 437, thrown 697/976
rnd 172000 steps 22.02M t 82.6m eps 0.010 pairs_len 56 wins A/B/draw 150/150/0 loss 0.0242 item_loss 0.00456 items: used 0.16 of rows-with-items, k>0 442, thrown 789/1090
rnd 172100 steps 22.03M t 82.6m eps 0.010 pairs_len 56 wins A/B/draw 150/149/1 loss 0.0239 item_loss 0.00468 items: used 0.17 of rows-with-items, k>0 410, thrown 728/1061
rnd 172200 steps 22.04M t 82.7m eps 0.010 pairs_len 57 wins A/B/draw 147/149/4 loss 0.0237 item_loss 0.00456 items: used 0.16 of rows-with-items, k>0 404, thrown 722/1017
rnd 172300 steps 22.05M t 82.7m eps 0.010 pairs_len 56 wins A/B/draw 151/144/5 loss 0.0230 item_loss 0.00440 items: used 0.16 of rows-with-items, k>0 423, thrown 650/957
rnd 172400 steps 22.07M t 82.8m eps 0.010 pairs_len 56 wins A/B/draw 151/146/3 loss 0.0228 item_loss 0.00451 items: used 0.18 of rows-with-items, k>0 456, thrown 763/1060
rnd 172500 steps 22.08M t 82.8m eps 0.010 pairs_len 54 wins A/B/draw 142/158/0 loss 0.0223 item_loss 0.00452 items: used 0.16 of rows-with-items, k>0 441, thrown 696/966
rnd 172600 steps 22.09M t 82.8m eps 0.010 pairs_len 54 wins A/B/draw 151/148/1 loss 0.0223 item_loss 0.00438 items: used 0.17 of rows-with-items, k>0 459, thrown 711/1037
rnd 172700 steps 22.11M t 82.8m eps 0.010 pairs_len 55 wins A/B/draw 157/140/3 loss 0.0222 item_loss 0.00480 items: used 0.17 of rows-with-items, k>0 450, thrown 729/1059
rnd 172800 steps 22.12M t 82.9m eps 0.010 pairs_len 55 wins A/B/draw 146/149/5 loss 0.0217 item_loss 0.00467 items: used 0.16 of rows-with-items, k>0 388, thrown 733/1020
rnd 172900 steps 22.13M t 82.9m eps 0.010 pairs_len 57 wins A/B/draw 143/154/3 loss 0.0214 item_loss 0.00469 items: used 0.15 of rows-with-items, k>0 432, thrown 680/967
rnd 173000 steps 22.14M t 82.9m eps 0.010 pairs_len 58 wins A/B/draw 154/143/3 loss 0.0214 item_loss 0.00450 items: used 0.17 of rows-with-items, k>0 434, thrown 695/1029
rnd 173100 steps 22.16M t 83.0m eps 0.010 pairs_len 58 wins A/B/draw 161/136/3 loss 0.0215 item_loss 0.00437 items: used 0.15 of rows-with-items, k>0 400, thrown 683/994
rnd 173200 steps 22.17M t 83.0m eps 0.010 pairs_len 57 wins A/B/draw 154/144/2 loss 0.0212 item_loss 0.00420 items: used 0.18 of rows-with-items, k>0 488, thrown 823/1138
rnd 173300 steps 22.18M t 83.0m eps 0.010 pairs_len 58 wins A/B/draw 134/165/1 loss 0.0215 item_loss 0.00423 items: used 0.17 of rows-with-items, k>0 457, thrown 696/1019
rnd 173400 steps 22.20M t 83.0m eps 0.010 pairs_len 58 wins A/B/draw 148/150/2 loss 0.0217 item_loss 0.00419 items: used 0.17 of rows-with-items, k>0 433, thrown 735/1038
rnd 173500 steps 22.21M t 83.1m eps 0.010 pairs_len 59 wins A/B/draw 152/146/2 loss 0.0217 item_loss 0.00430 items: used 0.16 of rows-with-items, k>0 504, thrown 756/1020
rnd 173600 steps 22.22M t 83.1m eps 0.010 pairs_len 59 wins A/B/draw 145/151/4 loss 0.0213 item_loss 0.00481 items: used 0.17 of rows-with-items, k>0 455, thrown 755/1050
rnd 173700 steps 22.23M t 83.1m eps 0.010 pairs_len 58 wins A/B/draw 146/149/5 loss 0.0210 item_loss 0.00492 items: used 0.15 of rows-with-items, k>0 412, thrown 691/969
rnd 173800 steps 22.25M t 83.2m eps 0.010 pairs_len 58 wins A/B/draw 147/147/6 loss 0.0209 item_loss 0.00478 items: used 0.16 of rows-with-items, k>0 477, thrown 757/1018
rnd 173900 steps 22.26M t 83.2m eps 0.010 pairs_len 60 wins A/B/draw 141/156/3 loss 0.0208 item_loss 0.00466 items: used 0.16 of rows-with-items, k>0 460, thrown 711/1009
rnd 174000 steps 22.27M t 83.2m eps 0.010 pairs_len 60 wins A/B/draw 154/144/2 loss 0.0209 item_loss 0.00445 items: used 0.16 of rows-with-items, k>0 433, thrown 761/1044
rnd 174100 steps 22.28M t 83.2m eps 0.010 pairs_len 58 wins A/B/draw 154/144/2 loss 0.0208 item_loss 0.00432 items: used 0.15 of rows-with-items, k>0 400, thrown 670/925
rnd 174200 steps 22.30M t 83.3m eps 0.010 pairs_len 57 wins A/B/draw 153/146/1 loss 0.0206 item_loss 0.00420 items: used 0.16 of rows-with-items, k>0 485, thrown 720/1036
rnd 174300 steps 22.31M t 83.3m eps 0.010 pairs_len 57 wins A/B/draw 151/147/2 loss 0.0205 item_loss 0.00422 items: used 0.18 of rows-with-items, k>0 508, thrown 810/1088
rnd 174400 steps 22.32M t 83.3m eps 0.010 pairs_len 56 wins A/B/draw 148/151/1 loss 0.0217 item_loss 0.00462 items: used 0.17 of rows-with-items, k>0 454, thrown 740/1061
rnd 174500 steps 22.34M t 83.4m eps 0.010 pairs_len 56 wins A/B/draw 142/157/1 loss 0.0219 item_loss 0.00436 items: used 0.16 of rows-with-items, k>0 447, thrown 728/1046
rnd 174600 steps 22.35M t 83.4m eps 0.010 pairs_len 57 wins A/B/draw 140/159/1 loss 0.0217 item_loss 0.00443 items: used 0.16 of rows-with-items, k>0 430, thrown 703/1001
rnd 174700 steps 22.36M t 83.4m eps 0.010 pairs_len 56 wins A/B/draw 148/150/2 loss 0.0217 item_loss 0.00427 items: used 0.17 of rows-with-items, k>0 430, thrown 726/1055
rnd 174800 steps 22.37M t 83.4m eps 0.010 pairs_len 57 wins A/B/draw 148/148/4 loss 0.0215 item_loss 0.00421 items: used 0.17 of rows-with-items, k>0 443, thrown 752/1084
rnd 174900 steps 22.39M t 83.5m eps 0.010 pairs_len 58 wins A/B/draw 143/152/5 loss 0.0223 item_loss 0.00410 items: used 0.17 of rows-with-items, k>0 412, thrown 727/1071
rnd 175000 steps 22.40M t 83.5m eps 0.010 pairs_len 59 wins A/B/draw 146/148/6 loss 0.0225 item_loss 0.00441 items: used 0.19 of rows-with-items, k>0 507, thrown 768/1120
rnd 175100 steps 22.41M t 83.5m eps 0.010 pairs_len 59 wins A/B/draw 143/150/7 loss 0.0228 item_loss 0.00446 items: used 0.17 of rows-with-items, k>0 518, thrown 804/1149
rnd 175200 steps 22.43M t 83.6m eps 0.010 pairs_len 57 wins A/B/draw 144/152/4 loss 0.0227 item_loss 0.00455 items: used 0.17 of rows-with-items, k>0 397, thrown 746/1067
rnd 175300 steps 22.44M t 83.6m eps 0.010 pairs_len 56 wins A/B/draw 142/156/2 loss 0.0229 item_loss 0.00446 items: used 0.17 of rows-with-items, k>0 427, thrown 751/1031
rnd 175400 steps 22.45M t 83.6m eps 0.010 pairs_len 56 wins A/B/draw 151/142/7 loss 0.0227 item_loss 0.00445 items: used 0.17 of rows-with-items, k>0 413, thrown 700/991
rnd 175500 steps 22.46M t 83.7m eps 0.010 pairs_len 55 wins A/B/draw 146/148/6 loss 0.0234 item_loss 0.00448 items: used 0.15 of rows-with-items, k>0 387, thrown 671/949
rnd 175600 steps 22.48M t 83.7m eps 0.010 pairs_len 56 wins A/B/draw 143/152/5 loss 0.0241 item_loss 0.00434 items: used 0.16 of rows-with-items, k>0 428, thrown 734/1010
rnd 175700 steps 22.49M t 83.9m eps 0.010 pairs_len 59 wins A/B/draw 159/136/5 loss 0.0244 item_loss 0.00424 items: used 0.16 of rows-with-items, k>0 527, thrown 736/1078
rnd 175800 steps 22.50M t 84.0m eps 0.010 pairs_len 60 wins A/B/draw 166/125/9 loss 0.0243 item_loss 0.00405 items: used 0.17 of rows-with-items, k>0 439, thrown 730/1014
rnd 175900 steps 22.52M t 84.1m eps 0.010 pairs_len 60 wins A/B/draw 155/137/8 loss 0.0239 item_loss 0.00398 items: used 0.15 of rows-with-items, k>0 415, thrown 683/971
rnd 176000 steps 22.53M t 84.1m eps 0.010 pairs_len 59 wins A/B/draw 145/151/4 loss 0.0235 item_loss 0.00397 items: used 0.16 of rows-with-items, k>0 407, thrown 708/981
rnd 176100 steps 22.54M t 84.2m eps 0.010 pairs_len 59 wins A/B/draw 144/154/2 loss 0.0237 item_loss 0.00396 items: used 0.17 of rows-with-items, k>0 432, thrown 741/1061
rnd 176200 steps 22.55M t 84.2m eps 0.010 pairs_len 59 wins A/B/draw 144/153/3 loss 0.0241 item_loss 0.00408 items: used 0.16 of rows-with-items, k>0 444, thrown 721/1035
rnd 176300 steps 22.57M t 84.2m eps 0.010 pairs_len 60 wins A/B/draw 152/144/4 loss 0.0238 item_loss 0.00396 items: used 0.17 of rows-with-items, k>0 446, thrown 754/1052
rnd 176400 steps 22.58M t 84.3m eps 0.010 pairs_len 60 wins A/B/draw 149/150/1 loss 0.0239 item_loss 0.00385 items: used 0.18 of rows-with-items, k>0 435, thrown 759/1080
rnd 176500 steps 22.59M t 84.3m eps 0.010 pairs_len 58 wins A/B/draw 161/138/1 loss 0.0244 item_loss 0.00412 items: used 0.16 of rows-with-items, k>0 505, thrown 774/1083
rnd 176600 steps 22.60M t 84.4m eps 0.010 pairs_len 58 wins A/B/draw 167/132/1 loss 0.0247 item_loss 0.00421 items: used 0.16 of rows-with-items, k>0 411, thrown 709/1017
rnd 176700 steps 22.62M t 84.4m eps 0.010 pairs_len 58 wins A/B/draw 161/135/4 loss 0.0248 item_loss 0.00434 items: used 0.17 of rows-with-items, k>0 392, thrown 727/1031
rnd 176800 steps 22.63M t 84.5m eps 0.010 pairs_len 59 wins A/B/draw 152/143/5 loss 0.0244 item_loss 0.00417 items: used 0.18 of rows-with-items, k>0 451, thrown 777/1098
rnd 176900 steps 22.64M t 84.5m eps 0.010 pairs_len 60 wins A/B/draw 153/145/2 loss 0.0240 item_loss 0.00418 items: used 0.17 of rows-with-items, k>0 478, thrown 733/1073
rnd 177000 steps 22.66M t 84.5m eps 0.010 pairs_len 61 wins A/B/draw 147/152/1 loss 0.0243 item_loss 0.00422 items: used 0.16 of rows-with-items, k>0 454, thrown 757/1052
rnd 177100 steps 22.67M t 84.6m eps 0.010 pairs_len 62 wins A/B/draw 145/150/5 loss 0.0239 item_loss 0.00421 items: used 0.16 of rows-with-items, k>0 526, thrown 761/1072
rnd 177200 steps 22.68M t 84.6m eps 0.010 pairs_len 60 wins A/B/draw 150/143/7 loss 0.0241 item_loss 0.00415 items: used 0.18 of rows-with-items, k>0 418, thrown 726/1056
rnd 177300 steps 22.69M t 84.6m eps 0.010 pairs_len 57 wins A/B/draw 145/151/4 loss 0.0240 item_loss 0.00427 items: used 0.16 of rows-with-items, k>0 446, thrown 750/1046
rnd 177400 steps 22.71M t 84.7m eps 0.010 pairs_len 57 wins A/B/draw 148/145/7 loss 0.0242 item_loss 0.00412 items: used 0.15 of rows-with-items, k>0 472, thrown 717/1008
rnd 177500 steps 22.72M t 84.7m eps 0.010 pairs_len 58 wins A/B/draw 161/133/6 loss 0.0242 item_loss 0.00417 items: used 0.17 of rows-with-items, k>0 422, thrown 739/1027
rnd 177600 steps 22.73M t 84.7m eps 0.010 pairs_len 58 wins A/B/draw 156/142/2 loss 0.0248 item_loss 0.00419 items: used 0.16 of rows-with-items, k>0 393, thrown 660/981
rnd 177700 steps 22.75M t 84.7m eps 0.010 pairs_len 58 wins A/B/draw 158/137/5 loss 0.0246 item_loss 0.00437 items: used 0.18 of rows-with-items, k>0 442, thrown 749/1072
rnd 177800 steps 22.76M t 84.8m eps 0.010 pairs_len 57 wins A/B/draw 153/139/8 loss 0.0254 item_loss 0.00432 items: used 0.18 of rows-with-items, k>0 406, thrown 772/1063
rnd 177900 steps 22.77M t 84.8m eps 0.010 pairs_len 59 wins A/B/draw 153/142/5 loss 0.0254 item_loss 0.00423 items: used 0.17 of rows-with-items, k>0 487, thrown 732/1129
rnd 178000 steps 22.78M t 84.8m eps 0.010 pairs_len 60 wins A/B/draw 162/134/4 loss 0.0255 item_loss 0.00425 items: used 0.18 of rows-with-items, k>0 345, thrown 711/1058
rnd 178100 steps 22.80M t 84.9m eps 0.010 pairs_len 60 wins A/B/draw 166/132/2 loss 0.0265 item_loss 0.00406 items: used 0.17 of rows-with-items, k>0 437, thrown 696/1015
rnd 178200 steps 22.81M t 84.9m eps 0.010 pairs_len 60 wins A/B/draw 170/130/0 loss 0.0267 item_loss 0.00404 items: used 0.17 of rows-with-items, k>0 532, thrown 788/1134
rnd 178300 steps 22.82M t 84.9m eps 0.010 pairs_len 59 wins A/B/draw 169/129/2 loss 0.0268 item_loss 0.00407 items: used 0.17 of rows-with-items, k>0 508, thrown 767/1103
rnd 178400 steps 22.84M t 85.0m eps 0.010 pairs_len 59 wins A/B/draw 152/146/2 loss 0.0265 item_loss 0.00406 items: used 0.18 of rows-with-items, k>0 514, thrown 741/1081
rnd 178500 steps 22.85M t 85.0m eps 0.010 pairs_len 61 wins A/B/draw 143/154/3 loss 0.0266 item_loss 0.00434 items: used 0.15 of rows-with-items, k>0 439, thrown 750/1065
rnd 178600 steps 22.86M t 85.0m eps 0.010 pairs_len 61 wins A/B/draw 153/145/2 loss 0.0262 item_loss 0.00435 items: used 0.18 of rows-with-items, k>0 457, thrown 805/1130
rnd 178700 steps 22.87M t 85.0m eps 0.010 pairs_len 61 wins A/B/draw 164/134/2 loss 0.0272 item_loss 0.00433 items: used 0.17 of rows-with-items, k>0 452, thrown 742/1074
rnd 178800 steps 22.89M t 85.1m eps 0.010 pairs_len 60 wins A/B/draw 166/133/1 loss 0.0274 item_loss 0.00436 items: used 0.19 of rows-with-items, k>0 419, thrown 808/1151
rnd 178900 steps 22.90M t 85.1m eps 0.010 pairs_len 59 wins A/B/draw 163/135/2 loss 0.0277 item_loss 0.00431 items: used 0.17 of rows-with-items, k>0 478, thrown 743/1057
rnd 179000 steps 22.91M t 85.1m eps 0.010 pairs_len 59 wins A/B/draw 148/149/3 loss 0.0274 item_loss 0.00432 items: used 0.16 of rows-with-items, k>0 415, thrown 713/1020
rnd 179100 steps 22.92M t 85.2m eps 0.010 pairs_len 60 wins A/B/draw 138/159/3 loss 0.0272 item_loss 0.00429 items: used 0.17 of rows-with-items, k>0 441, thrown 738/1084
rnd 179200 steps 22.94M t 85.2m eps 0.010 pairs_len 60 wins A/B/draw 145/154/1 loss 0.0273 item_loss 0.00424 items: used 0.19 of rows-with-items, k>0 423, thrown 784/1078
rnd 179300 steps 22.95M t 85.2m eps 0.010 pairs_len 59 wins A/B/draw 154/144/2 loss 0.0275 item_loss 0.00446 items: used 0.16 of rows-with-items, k>0 408, thrown 687/1011
rnd 179400 steps 22.96M t 85.3m eps 0.010 pairs_len 59 wins A/B/draw 150/148/2 loss 0.0277 item_loss 0.00471 items: used 0.19 of rows-with-items, k>0 501, thrown 774/1133
rnd 179500 steps 22.98M t 85.3m eps 0.010 pairs_len 59 wins A/B/draw 146/152/2 loss 0.0281 item_loss 0.00469 items: used 0.16 of rows-with-items, k>0 460, thrown 730/1022
rnd 179600 steps 22.99M t 85.3m eps 0.010 pairs_len 60 wins A/B/draw 158/141/1 loss 0.0280 item_loss 0.00459 items: used 0.18 of rows-with-items, k>0 457, thrown 766/1130
rnd 179700 steps 23.00M t 85.3m eps 0.010 pairs_len 61 wins A/B/draw 148/152/0 loss 0.0276 item_loss 0.00465 items: used 0.17 of rows-with-items, k>0 489, thrown 797/1146
rnd 179800 steps 23.01M t 85.4m eps 0.010 pairs_len 60 wins A/B/draw 159/141/0 loss 0.0275 item_loss 0.00478 items: used 0.18 of rows-with-items, k>0 474, thrown 836/1161
rnd 179900 steps 23.03M t 85.4m eps 0.010 pairs_len 60 wins A/B/draw 145/155/0 loss 0.0274 item_loss 0.00472 items: used 0.16 of rows-with-items, k>0 464, thrown 755/1093
rnd 180000 steps 23.04M t 85.4m eps 0.010 pairs_len 63 wins A/B/draw 143/155/2 loss 0.0275 item_loss 0.00475 items: used 0.15 of rows-with-items, k>0 395, thrown 683/968
rnd 180100 steps 23.05M t 85.5m eps 0.010 pairs_len 62 wins A/B/draw 146/148/6 loss 0.0273 item_loss 0.00459 items: used 0.17 of rows-with-items, k>0 450, thrown 763/1049
rnd 180200 steps 23.07M t 85.5m eps 0.010 pairs_len 60 wins A/B/draw 155/140/5 loss 0.0270 item_loss 0.00480 items: used 0.18 of rows-with-items, k>0 397, thrown 749/1062
rnd 180300 steps 23.08M t 85.5m eps 0.010 pairs_len 60 wins A/B/draw 148/149/3 loss 0.0270 item_loss 0.00490 items: used 0.16 of rows-with-items, k>0 470, thrown 754/1100
rnd 180400 steps 23.09M t 85.6m eps 0.010 pairs_len 61 wins A/B/draw 144/152/4 loss 0.0268 item_loss 0.00489 items: used 0.15 of rows-with-items, k>0 472, thrown 740/1043
rnd 180500 steps 23.10M t 85.6m eps 0.010 pairs_len 62 wins A/B/draw 149/148/3 loss 0.0266 item_loss 0.00479 items: used 0.17 of rows-with-items, k>0 418, thrown 756/1082
rnd 180600 steps 23.12M t 85.7m eps 0.010 pairs_len 64 wins A/B/draw 160/139/1 loss 0.0268 item_loss 0.00466 items: used 0.17 of rows-with-items, k>0 436, thrown 745/1041
rnd 180700 steps 23.13M t 85.9m eps 0.010 pairs_len 62 wins A/B/draw 157/141/2 loss 0.0276 item_loss 0.00461 items: used 0.18 of rows-with-items, k>0 449, thrown 745/1094
rnd 180800 steps 23.14M t 86.0m eps 0.010 pairs_len 61 wins A/B/draw 143/154/3 loss 0.0275 item_loss 0.00446 items: used 0.17 of rows-with-items, k>0 493, thrown 795/1111
rnd 180900 steps 23.16M t 86.0m eps 0.010 pairs_len 59 wins A/B/draw 138/159/3 loss 0.0268 item_loss 0.00446 items: used 0.17 of rows-with-items, k>0 469, thrown 780/1101
rnd 181000 steps 23.17M t 86.1m eps 0.010 pairs_len 58 wins A/B/draw 148/151/1 loss 0.0262 item_loss 0.00439 items: used 0.18 of rows-with-items, k>0 417, thrown 744/1048
rnd 181100 steps 23.18M t 86.1m eps 0.010 pairs_len 57 wins A/B/draw 152/147/1 loss 0.0262 item_loss 0.00437 items: used 0.17 of rows-with-items, k>0 481, thrown 769/1116
rnd 181200 steps 23.19M t 86.2m eps 0.010 pairs_len 57 wins A/B/draw 163/136/1 loss 0.0267 item_loss 0.00447 items: used 0.16 of rows-with-items, k>0 414, thrown 730/1064
rnd 181300 steps 23.21M t 86.2m eps 0.010 pairs_len 61 wins A/B/draw 161/137/2 loss 0.0266 item_loss 0.00462 items: used 0.16 of rows-with-items, k>0 489, thrown 739/1071
rnd 181400 steps 23.22M t 86.2m eps 0.010 pairs_len 64 wins A/B/draw 155/142/3 loss 0.0267 item_loss 0.00511 items: used 0.16 of rows-with-items, k>0 408, thrown 705/1002
rnd 181500 steps 23.23M t 86.3m eps 0.010 pairs_len 62 wins A/B/draw 151/147/2 loss 0.0259 item_loss 0.00487 items: used 0.18 of rows-with-items, k>0 470, thrown 773/1122
rnd 181600 steps 23.24M t 86.3m eps 0.010 pairs_len 60 wins A/B/draw 146/152/2 loss 0.0255 item_loss 0.00525 items: used 0.18 of rows-with-items, k>0 481, thrown 824/1162
rnd 181700 steps 23.26M t 86.3m eps 0.010 pairs_len 61 wins A/B/draw 154/144/2 loss 0.0254 item_loss 0.00521 items: used 0.19 of rows-with-items, k>0 436, thrown 798/1134
rnd 181800 steps 23.27M t 86.4m eps 0.010 pairs_len 64 wins A/B/draw 154/142/4 loss 0.0255 item_loss 0.00508 items: used 0.16 of rows-with-items, k>0 504, thrown 707/1017
rnd 181900 steps 23.28M t 86.4m eps 0.010 pairs_len 65 wins A/B/draw 148/149/3 loss 0.0252 item_loss 0.00494 items: used 0.16 of rows-with-items, k>0 476, thrown 744/1033
rnd 182000 steps 23.30M t 86.4m eps 0.010 pairs_len 63 wins A/B/draw 149/147/4 loss 0.0248 item_loss 0.00495 items: used 0.19 of rows-with-items, k>0 509, thrown 824/1165
rnd 182100 steps 23.31M t 86.5m eps 0.010 pairs_len 61 wins A/B/draw 144/152/4 loss 0.0246 item_loss 0.00478 items: used 0.18 of rows-with-items, k>0 481, thrown 814/1142
rnd 182200 steps 23.32M t 86.5m eps 0.010 pairs_len 59 wins A/B/draw 145/151/4 loss 0.0245 item_loss 0.00484 items: used 0.18 of rows-with-items, k>0 448, thrown 756/1073
rnd 182300 steps 23.33M t 86.5m eps 0.010 pairs_len 58 wins A/B/draw 152/146/2 loss 0.0240 item_loss 0.00470 items: used 0.17 of rows-with-items, k>0 419, thrown 735/1043
rnd 182400 steps 23.35M t 86.6m eps 0.010 pairs_len 62 wins A/B/draw 131/166/3 loss 0.0242 item_loss 0.00458 items: used 0.15 of rows-with-items, k>0 458, thrown 749/1033
rnd 182500 steps 23.36M t 86.6m eps 0.010 pairs_len 63 wins A/B/draw 132/166/2 loss 0.0238 item_loss 0.00459 items: used 0.17 of rows-with-items, k>0 450, thrown 736/1071
rnd 182600 steps 23.37M t 86.6m eps 0.010 pairs_len 63 wins A/B/draw 143/153/4 loss 0.0237 item_loss 0.00448 items: used 0.16 of rows-with-items, k>0 470, thrown 744/1064
rnd 182700 steps 23.39M t 86.6m eps 0.010 pairs_len 64 wins A/B/draw 157/138/5 loss 0.0236 item_loss 0.00442 items: used 0.17 of rows-with-items, k>0 459, thrown 760/1109
rnd 182800 steps 23.40M t 86.7m eps 0.010 pairs_len 62 wins A/B/draw 158/135/7 loss 0.0235 item_loss 0.00438 items: used 0.16 of rows-with-items, k>0 418, thrown 695/985
rnd 182900 steps 23.41M t 86.7m eps 0.010 pairs_len 60 wins A/B/draw 147/148/5 loss 0.0237 item_loss 0.00433 items: used 0.15 of rows-with-items, k>0 503, thrown 732/1052
rnd 183000 steps 23.42M t 86.7m eps 0.010 pairs_len 60 wins A/B/draw 148/142/10 loss 0.0240 item_loss 0.00456 items: used 0.17 of rows-with-items, k>0 415, thrown 732/1047
rnd 183100 steps 23.44M t 86.8m eps 0.010 pairs_len 60 wins A/B/draw 163/129/8 loss 0.0240 item_loss 0.00444 items: used 0.16 of rows-with-items, k>0 463, thrown 729/1027
rnd 183200 steps 23.45M t 86.8m eps 0.010 pairs_len 59 wins A/B/draw 163/131/6 loss 0.0239 item_loss 0.00442 items: used 0.18 of rows-with-items, k>0 444, thrown 821/1164
rnd 183300 steps 23.46M t 86.8m eps 0.010 pairs_len 60 wins A/B/draw 160/136/4 loss 0.0244 item_loss 0.00427 items: used 0.17 of rows-with-items, k>0 500, thrown 758/1074
rnd 183400 steps 23.48M t 86.9m eps 0.010 pairs_len 59 wins A/B/draw 150/147/3 loss 0.0243 item_loss 0.00429 items: used 0.16 of rows-with-items, k>0 427, thrown 750/1057
rnd 183500 steps 23.49M t 86.9m eps 0.010 pairs_len 61 wins A/B/draw 144/150/6 loss 0.0236 item_loss 0.00412 items: used 0.16 of rows-with-items, k>0 512, thrown 775/1074
rnd 183600 steps 23.50M t 86.9m eps 0.010 pairs_len 60 wins A/B/draw 149/145/6 loss 0.0238 item_loss 0.00423 items: used 0.16 of rows-with-items, k>0 403, thrown 720/1045
rnd 183700 steps 23.51M t 87.0m eps 0.010 pairs_len 61 wins A/B/draw 141/149/10 loss 0.0234 item_loss 0.00445 items: used 0.15 of rows-with-items, k>0 435, thrown 732/1045
rnd 183800 steps 23.53M t 87.0m eps 0.010 pairs_len 60 wins A/B/draw 151/140/9 loss 0.0233 item_loss 0.00486 items: used 0.17 of rows-with-items, k>0 485, thrown 779/1086
rnd 183900 steps 23.54M t 87.0m eps 0.010 pairs_len 62 wins A/B/draw 170/125/5 loss 0.0229 item_loss 0.00475 items: used 0.17 of rows-with-items, k>0 456, thrown 773/1056
rnd 184000 steps 23.55M t 87.0m eps 0.010 pairs_len 63 wins A/B/draw 161/135/4 loss 0.0234 item_loss 0.00463 items: used 0.16 of rows-with-items, k>0 488, thrown 720/1038
rnd 184100 steps 23.56M t 87.1m eps 0.010 pairs_len 64 wins A/B/draw 151/146/3 loss 0.0233 item_loss 0.00479 items: used 0.17 of rows-with-items, k>0 475, thrown 776/1088
rnd 184200 steps 23.58M t 87.1m eps 0.010 pairs_len 63 wins A/B/draw 154/143/3 loss 0.0234 item_loss 0.00503 items: used 0.16 of rows-with-items, k>0 551, thrown 782/1096
rnd 184300 steps 23.59M t 87.1m eps 0.010 pairs_len 64 wins A/B/draw 156/142/2 loss 0.0235 item_loss 0.00490 items: used 0.15 of rows-with-items, k>0 501, thrown 771/1100
rnd 184400 steps 23.60M t 87.2m eps 0.010 pairs_len 66 wins A/B/draw 151/147/2 loss 0.0242 item_loss 0.00502 items: used 0.16 of rows-with-items, k>0 471, thrown 737/1061
rnd 184500 steps 23.62M t 87.2m eps 0.010 pairs_len 64 wins A/B/draw 139/160/1 loss 0.0238 item_loss 0.00505 items: used 0.16 of rows-with-items, k>0 468, thrown 731/1082
rnd 184600 steps 23.63M t 87.2m eps 0.010 pairs_len 64 wins A/B/draw 152/146/2 loss 0.0236 item_loss 0.00485 items: used 0.15 of rows-with-items, k>0 476, thrown 747/1099
rnd 184700 steps 23.64M t 87.2m eps 0.010 pairs_len 63 wins A/B/draw 151/147/2 loss 0.0237 item_loss 0.00555 items: used 0.17 of rows-with-items, k>0 418, thrown 783/1041
rnd 184800 steps 23.65M t 87.4m eps 0.010 pairs_len 63 wins A/B/draw 151/145/4 loss 0.0236 item_loss 0.00534 items: used 0.18 of rows-with-items, k>0 486, thrown 784/1121
rnd 184900 steps 23.67M t 87.6m eps 0.010 pairs_len 62 wins A/B/draw 147/147/6 loss 0.0248 item_loss 0.00521 items: used 0.16 of rows-with-items, k>0 471, thrown 741/1048
rnd 185000 steps 23.68M t 87.7m eps 0.010 pairs_len 61 wins A/B/draw 141/155/4 loss 0.0243 item_loss 0.00500 items: used 0.17 of rows-with-items, k>0 454, thrown 799/1067
rnd 185100 steps 23.69M t 87.7m eps 0.010 pairs_len 62 wins A/B/draw 145/152/3 loss 0.0242 item_loss 0.00477 items: used 0.18 of rows-with-items, k>0 436, thrown 796/1094
rnd 185200 steps 23.71M t 87.7m eps 0.010 pairs_len 63 wins A/B/draw 153/143/4 loss 0.0246 item_loss 0.00461 items: used 0.17 of rows-with-items, k>0 459, thrown 815/1093
rnd 185300 steps 23.72M t 87.8m eps 0.010 pairs_len 63 wins A/B/draw 151/145/4 loss 0.0253 item_loss 0.00451 items: used 0.16 of rows-with-items, k>0 460, thrown 778/1097
rnd 185400 steps 23.73M t 87.8m eps 0.010 pairs_len 61 wins A/B/draw 135/159/6 loss 0.0247 item_loss 0.00454 items: used 0.17 of rows-with-items, k>0 488, thrown 780/1083
rnd 185500 steps 23.74M t 87.9m eps 0.010 pairs_len 59 wins A/B/draw 148/147/5 loss 0.0253 item_loss 0.00466 items: used 0.16 of rows-with-items, k>0 512, thrown 773/1062
rnd 185600 steps 23.76M t 87.9m eps 0.010 pairs_len 59 wins A/B/draw 136/162/2 loss 0.0252 item_loss 0.00454 items: used 0.17 of rows-with-items, k>0 554, thrown 811/1114
rnd 185700 steps 23.77M t 88.0m eps 0.010 pairs_len 60 wins A/B/draw 136/160/4 loss 0.0247 item_loss 0.00452 items: used 0.14 of rows-with-items, k>0 453, thrown 676/980
rnd 185800 steps 23.78M t 88.0m eps 0.010 pairs_len 62 wins A/B/draw 152/145/3 loss 0.0251 item_loss 0.00431 items: used 0.17 of rows-with-items, k>0 485, thrown 798/1144
rnd 185900 steps 23.80M t 88.0m eps 0.010 pairs_len 63 wins A/B/draw 159/137/4 loss 0.0258 item_loss 0.00463 items: used 0.15 of rows-with-items, k>0 435, thrown 742/1024
rnd 186000 steps 23.81M t 88.1m eps 0.010 pairs_len 62 wins A/B/draw 147/149/4 loss 0.0266 item_loss 0.00457 items: used 0.17 of rows-with-items, k>0 458, thrown 755/1101
rnd 186100 steps 23.82M t 88.1m eps 0.010 pairs_len 60 wins A/B/draw 139/155/6 loss 0.0273 item_loss 0.00471 items: used 0.17 of rows-with-items, k>0 432, thrown 745/1061
rnd 186200 steps 23.83M t 88.1m eps 0.010 pairs_len 60 wins A/B/draw 150/146/4 loss 0.0276 item_loss 0.00491 items: used 0.16 of rows-with-items, k>0 479, thrown 757/1071
rnd 186300 steps 23.85M t 88.2m eps 0.010 pairs_len 60 wins A/B/draw 146/151/3 loss 0.0277 item_loss 0.00485 items: used 0.17 of rows-with-items, k>0 450, thrown 759/1098
rnd 186400 steps 23.86M t 88.2m eps 0.010 pairs_len 61 wins A/B/draw 137/161/2 loss 0.0277 item_loss 0.00493 items: used 0.16 of rows-with-items, k>0 497, thrown 789/1105
rnd 186500 steps 23.87M t 88.2m eps 0.010 pairs_len 63 wins A/B/draw 141/157/2 loss 0.0282 item_loss 0.00481 items: used 0.15 of rows-with-items, k>0 390, thrown 705/1007
rnd 186600 steps 23.88M t 88.3m eps 0.010 pairs_len 61 wins A/B/draw 154/144/2 loss 0.0285 item_loss 0.00476 items: used 0.15 of rows-with-items, k>0 466, thrown 736/1051
rnd 186700 steps 23.90M t 88.3m eps 0.010 pairs_len 60 wins A/B/draw 164/134/2 loss 0.0284 item_loss 0.00456 items: used 0.15 of rows-with-items, k>0 414, thrown 687/995
rnd 186800 steps 23.91M t 88.3m eps 0.010 pairs_len 61 wins A/B/draw 159/140/1 loss 0.0285 item_loss 0.00448 items: used 0.17 of rows-with-items, k>0 507, thrown 774/1152
rnd 186900 steps 23.92M t 88.4m eps 0.010 pairs_len 63 wins A/B/draw 152/145/3 loss 0.0285 item_loss 0.00436 items: used 0.18 of rows-with-items, k>0 388, thrown 757/1105
rnd 187000 steps 23.94M t 88.4m eps 0.010 pairs_len 63 wins A/B/draw 158/138/4 loss 0.0280 item_loss 0.00443 items: used 0.15 of rows-with-items, k>0 449, thrown 745/1035
rnd 187100 steps 23.95M t 88.5m eps 0.010 pairs_len 62 wins A/B/draw 144/151/5 loss 0.0278 item_loss 0.00468 items: used 0.15 of rows-with-items, k>0 485, thrown 734/1085
rnd 187200 steps 23.96M t 88.5m eps 0.010 pairs_len 64 wins A/B/draw 142/153/5 loss 0.0276 item_loss 0.00451 items: used 0.16 of rows-with-items, k>0 526, thrown 755/1089
rnd 187300 steps 23.97M t 88.6m eps 0.010 pairs_len 63 wins A/B/draw 143/153/4 loss 0.0273 item_loss 0.00456 items: used 0.16 of rows-with-items, k>0 410, thrown 748/1042
rnd 187400 steps 23.99M t 88.6m eps 0.010 pairs_len 61 wins A/B/draw 142/156/2 loss 0.0274 item_loss 0.00435 items: used 0.16 of rows-with-items, k>0 492, thrown 750/1085
rnd 187500 steps 24.00M t 88.6m eps 0.010 pairs_len 59 wins A/B/draw 139/159/2 loss 0.0266 item_loss 0.00459 items: used 0.16 of rows-with-items, k>0 445, thrown 726/1070
rnd 187600 steps 24.01M t 88.7m eps 0.010 pairs_len 63 wins A/B/draw 140/157/3 loss 0.0266 item_loss 0.00438 items: used 0.17 of rows-with-items, k>0 499, thrown 757/1124
rnd 187700 steps 24.03M t 88.7m eps 0.010 pairs_len 64 wins A/B/draw 148/149/3 loss 0.0263 item_loss 0.00427 items: used 0.16 of rows-with-items, k>0 481, thrown 773/1078
rnd 187800 steps 24.04M t 88.8m eps 0.010 pairs_len 64 wins A/B/draw 150/147/3 loss 0.0257 item_loss 0.00412 items: used 0.17 of rows-with-items, k>0 434, thrown 806/1157
rnd 187900 steps 24.05M t 88.8m eps 0.010 pairs_len 64 wins A/B/draw 153/145/2 loss 0.0255 item_loss 0.00415 items: used 0.17 of rows-with-items, k>0 480, thrown 751/1108
rnd 188000 steps 24.06M t 88.8m eps 0.010 pairs_len 64 wins A/B/draw 154/143/3 loss 0.0251 item_loss 0.00416 items: used 0.16 of rows-with-items, k>0 463, thrown 754/1109
rnd 188100 steps 24.08M t 88.9m eps 0.010 pairs_len 65 wins A/B/draw 150/146/4 loss 0.0246 item_loss 0.00417 items: used 0.17 of rows-with-items, k>0 496, thrown 784/1175
rnd 188200 steps 24.09M t 88.9m eps 0.010 pairs_len 65 wins A/B/draw 147/151/2 loss 0.0241 item_loss 0.00407 items: used 0.17 of rows-with-items, k>0 549, thrown 804/1193
rnd 188300 steps 24.10M t 88.9m eps 0.010 pairs_len 65 wins A/B/draw 158/140/2 loss 0.0238 item_loss 0.00409 items: used 0.15 of rows-with-items, k>0 480, thrown 728/1029
rnd 188400 steps 24.12M t 89.0m eps 0.010 pairs_len 64 wins A/B/draw 149/150/1 loss 0.0240 item_loss 0.00417 items: used 0.16 of rows-with-items, k>0 475, thrown 721/1097
rnd 188500 steps 24.13M t 89.0m eps 0.010 pairs_len 63 wins A/B/draw 149/150/1 loss 0.0241 item_loss 0.00402 items: used 0.17 of rows-with-items, k>0 500, thrown 729/1121
rnd 188600 steps 24.14M t 89.0m eps 0.010 pairs_len 63 wins A/B/draw 141/157/2 loss 0.0238 item_loss 0.00420 items: used 0.16 of rows-with-items, k>0 487, thrown 746/1059
rnd 188700 steps 24.15M t 89.2m eps 0.010 pairs_len 65 wins A/B/draw 148/148/4 loss 0.0236 item_loss 0.00400 items: used 0.16 of rows-with-items, k>0 478, thrown 770/1124
rnd 188800 steps 24.17M t 89.4m eps 0.010 pairs_len 65 wins A/B/draw 155/141/4 loss 0.0232 item_loss 0.00418 items: used 0.15 of rows-with-items, k>0 480, thrown 780/1107
rnd 188900 steps 24.18M t 89.5m eps 0.010 pairs_len 66 wins A/B/draw 146/152/2 loss 0.0233 item_loss 0.00404 items: used 0.17 of rows-with-items, k>0 484, thrown 796/1142
rnd 189000 steps 24.19M t 89.5m eps 0.010 pairs_len 68 wins A/B/draw 147/152/1 loss 0.0232 item_loss 0.00440 items: used 0.16 of rows-with-items, k>0 491, thrown 754/1124
rnd 189100 steps 24.20M t 89.6m eps 0.010 pairs_len 69 wins A/B/draw 154/144/2 loss 0.0233 item_loss 0.00434 items: used 0.16 of rows-with-items, k>0 503, thrown 793/1141
rnd 189200 steps 24.22M t 89.7m eps 0.010 pairs_len 68 wins A/B/draw 150/148/2 loss 0.0229 item_loss 0.00419 items: used 0.18 of rows-with-items, k>0 484, thrown 804/1174
rnd 189300 steps 24.23M t 89.8m eps 0.010 pairs_len 64 wins A/B/draw 155/143/2 loss 0.0227 item_loss 0.00414 items: used 0.15 of rows-with-items, k>0 481, thrown 742/1084
rnd 189400 steps 24.24M t 89.9m eps 0.010 pairs_len 64 wins A/B/draw 155/143/2 loss 0.0226 item_loss 0.00408 items: used 0.18 of rows-with-items, k>0 488, thrown 842/1214
rnd 189500 steps 24.26M t 89.9m eps 0.010 pairs_len 67 wins A/B/draw 158/140/2 loss 0.0226 item_loss 0.00404 items: used 0.17 of rows-with-items, k>0 512, thrown 780/1117
rnd 189600 steps 24.27M t 90.0m eps 0.010 pairs_len 66 wins A/B/draw 159/139/2 loss 0.0225 item_loss 0.00385 items: used 0.15 of rows-with-items, k>0 505, thrown 772/1090
rnd 189700 steps 24.28M t 90.0m eps 0.010 pairs_len 65 wins A/B/draw 155/144/1 loss 0.0231 item_loss 0.00375 items: used 0.17 of rows-with-items, k>0 468, thrown 774/1138
rnd 189800 steps 24.29M t 90.1m eps 0.010 pairs_len 64 wins A/B/draw 148/150/2 loss 0.0227 item_loss 0.00379 items: used 0.17 of rows-with-items, k>0 478, thrown 733/1089
rnd 189900 steps 24.31M t 90.2m eps 0.010 pairs_len 66 wins A/B/draw 151/145/4 loss 0.0222 item_loss 0.00365 items: used 0.17 of rows-with-items, k>0 545, thrown 856/1188
rnd 190000 steps 24.32M t 90.2m eps 0.010 pairs_len 66 wins A/B/draw 145/151/4 loss 0.0221 item_loss 0.00441 items: used 0.17 of rows-with-items, k>0 566, thrown 820/1194
rnd 190100 steps 24.33M t 90.3m eps 0.010 pairs_len 66 wins A/B/draw 155/140/5 loss 0.0225 item_loss 0.00456 items: used 0.17 of rows-with-items, k>0 553, thrown 839/1191
rnd 190200 steps 24.35M t 90.4m eps 0.010 pairs_len 68 wins A/B/draw 149/147/4 loss 0.0230 item_loss 0.00441 items: used 0.17 of rows-with-items, k>0 526, thrown 796/1156
rnd 190300 steps 24.36M t 90.4m eps 0.010 pairs_len 69 wins A/B/draw 159/137/4 loss 0.0235 item_loss 0.00453 items: used 0.17 of rows-with-items, k>0 524, thrown 829/1184
rnd 190400 steps 24.37M t 90.5m eps 0.010 pairs_len 69 wins A/B/draw 155/142/3 loss 0.0235 item_loss 0.00469 items: used 0.15 of rows-with-items, k>0 618, thrown 807/1151
rnd 190500 steps 24.38M t 90.6m eps 0.010 pairs_len 68 wins A/B/draw 152/146/2 loss 0.0236 item_loss 0.00494 items: used 0.16 of rows-with-items, k>0 518, thrown 810/1190
rnd 190600 steps 24.40M t 90.6m eps 0.010 pairs_len 69 wins A/B/draw 149/147/4 loss 0.0238 item_loss 0.00507 items: used 0.16 of rows-with-items, k>0 513, thrown 809/1121
rnd 190700 steps 24.41M t 90.7m eps 0.010 pairs_len 68 wins A/B/draw 146/150/4 loss 0.0240 item_loss 0.00503 items: used 0.17 of rows-with-items, k>0 477, thrown 819/1170
rnd 190800 steps 24.42M t 90.7m eps 0.010 pairs_len 66 wins A/B/draw 137/160/3 loss 0.0241 item_loss 0.00483 items: used 0.16 of rows-with-items, k>0 506, thrown 768/1147
rnd 190900 steps 24.44M t 90.9m eps 0.010 pairs_len 65 wins A/B/draw 144/155/1 loss 0.0243 item_loss 0.00488 items: used 0.16 of rows-with-items, k>0 522, thrown 841/1160
rnd 191000 steps 24.45M t 91.1m eps 0.010 pairs_len 66 wins A/B/draw 152/147/1 loss 0.0240 item_loss 0.00488 items: used 0.17 of rows-with-items, k>0 568, thrown 895/1221
rnd 191100 steps 24.46M t 91.2m eps 0.010 pairs_len 66 wins A/B/draw 153/145/2 loss 0.0239 item_loss 0.00475 items: used 0.16 of rows-with-items, k>0 477, thrown 809/1134
rnd 191200 steps 24.47M t 91.3m eps 0.010 pairs_len 65 wins A/B/draw 161/136/3 loss 0.0242 item_loss 0.00484 items: used 0.16 of rows-with-items, k>0 516, thrown 824/1120
rnd 191300 steps 24.49M t 91.4m eps 0.010 pairs_len 66 wins A/B/draw 163/136/1 loss 0.0238 item_loss 0.00477 items: used 0.17 of rows-with-items, k>0 474, thrown 774/1144
rnd 191400 steps 24.50M t 91.5m eps 0.010 pairs_len 67 wins A/B/draw 143/156/1 loss 0.0237 item_loss 0.00451 items: used 0.16 of rows-with-items, k>0 431, thrown 763/1110
rnd 191500 steps 24.51M t 91.5m eps 0.010 pairs_len 68 wins A/B/draw 130/169/1 loss 0.0240 item_loss 0.00491 items: used 0.16 of rows-with-items, k>0 481, thrown 768/1132
EVAL battle-net(A) vs solo-net + old rule(B): {'win': 0.5104166666666666, 'lose': 0.4895833333333333, 'draw': 0.0, 'games': 96, 'mean_len': 67.95833333333333}
rnd 191600 steps 24.52M t 91.6m eps 0.010 pairs_len 66 wins A/B/draw 143/156/1 loss 0.0238 item_loss 0.00485 items: used 0.16 of rows-with-items, k>0 483, thrown 776/1127
rnd 191700 steps 24.54M t 91.6m eps 0.010 pairs_len 67 wins A/B/draw 144/153/3 loss 0.0243 item_loss 0.00515 items: used 0.16 of rows-with-items, k>0 497, thrown 795/1174
rnd 191800 steps 24.55M t 91.6m eps 0.010 pairs_len 66 wins A/B/draw 145/152/3 loss 0.0248 item_loss 0.00517 items: used 0.17 of rows-with-items, k>0 546, thrown 835/1199
rnd 191900 steps 24.56M t 91.7m eps 0.010 pairs_len 68 wins A/B/draw 144/150/6 loss 0.0248 item_loss 0.00496 items: used 0.16 of rows-with-items, k>0 577, thrown 781/1146
rnd 192000 steps 24.58M t 91.7m eps 0.010 pairs_len 67 wins A/B/draw 139/157/4 loss 0.0249 item_loss 0.00472 items: used 0.15 of rows-with-items, k>0 480, thrown 736/1069
rnd 192100 steps 24.59M t 91.7m eps 0.010 pairs_len 66 wins A/B/draw 148/149/3 loss 0.0246 item_loss 0.00457 items: used 0.16 of rows-with-items, k>0 473, thrown 747/1089
rnd 192200 steps 24.60M t 91.8m eps 0.010 pairs_len 66 wins A/B/draw 142/158/0 loss 0.0243 item_loss 0.00444 items: used 0.15 of rows-with-items, k>0 503, thrown 767/1141
rnd 192300 steps 24.61M t 91.8m eps 0.010 pairs_len 67 wins A/B/draw 151/147/2 loss 0.0247 item_loss 0.00436 items: used 0.16 of rows-with-items, k>0 574, thrown 833/1188
rnd 192400 steps 24.63M t 91.8m eps 0.010 pairs_len 69 wins A/B/draw 154/143/3 loss 0.0249 item_loss 0.00428 items: used 0.15 of rows-with-items, k>0 503, thrown 741/1077
rnd 192500 steps 24.64M t 91.9m eps 0.010 pairs_len 70 wins A/B/draw 151/146/3 loss 0.0244 item_loss 0.00424 items: used 0.18 of rows-with-items, k>0 456, thrown 792/1196
rnd 192600 steps 24.65M t 91.9m eps 0.010 pairs_len 70 wins A/B/draw 139/160/1 loss 0.0245 item_loss 0.00418 items: used 0.16 of rows-with-items, k>0 605, thrown 814/1190
rnd 192700 steps 24.67M t 92.0m eps 0.010 pairs_len 70 wins A/B/draw 136/162/2 loss 0.0247 item_loss 0.00427 items: used 0.17 of rows-with-items, k>0 543, thrown 772/1150
rnd 192800 steps 24.68M t 92.0m eps 0.010 pairs_len 69 wins A/B/draw 142/156/2 loss 0.0249 item_loss 0.00405 items: used 0.17 of rows-with-items, k>0 549, thrown 832/1193
rnd 192900 steps 24.69M t 92.0m eps 0.010 pairs_len 69 wins A/B/draw 147/150/3 loss 0.0247 item_loss 0.00398 items: used 0.16 of rows-with-items, k>0 511, thrown 798/1135
rnd 193000 steps 24.70M t 92.1m eps 0.010 pairs_len 70 wins A/B/draw 149/148/3 loss 0.0243 item_loss 0.00436 items: used 0.16 of rows-with-items, k>0 577, thrown 825/1182
rnd 193100 steps 24.72M t 92.1m eps 0.010 pairs_len 71 wins A/B/draw 147/149/4 loss 0.0240 item_loss 0.00417 items: used 0.17 of rows-with-items, k>0 487, thrown 766/1105
rnd 193200 steps 24.73M t 92.2m eps 0.010 pairs_len 70 wins A/B/draw 143/153/4 loss 0.0241 item_loss 0.00415 items: used 0.16 of rows-with-items, k>0 526, thrown 788/1170
rnd 193300 steps 24.74M t 92.2m eps 0.010 pairs_len 67 wins A/B/draw 146/150/4 loss 0.0240 item_loss 0.00440 items: used 0.15 of rows-with-items, k>0 580, thrown 801/1151
rnd 193400 steps 24.76M t 92.2m eps 0.010 pairs_len 69 wins A/B/draw 148/148/4 loss 0.0238 item_loss 0.00463 items: used 0.17 of rows-with-items, k>0 542, thrown 802/1169
rnd 193500 steps 24.77M t 92.3m eps 0.010 pairs_len 70 wins A/B/draw 155/142/3 loss 0.0243 item_loss 0.00453 items: used 0.16 of rows-with-items, k>0 495, thrown 825/1194
rnd 193600 steps 24.78M t 92.3m eps 0.010 pairs_len 72 wins A/B/draw 149/148/3 loss 0.0252 item_loss 0.00477 items: used 0.16 of rows-with-items, k>0 537, thrown 772/1161
rnd 193700 steps 24.79M t 92.4m eps 0.010 pairs_len 73 wins A/B/draw 136/161/3 loss 0.0250 item_loss 0.00471 items: used 0.17 of rows-with-items, k>0 601, thrown 833/1239
rnd 193800 steps 24.81M t 92.4m eps 0.010 pairs_len 70 wins A/B/draw 137/160/3 loss 0.0259 item_loss 0.00491 items: used 0.15 of rows-with-items, k>0 503, thrown 765/1088
rnd 193900 steps 24.82M t 92.6m eps 0.010 pairs_len 71 wins A/B/draw 143/155/2 loss 0.0260 item_loss 0.00481 items: used 0.17 of rows-with-items, k>0 566, thrown 841/1232
rnd 194000 steps 24.83M t 92.9m eps 0.010 pairs_len 71 wins A/B/draw 150/149/1 loss 0.0256 item_loss 0.00450 items: used 0.16 of rows-with-items, k>0 583, thrown 833/1189
rnd 194100 steps 24.84M t 92.9m eps 0.010 pairs_len 70 wins A/B/draw 149/149/2 loss 0.0252 item_loss 0.00463 items: used 0.17 of rows-with-items, k>0 505, thrown 802/1174
rnd 194200 steps 24.86M t 93.1m eps 0.010 pairs_len 69 wins A/B/draw 145/153/2 loss 0.0261 item_loss 0.00450 items: used 0.17 of rows-with-items, k>0 535, thrown 856/1192
rnd 194300 steps 24.87M t 93.2m eps 0.010 pairs_len 69 wins A/B/draw 143/155/2 loss 0.0265 item_loss 0.00460 items: used 0.16 of rows-with-items, k>0 607, thrown 855/1261
rnd 194400 steps 24.88M t 93.3m eps 0.010 pairs_len 71 wins A/B/draw 143/155/2 loss 0.0265 item_loss 0.00440 items: used 0.16 of rows-with-items, k>0 467, thrown 766/1123
rnd 194500 steps 24.90M t 93.4m eps 0.010 pairs_len 72 wins A/B/draw 140/158/2 loss 0.0260 item_loss 0.00475 items: used 0.17 of rows-with-items, k>0 647, thrown 865/1220
rnd 194600 steps 24.91M t 93.4m eps 0.010 pairs_len 73 wins A/B/draw 137/162/1 loss 0.0265 item_loss 0.00478 items: used 0.16 of rows-with-items, k>0 591, thrown 841/1211
rnd 194700 steps 24.92M t 93.5m eps 0.010 pairs_len 73 wins A/B/draw 142/157/1 loss 0.0265 item_loss 0.00498 items: used 0.16 of rows-with-items, k>0 554, thrown 824/1148
rnd 194800 steps 24.93M t 93.5m eps 0.010 pairs_len 72 wins A/B/draw 159/139/2 loss 0.0262 item_loss 0.00519 items: used 0.17 of rows-with-items, k>0 567, thrown 832/1180
rnd 194900 steps 24.95M t 93.6m eps 0.010 pairs_len 71 wins A/B/draw 157/141/2 loss 0.0257 item_loss 0.00510 items: used 0.17 of rows-with-items, k>0 608, thrown 852/1214
rnd 195000 steps 24.96M t 93.6m eps 0.010 pairs_len 71 wins A/B/draw 159/141/0 loss 0.0253 item_loss 0.00501 items: used 0.16 of rows-with-items, k>0 586, thrown 821/1198
rnd 195100 steps 24.97M t 93.6m eps 0.010 pairs_len 71 wins A/B/draw 151/148/1 loss 0.0251 item_loss 0.00490 items: used 0.17 of rows-with-items, k>0 526, thrown 819/1171
rnd 195200 steps 24.99M t 93.7m eps 0.010 pairs_len 71 wins A/B/draw 151/147/2 loss 0.0249 item_loss 0.00492 items: used 0.17 of rows-with-items, k>0 556, thrown 859/1229
rnd 195300 steps 25.00M t 93.7m eps 0.010 pairs_len 73 wins A/B/draw 146/153/1 loss 0.0250 item_loss 0.00504 items: used 0.17 of rows-with-items, k>0 563, thrown 835/1205
rnd 195400 steps 25.01M t 93.7m eps 0.010 pairs_len 74 wins A/B/draw 142/155/3 loss 0.0256 item_loss 0.00523 items: used 0.15 of rows-with-items, k>0 546, thrown 797/1136
rnd 195500 steps 25.02M t 93.8m eps 0.010 pairs_len 74 wins A/B/draw 147/148/5 loss 0.0254 item_loss 0.00508 items: used 0.16 of rows-with-items, k>0 514, thrown 806/1160
rnd 195600 steps 25.04M t 93.8m eps 0.010 pairs_len 70 wins A/B/draw 155/142/3 loss 0.0262 item_loss 0.00489 items: used 0.16 of rows-with-items, k>0 590, thrown 828/1200
rnd 195700 steps 25.05M t 93.8m eps 0.010 pairs_len 71 wins A/B/draw 155/143/2 loss 0.0265 item_loss 0.00483 items: used 0.16 of rows-with-items, k>0 563, thrown 817/1186
rnd 195800 steps 25.06M t 93.9m eps 0.010 pairs_len 73 wins A/B/draw 140/154/6 loss 0.0265 item_loss 0.00475 items: used 0.17 of rows-with-items, k>0 482, thrown 788/1181
rnd 195900 steps 25.08M t 93.9m eps 0.010 pairs_len 74 wins A/B/draw 145/149/6 loss 0.0265 item_loss 0.00472 items: used 0.16 of rows-with-items, k>0 604, thrown 834/1175
rnd 196000 steps 25.09M t 93.9m eps 0.010 pairs_len 71 wins A/B/draw 148/148/4 loss 0.0266 item_loss 0.00515 items: used 0.16 of rows-with-items, k>0 557, thrown 800/1164
rnd 196100 steps 25.10M t 94.0m eps 0.010 pairs_len 72 wins A/B/draw 164/133/3 loss 0.0266 item_loss 0.00506 items: used 0.14 of rows-with-items, k>0 502, thrown 750/1103
rnd 196200 steps 25.11M t 94.0m eps 0.010 pairs_len 72 wins A/B/draw 157/140/3 loss 0.0264 item_loss 0.00501 items: used 0.17 of rows-with-items, k>0 580, thrown 889/1276
rnd 196300 steps 25.13M t 94.1m eps 0.010 pairs_len 75 wins A/B/draw 156/140/4 loss 0.0262 item_loss 0.00478 items: used 0.17 of rows-with-items, k>0 581, thrown 851/1250
rnd 196400 steps 25.14M t 94.2m eps 0.010 pairs_len 75 wins A/B/draw 155/143/2 loss 0.0267 item_loss 0.00474 items: used 0.15 of rows-with-items, k>0 561, thrown 760/1128
rnd 196500 steps 25.15M t 94.2m eps 0.010 pairs_len 77 wins A/B/draw 161/137/2 loss 0.0272 item_loss 0.00463 items: used 0.17 of rows-with-items, k>0 545, thrown 881/1237
rnd 196600 steps 25.16M t 94.3m eps 0.010 pairs_len 77 wins A/B/draw 162/137/1 loss 0.0270 item_loss 0.00474 items: used 0.15 of rows-with-items, k>0 611, thrown 773/1185
rnd 196700 steps 25.18M t 94.5m eps 0.010 pairs_len 77 wins A/B/draw 158/140/2 loss 0.0270 item_loss 0.00482 items: used 0.18 of rows-with-items, k>0 679, thrown 963/1345
rnd 196800 steps 25.19M t 94.7m eps 0.010 pairs_len 77 wins A/B/draw 137/161/2 loss 0.0269 item_loss 0.00490 items: used 0.15 of rows-with-items, k>0 501, thrown 744/1090
rnd 196900 steps 25.20M t 94.8m eps 0.010 pairs_len 76 wins A/B/draw 136/162/2 loss 0.0268 item_loss 0.00479 items: used 0.15 of rows-with-items, k>0 567, thrown 789/1130
rnd 197000 steps 25.22M t 94.8m eps 0.010 pairs_len 76 wins A/B/draw 140/156/4 loss 0.0269 item_loss 0.00455 items: used 0.16 of rows-with-items, k>0 560, thrown 786/1178
rnd 197100 steps 25.23M t 94.8m eps 0.010 pairs_len 75 wins A/B/draw 152/143/5 loss 0.0272 item_loss 0.00440 items: used 0.17 of rows-with-items, k>0 577, thrown 833/1240
rnd 197200 steps 25.24M t 94.9m eps 0.010 pairs_len 73 wins A/B/draw 158/140/2 loss 0.0266 item_loss 0.00423 items: used 0.16 of rows-with-items, k>0 574, thrown 789/1168
rnd 197300 steps 25.25M t 94.9m eps 0.010 pairs_len 73 wins A/B/draw 147/149/4 loss 0.0265 item_loss 0.00429 items: used 0.17 of rows-with-items, k>0 530, thrown 780/1176
rnd 197400 steps 25.27M t 95.0m eps 0.010 pairs_len 74 wins A/B/draw 142/155/3 loss 0.0268 item_loss 0.00426 items: used 0.15 of rows-with-items, k>0 552, thrown 764/1205
rnd 197500 steps 25.28M t 95.0m eps 0.010 pairs_len 75 wins A/B/draw 136/162/2 loss 0.0262 item_loss 0.00507 items: used 0.17 of rows-with-items, k>0 532, thrown 803/1212
rnd 197600 steps 25.29M t 95.1m eps 0.010 pairs_len 76 wins A/B/draw 141/159/0 loss 0.0255 item_loss 0.00512 items: used 0.16 of rows-with-items, k>0 543, thrown 796/1161
rnd 197700 steps 25.31M t 95.1m eps 0.010 pairs_len 74 wins A/B/draw 145/154/1 loss 0.0257 item_loss 0.00551 items: used 0.16 of rows-with-items, k>0 503, thrown 735/1136
rnd 197800 steps 25.32M t 95.2m eps 0.010 pairs_len 73 wins A/B/draw 150/148/2 loss 0.0255 item_loss 0.00538 items: used 0.16 of rows-with-items, k>0 612, thrown 846/1227
rnd 197900 steps 25.33M t 95.2m eps 0.010 pairs_len 73 wins A/B/draw 139/159/2 loss 0.0253 item_loss 0.00517 items: used 0.16 of rows-with-items, k>0 549, thrown 793/1168
rnd 198000 steps 25.34M t 95.2m eps 0.010 pairs_len 74 wins A/B/draw 138/159/3 loss 0.0250 item_loss 0.00541 items: used 0.16 of rows-with-items, k>0 549, thrown 787/1205
rnd 198100 steps 25.36M t 95.3m eps 0.010 pairs_len 74 wins A/B/draw 141/155/4 loss 0.0246 item_loss 0.00557 items: used 0.17 of rows-with-items, k>0 522, thrown 799/1170
rnd 198200 steps 25.37M t 95.3m eps 0.010 pairs_len 75 wins A/B/draw 151/142/7 loss 0.0244 item_loss 0.00539 items: used 0.16 of rows-with-items, k>0 606, thrown 839/1221
rnd 198300 steps 25.38M t 95.3m eps 0.010 pairs_len 76 wins A/B/draw 153/141/6 loss 0.0240 item_loss 0.00550 items: used 0.14 of rows-with-items, k>0 494, thrown 712/1092
rnd 198400 steps 25.40M t 95.4m eps 0.010 pairs_len 77 wins A/B/draw 147/150/3 loss 0.0239 item_loss 0.00535 items: used 0.16 of rows-with-items, k>0 518, thrown 813/1181
rnd 198500 steps 25.41M t 95.4m eps 0.010 pairs_len 75 wins A/B/draw 148/148/4 loss 0.0238 item_loss 0.00521 items: used 0.15 of rows-with-items, k>0 477, thrown 741/1078
rnd 198600 steps 25.42M t 95.4m eps 0.010 pairs_len 73 wins A/B/draw 143/152/5 loss 0.0235 item_loss 0.00522 items: used 0.14 of rows-with-items, k>0 566, thrown 747/1140
rnd 198700 steps 25.43M t 95.5m eps 0.010 pairs_len 74 wins A/B/draw 139/154/7 loss 0.0234 item_loss 0.00513 items: used 0.17 of rows-with-items, k>0 556, thrown 788/1185
rnd 198800 steps 25.45M t 95.5m eps 0.010 pairs_len 75 wins A/B/draw 144/150/6 loss 0.0239 item_loss 0.00525 items: used 0.17 of rows-with-items, k>0 480, thrown 756/1167
rnd 198900 steps 25.46M t 95.5m eps 0.010 pairs_len 74 wins A/B/draw 141/153/6 loss 0.0243 item_loss 0.00503 items: used 0.16 of rows-with-items, k>0 552, thrown 839/1182
rnd 199000 steps 25.47M t 95.6m eps 0.010 pairs_len 72 wins A/B/draw 136/160/4 loss 0.0243 item_loss 0.00478 items: used 0.17 of rows-with-items, k>0 587, thrown 825/1205
rnd 199100 steps 25.48M t 95.6m eps 0.010 pairs_len 73 wins A/B/draw 138/158/4 loss 0.0242 item_loss 0.00468 items: used 0.16 of rows-with-items, k>0 552, thrown 835/1192
rnd 199200 steps 25.50M t 95.6m eps 0.010 pairs_len 72 wins A/B/draw 144/153/3 loss 0.0241 item_loss 0.00451 items: used 0.15 of rows-with-items, k>0 511, thrown 729/1080
rnd 199300 steps 25.51M t 95.7m eps 0.010 pairs_len 72 wins A/B/draw 148/148/4 loss 0.0241 item_loss 0.00469 items: used 0.15 of rows-with-items, k>0 536, thrown 807/1143
rnd 199400 steps 25.52M t 95.7m eps 0.010 pairs_len 72 wins A/B/draw 138/158/4 loss 0.0240 item_loss 0.00457 items: used 0.15 of rows-with-items, k>0 547, thrown 812/1159
rnd 199500 steps 25.54M t 95.7m eps 0.010 pairs_len 71 wins A/B/draw 137/160/3 loss 0.0243 item_loss 0.00462 items: used 0.17 of rows-with-items, k>0 607, thrown 873/1262
rnd 199600 steps 25.55M t 95.8m eps 0.010 pairs_len 73 wins A/B/draw 135/163/2 loss 0.0241 item_loss 0.00455 items: used 0.14 of rows-with-items, k>0 518, thrown 756/1064
rnd 199700 steps 25.56M t 95.8m eps 0.010 pairs_len 72 wins A/B/draw 133/166/1 loss 0.0244 item_loss 0.00446 items: used 0.16 of rows-with-items, k>0 624, thrown 791/1197
rnd 199800 steps 25.57M t 95.8m eps 0.010 pairs_len 76 wins A/B/draw 132/166/2 loss 0.0246 item_loss 0.00433 items: used 0.16 of rows-with-items, k>0 553, thrown 849/1192
rnd 199900 steps 25.59M t 95.9m eps 0.010 pairs_len 74 wins A/B/draw 141/157/2 loss 0.0249 item_loss 0.00419 items: used 0.16 of rows-with-items, k>0 533, thrown 795/1158
rnd 200000 steps 25.60M t 95.9m eps 0.010 pairs_len 73 wins A/B/draw 136/163/1 loss 0.0247 item_loss 0.00417 items: used 0.16 of rows-with-items, k>0 553, thrown 812/1215
rnd 200100 steps 25.61M t 95.9m eps 0.010 pairs_len 71 wins A/B/draw 144/155/1 loss 0.0249 item_loss 0.00406 items: used 0.16 of rows-with-items, k>0 562, thrown 795/1182
rnd 200200 steps 25.63M t 95.9m eps 0.010 pairs_len 69 wins A/B/draw 152/147/1 loss 0.0253 item_loss 0.00407 items: used 0.16 of rows-with-items, k>0 612, thrown 849/1219
rnd 200300 steps 25.64M t 96.0m eps 0.010 pairs_len 72 wins A/B/draw 165/135/0 loss 0.0257 item_loss 0.00404 items: used 0.15 of rows-with-items, k>0 517, thrown 763/1148
rnd 200400 steps 25.65M t 96.0m eps 0.010 pairs_len 74 wins A/B/draw 148/152/0 loss 0.0259 item_loss 0.00396 items: used 0.17 of rows-with-items, k>0 595, thrown 871/1251
rnd 200500 steps 25.66M t 96.0m eps 0.010 pairs_len 77 wins A/B/draw 145/155/0 loss 0.0271 item_loss 0.00392 items: used 0.16 of rows-with-items, k>0 582, thrown 778/1168
rnd 200600 steps 25.68M t 96.1m eps 0.010 pairs_len 75 wins A/B/draw 146/153/1 loss 0.0279 item_loss 0.00400 items: used 0.16 of rows-with-items, k>0 577, thrown 755/1176
rnd 200700 steps 25.69M t 96.1m eps 0.010 pairs_len 74 wins A/B/draw 155/144/1 loss 0.0281 item_loss 0.00438 items: used 0.16 of rows-with-items, k>0 627, thrown 826/1194
rnd 200800 steps 25.70M t 96.1m eps 0.010 pairs_len 74 wins A/B/draw 157/141/2 loss 0.0283 item_loss 0.00426 items: used 0.15 of rows-with-items, k>0 536, thrown 776/1174
rnd 200900 steps 25.72M t 96.2m eps 0.010 pairs_len 75 wins A/B/draw 159/140/1 loss 0.0285 item_loss 0.00415 items: used 0.16 of rows-with-items, k>0 653, thrown 858/1287
rnd 201000 steps 25.73M t 96.2m eps 0.010 pairs_len 78 wins A/B/draw 160/138/2 loss 0.0284 item_loss 0.00417 items: used 0.16 of rows-with-items, k>0 618, thrown 813/1168
rnd 201100 steps 25.74M t 96.4m eps 0.010 pairs_len 76 wins A/B/draw 166/131/3 loss 0.0284 item_loss 0.00408 items: used 0.16 of rows-with-items, k>0 625, thrown 809/1214
rnd 201200 steps 25.75M t 96.6m eps 0.010 pairs_len 75 wins A/B/draw 163/130/7 loss 0.0283 item_loss 0.00390 items: used 0.16 of rows-with-items, k>0 566, thrown 769/1112
rnd 201300 steps 25.77M t 96.6m eps 0.010 pairs_len 72 wins A/B/draw 161/132/7 loss 0.0288 item_loss 0.00405 items: used 0.16 of rows-with-items, k>0 616, thrown 814/1185
rnd 201400 steps 25.78M t 96.6m eps 0.010 pairs_len 74 wins A/B/draw 157/137/6 loss 0.0292 item_loss 0.00400 items: used 0.17 of rows-with-items, k>0 606, thrown 833/1220
rnd 201500 steps 25.79M t 96.7m eps 0.010 pairs_len 76 wins A/B/draw 153/143/4 loss 0.0291 item_loss 0.00448 items: used 0.16 of rows-with-items, k>0 643, thrown 858/1284
rnd 201600 steps 25.80M t 96.7m eps 0.010 pairs_len 80 wins A/B/draw 152/145/3 loss 0.0286 item_loss 0.00434 items: used 0.16 of rows-with-items, k>0 663, thrown 846/1263
rnd 201700 steps 25.82M t 96.8m eps 0.010 pairs_len 80 wins A/B/draw 147/150/3 loss 0.0282 item_loss 0.00448 items: used 0.15 of rows-with-items, k>0 513, thrown 793/1166
rnd 201800 steps 25.83M t 96.8m eps 0.010 pairs_len 77 wins A/B/draw 142/156/2 loss 0.0277 item_loss 0.00433 items: used 0.16 of rows-with-items, k>0 568, thrown 830/1174
rnd 201900 steps 25.84M t 96.9m eps 0.010 pairs_len 74 wins A/B/draw 127/169/4 loss 0.0280 item_loss 0.00448 items: used 0.15 of rows-with-items, k>0 537, thrown 777/1164
rnd 202000 steps 25.86M t 96.9m eps 0.010 pairs_len 74 wins A/B/draw 129/168/3 loss 0.0277 item_loss 0.00451 items: used 0.15 of rows-with-items, k>0 572, thrown 777/1119
rnd 202100 steps 25.87M t 96.9m eps 0.010 pairs_len 75 wins A/B/draw 123/173/4 loss 0.0284 item_loss 0.00472 items: used 0.17 of rows-with-items, k>0 625, thrown 833/1267
rnd 202200 steps 25.88M t 97.0m eps 0.010 pairs_len 76 wins A/B/draw 145/150/5 loss 0.0286 item_loss 0.00464 items: used 0.16 of rows-with-items, k>0 621, thrown 820/1218
rnd 202300 steps 25.89M t 97.0m eps 0.010 pairs_len 75 wins A/B/draw 148/148/4 loss 0.0285 item_loss 0.00466 items: used 0.15 of rows-with-items, k>0 575, thrown 713/1138
rnd 202400 steps 25.91M t 97.0m eps 0.010 pairs_len 77 wins A/B/draw 161/135/4 loss 0.0281 item_loss 0.00449 items: used 0.17 of rows-with-items, k>0 591, thrown 906/1261
rnd 202500 steps 25.92M t 97.1m eps 0.010 pairs_len 78 wins A/B/draw 159/139/2 loss 0.0276 item_loss 0.00427 items: used 0.15 of rows-with-items, k>0 631, thrown 835/1214
rnd 202600 steps 25.93M t 97.1m eps 0.010 pairs_len 78 wins A/B/draw 164/133/3 loss 0.0283 item_loss 0.00420 items: used 0.17 of rows-with-items, k>0 578, thrown 882/1258
rnd 202700 steps 25.95M t 97.1m eps 0.010 pairs_len 77 wins A/B/draw 153/140/7 loss 0.0292 item_loss 0.00439 items: used 0.16 of rows-with-items, k>0 553, thrown 820/1163
rnd 202800 steps 25.96M t 97.2m eps 0.010 pairs_len 76 wins A/B/draw 155/137/8 loss 0.0290 item_loss 0.00430 items: used 0.16 of rows-with-items, k>0 561, thrown 797/1206
rnd 202900 steps 25.97M t 97.2m eps 0.010 pairs_len 77 wins A/B/draw 150/143/7 loss 0.0290 item_loss 0.00416 items: used 0.16 of rows-with-items, k>0 551, thrown 838/1178
rnd 203000 steps 25.98M t 97.2m eps 0.010 pairs_len 76 wins A/B/draw 150/146/4 loss 0.0289 item_loss 0.00417 items: used 0.16 of rows-with-items, k>0 544, thrown 811/1190
rnd 203100 steps 26.00M t 97.3m eps 0.010 pairs_len 78 wins A/B/draw 136/162/2 loss 0.0291 item_loss 0.00416 items: used 0.16 of rows-with-items, k>0 635, thrown 889/1276
rnd 203200 steps 26.01M t 97.3m eps 0.010 pairs_len 78 wins A/B/draw 134/163/3 loss 0.0289 item_loss 0.00400 items: used 0.16 of rows-with-items, k>0 535, thrown 790/1215
rnd 203300 steps 26.02M t 97.3m eps 0.010 pairs_len 77 wins A/B/draw 136/162/2 loss 0.0293 item_loss 0.00385 items: used 0.17 of rows-with-items, k>0 664, thrown 877/1292
rnd 203400 steps 26.04M t 97.3m eps 0.010 pairs_len 80 wins A/B/draw 152/146/2 loss 0.0301 item_loss 0.00375 items: used 0.17 of rows-with-items, k>0 626, thrown 872/1270
rnd 203500 steps 26.05M t 97.4m eps 0.010 pairs_len 81 wins A/B/draw 155/143/2 loss 0.0300 item_loss 0.00381 items: used 0.16 of rows-with-items, k>0 549, thrown 812/1193
rnd 203600 steps 26.06M t 97.4m eps 0.010 pairs_len 79 wins A/B/draw 161/135/4 loss 0.0307 item_loss 0.00386 items: used 0.16 of rows-with-items, k>0 582, thrown 800/1217
rnd 203700 steps 26.07M t 97.4m eps 0.010 pairs_len 78 wins A/B/draw 157/137/6 loss 0.0319 item_loss 0.00371 items: used 0.17 of rows-with-items, k>0 655, thrown 930/1303
rnd 203800 steps 26.09M t 97.5m eps 0.010 pairs_len 79 wins A/B/draw 157/139/4 loss 0.0321 item_loss 0.00396 items: used 0.16 of rows-with-items, k>0 568, thrown 766/1166
rnd 203900 steps 26.10M t 97.5m eps 0.010 pairs_len 78 wins A/B/draw 143/153/4 loss 0.0315 item_loss 0.00388 items: used 0.15 of rows-with-items, k>0 547, thrown 789/1153
rnd 204000 steps 26.11M t 97.5m eps 0.010 pairs_len 76 wins A/B/draw 137/160/3 loss 0.0323 item_loss 0.00375 items: used 0.17 of rows-with-items, k>0 615, thrown 817/1294
rnd 204100 steps 26.12M t 97.6m eps 0.010 pairs_len 77 wins A/B/draw 141/156/3 loss 0.0325 item_loss 0.00367 items: used 0.16 of rows-with-items, k>0 558, thrown 871/1193
rnd 204200 steps 26.14M t 97.6m eps 0.010 pairs_len 77 wins A/B/draw 147/150/3 loss 0.0322 item_loss 0.00398 items: used 0.16 of rows-with-items, k>0 528, thrown 781/1155
rnd 204300 steps 26.15M t 97.6m eps 0.010 pairs_len 79 wins A/B/draw 153/143/4 loss 0.0333 item_loss 0.00387 items: used 0.16 of rows-with-items, k>0 533, thrown 800/1156
rnd 204400 steps 26.16M t 97.7m eps 0.010 pairs_len 78 wins A/B/draw 158/139/3 loss 0.0339 item_loss 0.00378 items: used 0.17 of rows-with-items, k>0 543, thrown 800/1206
rnd 204500 steps 26.18M t 97.7m eps 0.010 pairs_len 77 wins A/B/draw 158/140/2 loss 0.0344 item_loss 0.00377 items: used 0.17 of rows-with-items, k>0 599, thrown 819/1214
rnd 204600 steps 26.19M t 97.7m eps 0.010 pairs_len 76 wins A/B/draw 147/151/2 loss 0.0352 item_loss 0.00401 items: used 0.17 of rows-with-items, k>0 595, thrown 871/1290
rnd 204700 steps 26.20M t 97.8m eps 0.010 pairs_len 77 wins A/B/draw 154/144/2 loss 0.0348 item_loss 0.00403 items: used 0.16 of rows-with-items, k>0 613, thrown 808/1235
rnd 204800 steps 26.21M t 97.8m eps 0.010 pairs_len 76 wins A/B/draw 158/141/1 loss 0.0350 item_loss 0.00409 items: used 0.15 of rows-with-items, k>0 588, thrown 796/1204
rnd 204900 steps 26.23M t 97.8m eps 0.010 pairs_len 78 wins A/B/draw 165/135/0 loss 0.0349 item_loss 0.00428 items: used 0.17 of rows-with-items, k>0 659, thrown 897/1287
rnd 205000 steps 26.24M t 97.8m eps 0.010 pairs_len 78 wins A/B/draw 151/147/2 loss 0.0349 item_loss 0.00421 items: used 0.17 of rows-with-items, k>0 630, thrown 896/1307
rnd 205100 steps 26.25M t 97.9m eps 0.010 pairs_len 81 wins A/B/draw 145/153/2 loss 0.0351 item_loss 0.00429 items: used 0.15 of rows-with-items, k>0 526, thrown 747/1117
rnd 205200 steps 26.27M t 98.1m eps 0.010 pairs_len 79 wins A/B/draw 142/154/4 loss 0.0346 item_loss 0.00427 items: used 0.15 of rows-with-items, k>0 646, thrown 799/1214
rnd 205300 steps 26.28M t 98.3m eps 0.010 pairs_len 79 wins A/B/draw 150/147/3 loss 0.0346 item_loss 0.00421 items: used 0.16 of rows-with-items, k>0 670, thrown 844/1229
rnd 205400 steps 26.29M t 98.3m eps 0.010 pairs_len 78 wins A/B/draw 138/159/3 loss 0.0342 item_loss 0.00408 items: used 0.16 of rows-with-items, k>0 547, thrown 799/1185
rnd 205500 steps 26.30M t 98.3m eps 0.010 pairs_len 81 wins A/B/draw 148/150/2 loss 0.0343 item_loss 0.00393 items: used 0.15 of rows-with-items, k>0 586, thrown 787/1177
rnd 205600 steps 26.32M t 98.4m eps 0.010 pairs_len 80 wins A/B/draw 142/154/4 loss 0.0346 item_loss 0.00384 items: used 0.17 of rows-with-items, k>0 538, thrown 760/1166
rnd 205700 steps 26.33M t 98.5m eps 0.010 pairs_len 79 wins A/B/draw 143/152/5 loss 0.0338 item_loss 0.00411 items: used 0.15 of rows-with-items, k>0 570, thrown 758/1150
rnd 205800 steps 26.34M t 98.5m eps 0.010 pairs_len 77 wins A/B/draw 136/160/4 loss 0.0331 item_loss 0.00401 items: used 0.17 of rows-with-items, k>0 570, thrown 800/1240
rnd 205900 steps 26.36M t 98.6m eps 0.010 pairs_len 78 wins A/B/draw 146/151/3 loss 0.0331 item_loss 0.00406 items: used 0.15 of rows-with-items, k>0 560, thrown 763/1153
rnd 206000 steps 26.37M t 98.6m eps 0.010 pairs_len 79 wins A/B/draw 159/141/0 loss 0.0329 item_loss 0.00394 items: used 0.16 of rows-with-items, k>0 637, thrown 825/1216
rnd 206100 steps 26.38M t 98.6m eps 0.010 pairs_len 78 wins A/B/draw 171/129/0 loss 0.0322 item_loss 0.00400 items: used 0.16 of rows-with-items, k>0 690, thrown 833/1311
rnd 206200 steps 26.39M t 98.7m eps 0.010 pairs_len 78 wins A/B/draw 157/141/2 loss 0.0315 item_loss 0.00402 items: used 0.16 of rows-with-items, k>0 660, thrown 863/1273
rnd 206300 steps 26.41M t 98.7m eps 0.010 pairs_len 80 wins A/B/draw 146/149/5 loss 0.0313 item_loss 0.00417 items: used 0.15 of rows-with-items, k>0 562, thrown 788/1159
rnd 206400 steps 26.42M t 98.7m eps 0.010 pairs_len 82 wins A/B/draw 141/152/7 loss 0.0311 item_loss 0.00435 items: used 0.16 of rows-with-items, k>0 619, thrown 832/1220
rnd 206500 steps 26.43M t 98.7m eps 0.010 pairs_len 84 wins A/B/draw 150/144/6 loss 0.0305 item_loss 0.00440 items: used 0.18 of rows-with-items, k>0 698, thrown 883/1315
rnd 206600 steps 26.44M t 98.8m eps 0.010 pairs_len 83 wins A/B/draw 160/137/3 loss 0.0301 item_loss 0.00456 items: used 0.17 of rows-with-items, k>0 661, thrown 841/1264
rnd 206700 steps 26.46M t 98.8m eps 0.010 pairs_len 84 wins A/B/draw 153/143/4 loss 0.0293 item_loss 0.00448 items: used 0.18 of rows-with-items, k>0 683, thrown 949/1352
rnd 206800 steps 26.47M t 98.8m eps 0.010 pairs_len 83 wins A/B/draw 152/142/6 loss 0.0292 item_loss 0.00462 items: used 0.16 of rows-with-items, k>0 593, thrown 830/1229
rnd 206900 steps 26.48M t 98.9m eps 0.010 pairs_len 81 wins A/B/draw 147/146/7 loss 0.0289 item_loss 0.00469 items: used 0.16 of rows-with-items, k>0 564, thrown 814/1178
rnd 207000 steps 26.50M t 98.9m eps 0.010 pairs_len 77 wins A/B/draw 150/145/5 loss 0.0289 item_loss 0.00445 items: used 0.17 of rows-with-items, k>0 569, thrown 837/1256
rnd 207100 steps 26.51M t 98.9m eps 0.010 pairs_len 76 wins A/B/draw 154/143/3 loss 0.0286 item_loss 0.00443 items: used 0.18 of rows-with-items, k>0 559, thrown 848/1260
rnd 207200 steps 26.52M t 99.0m eps 0.010 pairs_len 76 wins A/B/draw 160/138/2 loss 0.0287 item_loss 0.00438 items: used 0.16 of rows-with-items, k>0 612, thrown 803/1225
rnd 207300 steps 26.53M t 99.0m eps 0.010 pairs_len 77 wins A/B/draw 146/149/5 loss 0.0284 item_loss 0.00458 items: used 0.16 of rows-with-items, k>0 543, thrown 786/1187
rnd 207400 steps 26.55M t 99.0m eps 0.010 pairs_len 78 wins A/B/draw 142/154/4 loss 0.0283 item_loss 0.00443 items: used 0.17 of rows-with-items, k>0 648, thrown 822/1210
rnd 207500 steps 26.56M t 99.1m eps 0.010 pairs_len 80 wins A/B/draw 139/157/4 loss 0.0280 item_loss 0.00423 items: used 0.16 of rows-with-items, k>0 628, thrown 826/1257
rnd 207600 steps 26.57M t 99.1m eps 0.010 pairs_len 80 wins A/B/draw 142/157/1 loss 0.0270 item_loss 0.00414 items: used 0.16 of rows-with-items, k>0 640, thrown 848/1242
rnd 207700 steps 26.59M t 99.1m eps 0.010 pairs_len 80 wins A/B/draw 134/164/2 loss 0.0265 item_loss 0.00413 items: used 0.16 of rows-with-items, k>0 618, thrown 800/1215
rnd 207800 steps 26.60M t 99.2m eps 0.010 pairs_len 82 wins A/B/draw 131/168/1 loss 0.0265 item_loss 0.00401 items: used 0.17 of rows-with-items, k>0 638, thrown 864/1285
rnd 207900 steps 26.61M t 99.2m eps 0.010 pairs_len 81 wins A/B/draw 133/164/3 loss 0.0258 item_loss 0.00400 items: used 0.17 of rows-with-items, k>0 549, thrown 813/1234
rnd 208000 steps 26.62M t 99.2m eps 0.010 pairs_len 81 wins A/B/draw 140/157/3 loss 0.0257 item_loss 0.00395 items: used 0.16 of rows-with-items, k>0 669, thrown 821/1285
rnd 208100 steps 26.64M t 99.3m eps 0.010 pairs_len 81 wins A/B/draw 143/153/4 loss 0.0257 item_loss 0.00392 items: used 0.18 of rows-with-items, k>0 572, thrown 826/1264
rnd 208200 steps 26.65M t 99.3m eps 0.010 pairs_len 80 wins A/B/draw 146/152/2 loss 0.0255 item_loss 0.00406 items: used 0.19 of rows-with-items, k>0 528, thrown 888/1274
rnd 208300 steps 26.66M t 99.3m eps 0.010 pairs_len 78 wins A/B/draw 149/149/2 loss 0.0254 item_loss 0.00416 items: used 0.17 of rows-with-items, k>0 557, thrown 829/1202
rnd 208400 steps 26.68M t 99.4m eps 0.010 pairs_len 76 wins A/B/draw 152/145/3 loss 0.0251 item_loss 0.00419 items: used 0.16 of rows-with-items, k>0 582, thrown 832/1216
rnd 208500 steps 26.69M t 99.4m eps 0.010 pairs_len 74 wins A/B/draw 156/142/2 loss 0.0251 item_loss 0.00405 items: used 0.17 of rows-with-items, k>0 507, thrown 833/1223
rnd 208600 steps 26.70M t 99.4m eps 0.010 pairs_len 75 wins A/B/draw 153/145/2 loss 0.0251 item_loss 0.00405 items: used 0.16 of rows-with-items, k>0 559, thrown 819/1224
rnd 208700 steps 26.71M t 99.5m eps 0.010 pairs_len 77 wins A/B/draw 150/149/1 loss 0.0251 item_loss 0.00405 items: used 0.15 of rows-with-items, k>0 664, thrown 832/1281
rnd 208800 steps 26.73M t 99.5m eps 0.010 pairs_len 79 wins A/B/draw 144/154/2 loss 0.0249 item_loss 0.00390 items: used 0.18 of rows-with-items, k>0 595, thrown 887/1322
rnd 208900 steps 26.74M t 99.5m eps 0.010 pairs_len 80 wins A/B/draw 144/154/2 loss 0.0248 item_loss 0.00413 items: used 0.16 of rows-with-items, k>0 562, thrown 843/1222
rnd 209000 steps 26.75M t 99.6m eps 0.010 pairs_len 82 wins A/B/draw 145/153/2 loss 0.0256 item_loss 0.00409 items: used 0.16 of rows-with-items, k>0 596, thrown 810/1249
rnd 209100 steps 26.76M t 99.8m eps 0.010 pairs_len 81 wins A/B/draw 151/147/2 loss 0.0261 item_loss 0.00400 items: used 0.17 of rows-with-items, k>0 627, thrown 886/1275
rnd 209200 steps 26.78M t 99.9m eps 0.010 pairs_len 83 wins A/B/draw 155/144/1 loss 0.0261 item_loss 0.00400 items: used 0.16 of rows-with-items, k>0 597, thrown 823/1248
rnd 209300 steps 26.79M t 100.0m eps 0.010 pairs_len 82 wins A/B/draw 153/146/1 loss 0.0259 item_loss 0.00393 items: used 0.16 of rows-with-items, k>0 598, thrown 835/1201
rnd 209400 steps 26.80M t 100.0m eps 0.010 pairs_len 81 wins A/B/draw 151/149/0 loss 0.0261 item_loss 0.00414 items: used 0.16 of rows-with-items, k>0 657, thrown 838/1273
rnd 209500 steps 26.82M t 100.1m eps 0.010 pairs_len 78 wins A/B/draw 135/164/1 loss 0.0258 item_loss 0.00403 items: used 0.15 of rows-with-items, k>0 572, thrown 817/1177
rnd 209600 steps 26.83M t 100.1m eps 0.010 pairs_len 76 wins A/B/draw 126/172/2 loss 0.0258 item_loss 0.00436 items: used 0.17 of rows-with-items, k>0 636, thrown 824/1268
rnd 209700 steps 26.84M t 100.2m eps 0.010 pairs_len 77 wins A/B/draw 119/178/3 loss 0.0260 item_loss 0.00434 items: used 0.15 of rows-with-items, k>0 625, thrown 848/1244
rnd 209800 steps 26.85M t 100.2m eps 0.010 pairs_len 78 wins A/B/draw 128/169/3 loss 0.0262 item_loss 0.00431 items: used 0.15 of rows-with-items, k>0 621, thrown 819/1201
rnd 209900 steps 26.87M t 100.3m eps 0.010 pairs_len 82 wins A/B/draw 135/163/2 loss 0.0256 item_loss 0.00448 items: used 0.16 of rows-with-items, k>0 625, thrown 793/1238
rnd 210000 steps 26.88M t 100.3m eps 0.010 pairs_len 85 wins A/B/draw 145/151/4 loss 0.0257 item_loss 0.00430 items: used 0.16 of rows-with-items, k>0 681, thrown 917/1303
rnd 210100 steps 26.89M t 100.4m eps 0.010 pairs_len 84 wins A/B/draw 149/147/4 loss 0.0258 item_loss 0.00421 items: used 0.16 of rows-with-items, k>0 579, thrown 879/1260
rnd 210200 steps 26.91M t 100.4m eps 0.010 pairs_len 83 wins A/B/draw 153/142/5 loss 0.0258 item_loss 0.00431 items: used 0.15 of rows-with-items, k>0 563, thrown 803/1154
rnd 210300 steps 26.92M t 100.4m eps 0.010 pairs_len 79 wins A/B/draw 150/145/5 loss 0.0274 item_loss 0.00452 items: used 0.16 of rows-with-items, k>0 634, thrown 850/1225
rnd 210400 steps 26.93M t 100.5m eps 0.010 pairs_len 79 wins A/B/draw 151/144/5 loss 0.0274 item_loss 0.00443 items: used 0.17 of rows-with-items, k>0 666, thrown 901/1283
rnd 210500 steps 26.94M t 100.5m eps 0.010 pairs_len 80 wins A/B/draw 149/146/5 loss 0.0279 item_loss 0.00498 items: used 0.16 of rows-with-items, k>0 622, thrown 843/1210
rnd 210600 steps 26.96M t 100.5m eps 0.010 pairs_len 79 wins A/B/draw 149/148/3 loss 0.0277 item_loss 0.00493 items: used 0.16 of rows-with-items, k>0 641, thrown 846/1236
rnd 210700 steps 26.97M t 100.6m eps 0.010 pairs_len 79 wins A/B/draw 146/152/2 loss 0.0275 item_loss 0.00497 items: used 0.16 of rows-with-items, k>0 647, thrown 883/1310
rnd 210800 steps 26.98M t 100.6m eps 0.010 pairs_len 78 wins A/B/draw 134/163/3 loss 0.0273 item_loss 0.00532 items: used 0.17 of rows-with-items, k>0 731, thrown 840/1241
rnd 210900 steps 27.00M t 100.6m eps 0.010 pairs_len 79 wins A/B/draw 137/160/3 loss 0.0269 item_loss 0.00544 items: used 0.15 of rows-with-items, k>0 615, thrown 794/1155
rnd 211000 steps 27.01M t 100.7m eps 0.010 pairs_len 77 wins A/B/draw 144/153/3 loss 0.0263 item_loss 0.00546 items: used 0.15 of rows-with-items, k>0 594, thrown 778/1148
rnd 211100 steps 27.02M t 100.7m eps 0.010 pairs_len 78 wins A/B/draw 143/154/3 loss 0.0266 item_loss 0.00535 items: used 0.16 of rows-with-items, k>0 648, thrown 857/1298
rnd 211200 steps 27.03M t 100.7m eps 0.010 pairs_len 78 wins A/B/draw 155/141/4 loss 0.0262 item_loss 0.00531 items: used 0.16 of rows-with-items, k>0 590, thrown 802/1217
rnd 211300 steps 27.05M t 100.7m eps 0.010 pairs_len 83 wins A/B/draw 160/136/4 loss 0.0258 item_loss 0.00509 items: used 0.16 of rows-with-items, k>0 644, thrown 859/1245
rnd 211400 steps 27.06M t 100.8m eps 0.010 pairs_len 82 wins A/B/draw 169/128/3 loss 0.0257 item_loss 0.00489 items: used 0.15 of rows-with-items, k>0 616, thrown 807/1210
rnd 211500 steps 27.07M t 100.8m eps 0.010 pairs_len 81 wins A/B/draw 164/134/2 loss 0.0259 item_loss 0.00497 items: used 0.15 of rows-with-items, k>0 547, thrown 795/1143
rnd 211600 steps 27.08M t 100.9m eps 0.010 pairs_len 78 wins A/B/draw 162/135/3 loss 0.0255 item_loss 0.00481 items: used 0.15 of rows-with-items, k>0 636, thrown 838/1228
rnd 211700 steps 27.10M t 100.9m eps 0.010 pairs_len 78 wins A/B/draw 145/150/5 loss 0.0252 item_loss 0.00465 items: used 0.15 of rows-with-items, k>0 601, thrown 773/1151
rnd 211800 steps 27.11M t 100.9m eps 0.010 pairs_len 78 wins A/B/draw 135/159/6 loss 0.0252 item_loss 0.00447 items: used 0.14 of rows-with-items, k>0 601, thrown 762/1097
rnd 211900 steps 27.12M t 101.0m eps 0.010 pairs_len 78 wins A/B/draw 135/160/5 loss 0.0257 item_loss 0.00428 items: used 0.16 of rows-with-items, k>0 626, thrown 856/1260
rnd 212000 steps 27.14M t 101.0m eps 0.010 pairs_len 76 wins A/B/draw 145/150/5 loss 0.0255 item_loss 0.00436 items: used 0.16 of rows-with-items, k>0 506, thrown 824/1169
rnd 212100 steps 27.15M t 101.0m eps 0.010 pairs_len 75 wins A/B/draw 150/143/7 loss 0.0252 item_loss 0.00450 items: used 0.16 of rows-with-items, k>0 521, thrown 785/1147
rnd 212200 steps 27.16M t 101.0m eps 0.010 pairs_len 77 wins A/B/draw 150/143/7 loss 0.0253 item_loss 0.00425 items: used 0.15 of rows-with-items, k>0 624, thrown 817/1194
rnd 212300 steps 27.17M t 101.1m eps 0.010 pairs_len 77 wins A/B/draw 160/134/6 loss 0.0253 item_loss 0.00422 items: used 0.16 of rows-with-items, k>0 642, thrown 853/1246
rnd 212400 steps 27.19M t 101.1m eps 0.010 pairs_len 80 wins A/B/draw 159/136/5 loss 0.0253 item_loss 0.00454 items: used 0.15 of rows-with-items, k>0 645, thrown 825/1251
rnd 212500 steps 27.20M t 101.1m eps 0.010 pairs_len 80 wins A/B/draw 152/142/6 loss 0.0248 item_loss 0.00485 items: used 0.15 of rows-with-items, k>0 604, thrown 790/1188
rnd 212600 steps 27.21M t 101.2m eps 0.010 pairs_len 80 wins A/B/draw 149/145/6 loss 0.0248 item_loss 0.00489 items: used 0.16 of rows-with-items, k>0 636, thrown 835/1220
rnd 212700 steps 27.23M t 101.2m eps 0.010 pairs_len 80 wins A/B/draw 155/139/6 loss 0.0249 item_loss 0.00462 items: used 0.15 of rows-with-items, k>0 653, thrown 844/1228
rnd 212800 steps 27.24M t 101.2m eps 0.010 pairs_len 82 wins A/B/draw 153/143/4 loss 0.0247 item_loss 0.00466 items: used 0.15 of rows-with-items, k>0 643, thrown 843/1248
rnd 212900 steps 27.25M t 101.3m eps 0.010 pairs_len 83 wins A/B/draw 160/136/4 loss 0.0244 item_loss 0.00504 items: used 0.17 of rows-with-items, k>0 719, thrown 886/1348
rnd 213000 steps 27.26M t 101.3m eps 0.010 pairs_len 84 wins A/B/draw 158/138/4 loss 0.0252 item_loss 0.00492 items: used 0.16 of rows-with-items, k>0 598, thrown 839/1242
rnd 213100 steps 27.28M t 101.3m eps 0.010 pairs_len 86 wins A/B/draw 159/139/2 loss 0.0260 item_loss 0.00465 items: used 0.16 of rows-with-items, k>0 612, thrown 812/1213
rnd 213200 steps 27.29M t 101.3m eps 0.010 pairs_len 88 wins A/B/draw 153/145/2 loss 0.0262 item_loss 0.00464 items: used 0.16 of rows-with-items, k>0 656, thrown 857/1266
rnd 213300 steps 27.30M t 101.5m eps 0.010 pairs_len 87 wins A/B/draw 142/156/2 loss 0.0266 item_loss 0.00520 items: used 0.16 of rows-with-items, k>0 631, thrown 827/1246
rnd 213400 steps 27.32M t 101.6m eps 0.010 pairs_len 85 wins A/B/draw 141/156/3 loss 0.0266 item_loss 0.00505 items: used 0.16 of rows-with-items, k>0 651, thrown 810/1195
rnd 213500 steps 27.33M t 101.8m eps 0.010 pairs_len 83 wins A/B/draw 145/153/2 loss 0.0271 item_loss 0.00494 items: used 0.17 of rows-with-items, k>0 646, thrown 863/1310
rnd 213600 steps 27.34M t 101.8m eps 0.010 pairs_len 83 wins A/B/draw 158/140/2 loss 0.0268 item_loss 0.00480 items: used 0.15 of rows-with-items, k>0 604, thrown 817/1189
rnd 213700 steps 27.35M t 101.8m eps 0.010 pairs_len 82 wins A/B/draw 158/138/4 loss 0.0267 item_loss 0.00537 items: used 0.16 of rows-with-items, k>0 543, thrown 798/1184
rnd 213800 steps 27.37M t 101.9m eps 0.010 pairs_len 81 wins A/B/draw 162/133/5 loss 0.0262 item_loss 0.00511 items: used 0.15 of rows-with-items, k>0 651, thrown 781/1183
rnd 213900 steps 27.38M t 102.0m eps 0.010 pairs_len 78 wins A/B/draw 149/147/4 loss 0.0270 item_loss 0.00532 items: used 0.17 of rows-with-items, k>0 724, thrown 908/1330
rnd 214000 steps 27.39M t 102.0m eps 0.010 pairs_len 78 wins A/B/draw 141/157/2 loss 0.0269 item_loss 0.00526 items: used 0.17 of rows-with-items, k>0 606, thrown 870/1242
rnd 214100 steps 27.40M t 102.1m eps 0.010 pairs_len 77 wins A/B/draw 143/155/2 loss 0.0268 item_loss 0.00530 items: used 0.16 of rows-with-items, k>0 639, thrown 811/1214
rnd 214200 steps 27.42M t 102.1m eps 0.010 pairs_len 80 wins A/B/draw 146/152/2 loss 0.0270 item_loss 0.00525 items: used 0.14 of rows-with-items, k>0 616, thrown 790/1168
rnd 214300 steps 27.43M t 102.1m eps 0.010 pairs_len 79 wins A/B/draw 142/157/1 loss 0.0267 item_loss 0.00511 items: used 0.18 of rows-with-items, k>0 582, thrown 874/1300
rnd 214400 steps 27.44M t 102.2m eps 0.010 pairs_len 81 wins A/B/draw 146/152/2 loss 0.0265 item_loss 0.00484 items: used 0.17 of rows-with-items, k>0 625, thrown 797/1249
rnd 214500 steps 27.46M t 102.2m eps 0.010 pairs_len 80 wins A/B/draw 136/162/2 loss 0.0270 item_loss 0.00526 items: used 0.17 of rows-with-items, k>0 603, thrown 864/1290
rnd 214600 steps 27.47M t 102.2m eps 0.010 pairs_len 82 wins A/B/draw 145/152/3 loss 0.0270 item_loss 0.00512 items: used 0.16 of rows-with-items, k>0 602, thrown 829/1208
rnd 214700 steps 27.48M t 102.3m eps 0.010 pairs_len 83 wins A/B/draw 145/154/1 loss 0.0276 item_loss 0.00491 items: used 0.16 of rows-with-items, k>0 586, thrown 820/1226
rnd 214800 steps 27.49M t 102.3m eps 0.010 pairs_len 84 wins A/B/draw 157/139/4 loss 0.0274 item_loss 0.00488 items: used 0.17 of rows-with-items, k>0 692, thrown 890/1281
rnd 214900 steps 27.51M t 102.3m eps 0.010 pairs_len 82 wins A/B/draw 167/130/3 loss 0.0269 item_loss 0.00473 items: used 0.17 of rows-with-items, k>0 644, thrown 864/1287
rnd 215000 steps 27.52M t 102.4m eps 0.010 pairs_len 83 wins A/B/draw 157/138/5 loss 0.0271 item_loss 0.00465 items: used 0.15 of rows-with-items, k>0 589, thrown 795/1196
rnd 215100 steps 27.53M t 102.4m eps 0.010 pairs_len 81 wins A/B/draw 160/137/3 loss 0.0272 item_loss 0.00480 items: used 0.17 of rows-with-items, k>0 590, thrown 785/1213
rnd 215200 steps 27.55M t 102.4m eps 0.010 pairs_len 80 wins A/B/draw 148/148/4 loss 0.0278 item_loss 0.00467 items: used 0.15 of rows-with-items, k>0 589, thrown 815/1175
rnd 215300 steps 27.56M t 102.4m eps 0.010 pairs_len 80 wins A/B/draw 152/145/3 loss 0.0280 item_loss 0.00478 items: used 0.16 of rows-with-items, k>0 622, thrown 820/1222
rnd 215400 steps 27.57M t 102.5m eps 0.010 pairs_len 80 wins A/B/draw 147/151/2 loss 0.0280 item_loss 0.00457 items: used 0.16 of rows-with-items, k>0 557, thrown 822/1214
rnd 215500 steps 27.58M t 102.5m eps 0.010 pairs_len 79 wins A/B/draw 150/148/2 loss 0.0284 item_loss 0.00484 items: used 0.15 of rows-with-items, k>0 557, thrown 814/1171
rnd 215600 steps 27.60M t 102.5m eps 0.010 pairs_len 77 wins A/B/draw 155/143/2 loss 0.0278 item_loss 0.00491 items: used 0.16 of rows-with-items, k>0 613, thrown 828/1230
rnd 215700 steps 27.61M t 102.6m eps 0.010 pairs_len 79 wins A/B/draw 147/150/3 loss 0.0283 item_loss 0.00531 items: used 0.16 of rows-with-items, k>0 631, thrown 803/1216
rnd 215800 steps 27.62M t 102.6m eps 0.010 pairs_len 80 wins A/B/draw 146/152/2 loss 0.0288 item_loss 0.00501 items: used 0.17 of rows-with-items, k>0 564, thrown 848/1253
rnd 215900 steps 27.64M t 102.6m eps 0.010 pairs_len 79 wins A/B/draw 136/161/3 loss 0.0293 item_loss 0.00479 items: used 0.16 of rows-with-items, k>0 637, thrown 844/1232
rnd 216000 steps 27.65M t 102.7m eps 0.010 pairs_len 80 wins A/B/draw 139/157/4 loss 0.0292 item_loss 0.00514 items: used 0.18 of rows-with-items, k>0 615, thrown 882/1320
rnd 216100 steps 27.66M t 102.7m eps 0.010 pairs_len 81 wins A/B/draw 138/158/4 loss 0.0294 item_loss 0.00491 items: used 0.16 of rows-with-items, k>0 545, thrown 832/1227
rnd 216200 steps 27.67M t 102.8m eps 0.010 pairs_len 84 wins A/B/draw 150/147/3 loss 0.0294 item_loss 0.00487 items: used 0.17 of rows-with-items, k>0 602, thrown 851/1268
rnd 216300 steps 27.69M t 102.8m eps 0.010 pairs_len 84 wins A/B/draw 148/148/4 loss 0.0291 item_loss 0.00478 items: used 0.17 of rows-with-items, k>0 567, thrown 849/1226
rnd 216400 steps 27.70M t 102.9m eps 0.010 pairs_len 83 wins A/B/draw 145/152/3 loss 0.0286 item_loss 0.00511 items: used 0.16 of rows-with-items, k>0 590, thrown 818/1238
rnd 216500 steps 27.71M t 102.9m eps 0.010 pairs_len 84 wins A/B/draw 142/156/2 loss 0.0284 item_loss 0.00527 items: used 0.17 of rows-with-items, k>0 633, thrown 921/1322
rnd 216600 steps 27.72M t 102.9m eps 0.010 pairs_len 85 wins A/B/draw 144/156/0 loss 0.0287 item_loss 0.00513 items: used 0.16 of rows-with-items, k>0 596, thrown 885/1295
rnd 216700 steps 27.74M t 102.9m eps 0.010 pairs_len 86 wins A/B/draw 150/149/1 loss 0.0291 item_loss 0.00490 items: used 0.16 of rows-with-items, k>0 640, thrown 845/1239
rnd 216800 steps 27.75M t 103.0m eps 0.010 pairs_len 86 wins A/B/draw 149/150/1 loss 0.0292 item_loss 0.00482 items: used 0.16 of rows-with-items, k>0 626, thrown 848/1269
rnd 216900 steps 27.76M t 103.0m eps 0.010 pairs_len 86 wins A/B/draw 144/155/1 loss 0.0287 item_loss 0.00473 items: used 0.16 of rows-with-items, k>0 569, thrown 864/1239
rnd 217000 steps 27.78M t 103.0m eps 0.010 pairs_len 84 wins A/B/draw 140/158/2 loss 0.0289 item_loss 0.00459 items: used 0.16 of rows-with-items, k>0 621, thrown 835/1228
rnd 217100 steps 27.79M t 103.2m eps 0.010 pairs_len 86 wins A/B/draw 135/162/3 loss 0.0291 item_loss 0.00493 items: used 0.17 of rows-with-items, k>0 651, thrown 893/1320
rnd 217200 steps 27.80M t 103.3m eps 0.010 pairs_len 89 wins A/B/draw 139/157/4 loss 0.0286 item_loss 0.00486 items: used 0.16 of rows-with-items, k>0 643, thrown 869/1290
rnd 217300 steps 27.81M t 103.5m eps 0.010 pairs_len 88 wins A/B/draw 144/150/6 loss 0.0286 item_loss 0.00464 items: used 0.17 of rows-with-items, k>0 610, thrown 871/1299
rnd 217400 steps 27.83M t 103.5m eps 0.010 pairs_len 88 wins A/B/draw 157/137/6 loss 0.0287 item_loss 0.00467 items: used 0.16 of rows-with-items, k>0 623, thrown 837/1263
rnd 217500 steps 27.84M t 103.5m eps 0.010 pairs_len 88 wins A/B/draw 159/136/5 loss 0.0283 item_loss 0.00509 items: used 0.17 of rows-with-items, k>0 607, thrown 899/1305
rnd 217600 steps 27.85M t 103.6m eps 0.010 pairs_len 89 wins A/B/draw 160/137/3 loss 0.0286 item_loss 0.00511 items: used 0.16 of rows-with-items, k>0 645, thrown 821/1244
rnd 217700 steps 27.87M t 103.6m eps 0.010 pairs_len 89 wins A/B/draw 153/146/1 loss 0.0286 item_loss 0.00523 items: used 0.17 of rows-with-items, k>0 614, thrown 828/1233
rnd 217800 steps 27.88M t 103.7m eps 0.010 pairs_len 86 wins A/B/draw 151/148/1 loss 0.0288 item_loss 0.00530 items: used 0.16 of rows-with-items, k>0 585, thrown 812/1257
rnd 217900 steps 27.89M t 103.7m eps 0.010 pairs_len 84 wins A/B/draw 144/156/0 loss 0.0288 item_loss 0.00547 items: used 0.16 of rows-with-items, k>0 660, thrown 873/1227
rnd 218000 steps 27.90M t 103.8m eps 0.010 pairs_len 83 wins A/B/draw 152/147/1 loss 0.0285 item_loss 0.00566 items: used 0.14 of rows-with-items, k>0 657, thrown 831/1198
rnd 218100 steps 27.92M t 103.8m eps 0.010 pairs_len 84 wins A/B/draw 150/149/1 loss 0.0283 item_loss 0.00562 items: used 0.16 of rows-with-items, k>0 663, thrown 867/1298
rnd 218200 steps 27.93M t 103.9m eps 0.010 pairs_len 86 wins A/B/draw 144/154/2 loss 0.0281 item_loss 0.00530 items: used 0.17 of rows-with-items, k>0 638, thrown 881/1319
rnd 218300 steps 27.94M t 103.9m eps 0.010 pairs_len 88 wins A/B/draw 141/158/1 loss 0.0283 item_loss 0.00519 items: used 0.17 of rows-with-items, k>0 640, thrown 906/1346
rnd 218400 steps 27.96M t 104.0m eps 0.010 pairs_len 91 wins A/B/draw 147/152/1 loss 0.0282 item_loss 0.00517 items: used 0.17 of rows-with-items, k>0 721, thrown 882/1310
rnd 218500 steps 27.97M t 104.0m eps 0.010 pairs_len 93 wins A/B/draw 149/151/0 loss 0.0277 item_loss 0.00505 items: used 0.16 of rows-with-items, k>0 655, thrown 864/1228
rnd 218600 steps 27.98M t 104.1m eps 0.010 pairs_len 91 wins A/B/draw 151/147/2 loss 0.0273 item_loss 0.00500 items: used 0.18 of rows-with-items, k>0 648, thrown 876/1365
rnd 218700 steps 27.99M t 104.1m eps 0.010 pairs_len 91 wins A/B/draw 150/148/2 loss 0.0276 item_loss 0.00496 items: used 0.16 of rows-with-items, k>0 640, thrown 897/1293
rnd 218800 steps 28.01M t 104.1m eps 0.010 pairs_len 88 wins A/B/draw 155/143/2 loss 0.0274 item_loss 0.00501 items: used 0.14 of rows-with-items, k>0 594, thrown 834/1207
rnd 218900 steps 28.02M t 104.2m eps 0.010 pairs_len 86 wins A/B/draw 150/149/1 loss 0.0273 item_loss 0.00499 items: used 0.16 of rows-with-items, k>0 645, thrown 858/1255
rnd 219000 steps 28.03M t 104.2m eps 0.010 pairs_len 86 wins A/B/draw 149/150/1 loss 0.0275 item_loss 0.00494 items: used 0.16 of rows-with-items, k>0 722, thrown 891/1279
rnd 219100 steps 28.04M t 104.2m eps 0.010 pairs_len 86 wins A/B/draw 149/150/1 loss 0.0272 item_loss 0.00518 items: used 0.15 of rows-with-items, k>0 599, thrown 821/1190
rnd 219200 steps 28.06M t 104.3m eps 0.010 pairs_len 86 wins A/B/draw 154/144/2 loss 0.0267 item_loss 0.00533 items: used 0.16 of rows-with-items, k>0 547, thrown 815/1213
rnd 219300 steps 28.07M t 104.3m eps 0.010 pairs_len 84 wins A/B/draw 146/150/4 loss 0.0268 item_loss 0.00508 items: used 0.16 of rows-with-items, k>0 605, thrown 869/1292
rnd 219400 steps 28.08M t 104.3m eps 0.010 pairs_len 83 wins A/B/draw 141/155/4 loss 0.0275 item_loss 0.00527 items: used 0.17 of rows-with-items, k>0 596, thrown 836/1303
rnd 219500 steps 28.10M t 104.3m eps 0.010 pairs_len 85 wins A/B/draw 135/161/4 loss 0.0276 item_loss 0.00536 items: used 0.15 of rows-with-items, k>0 672, thrown 831/1243
rnd 219600 steps 28.11M t 104.4m eps 0.010 pairs_len 87 wins A/B/draw 146/151/3 loss 0.0276 item_loss 0.00553 items: used 0.17 of rows-with-items, k>0 688, thrown 902/1340
rnd 219700 steps 28.12M t 104.4m eps 0.010 pairs_len 88 wins A/B/draw 145/152/3 loss 0.0287 item_loss 0.00521 items: used 0.15 of rows-with-items, k>0 670, thrown 854/1243
rnd 219800 steps 28.13M t 104.4m eps 0.010 pairs_len 88 wins A/B/draw 146/152/2 loss 0.0290 item_loss 0.00507 items: used 0.16 of rows-with-items, k>0 613, thrown 852/1292
rnd 219900 steps 28.15M t 104.5m eps 0.010 pairs_len 88 wins A/B/draw 141/156/3 loss 0.0295 item_loss 0.00577 items: used 0.14 of rows-with-items, k>0 587, thrown 761/1140
rnd 220000 steps 28.16M t 104.5m eps 0.010 pairs_len 87 wins A/B/draw 143/154/3 loss 0.0291 item_loss 0.00584 items: used 0.17 of rows-with-items, k>0 715, thrown 869/1323
rnd 220100 steps 28.17M t 104.5m eps 0.010 pairs_len 88 wins A/B/draw 147/149/4 loss 0.0298 item_loss 0.00567 items: used 0.16 of rows-with-items, k>0 672, thrown 846/1285
rnd 220200 steps 28.19M t 104.6m eps 0.010 pairs_len 89 wins A/B/draw 151/148/1 loss 0.0301 item_loss 0.00577 items: used 0.16 of rows-with-items, k>0 646, thrown 873/1304
rnd 220300 steps 28.20M t 104.6m eps 0.010 pairs_len 90 wins A/B/draw 151/147/2 loss 0.0296 item_loss 0.00558 items: used 0.16 of rows-with-items, k>0 753, thrown 951/1355
rnd 220400 steps 28.21M t 104.6m eps 0.010 pairs_len 93 wins A/B/draw 156/142/2 loss 0.0298 item_loss 0.00562 items: used 0.16 of rows-with-items, k>0 682, thrown 853/1273
rnd 220500 steps 28.22M t 104.7m eps 0.010 pairs_len 91 wins A/B/draw 155/142/3 loss 0.0303 item_loss 0.00534 items: used 0.16 of rows-with-items, k>0 688, thrown 873/1241
rnd 220600 steps 28.24M t 104.7m eps 0.010 pairs_len 92 wins A/B/draw 151/144/5 loss 0.0302 item_loss 0.00516 items: used 0.16 of rows-with-items, k>0 718, thrown 914/1317
rnd 220700 steps 28.25M t 104.7m eps 0.010 pairs_len 87 wins A/B/draw 157/140/3 loss 0.0304 item_loss 0.00527 items: used 0.15 of rows-with-items, k>0 618, thrown 817/1209
rnd 220800 steps 28.26M t 104.8m eps 0.010 pairs_len 85 wins A/B/draw 155/143/2 loss 0.0316 item_loss 0.00508 items: used 0.16 of rows-with-items, k>0 673, thrown 841/1257
rnd 220900 steps 28.28M t 104.8m eps 0.010 pairs_len 84 wins A/B/draw 154/145/1 loss 0.0327 item_loss 0.00491 items: used 0.16 of rows-with-items, k>0 666, thrown 822/1253
rnd 221000 steps 28.29M t 104.8m eps 0.010 pairs_len 85 wins A/B/draw 150/150/0 loss 0.0321 item_loss 0.00488 items: used 0.15 of rows-with-items, k>0 618, thrown 796/1216
rnd 221100 steps 28.30M t 104.9m eps 0.010 pairs_len 87 wins A/B/draw 153/147/0 loss 0.0319 item_loss 0.00491 items: used 0.18 of rows-with-items, k>0 678, thrown 916/1348
rnd 221200 steps 28.31M t 104.9m eps 0.010 pairs_len 88 wins A/B/draw 160/139/1 loss 0.0323 item_loss 0.00484 items: used 0.14 of rows-with-items, k>0 516, thrown 791/1117
rnd 221300 steps 28.33M t 105.0m eps 0.010 pairs_len 89 wins A/B/draw 157/142/1 loss 0.0329 item_loss 0.00495 items: used 0.16 of rows-with-items, k>0 686, thrown 875/1317
rnd 221400 steps 28.34M t 105.1m eps 0.010 pairs_len 90 wins A/B/draw 155/144/1 loss 0.0326 item_loss 0.00508 items: used 0.17 of rows-with-items, k>0 674, thrown 920/1312
rnd 221500 steps 28.35M t 105.3m eps 0.010 pairs_len 88 wins A/B/draw 151/148/1 loss 0.0328 item_loss 0.00497 items: used 0.16 of rows-with-items, k>0 662, thrown 867/1276
rnd 221600 steps 28.36M t 105.3m eps 0.010 pairs_len 88 wins A/B/draw 154/145/1 loss 0.0326 item_loss 0.00475 items: used 0.15 of rows-with-items, k>0 610, thrown 816/1188
rnd 221700 steps 28.38M t 105.4m eps 0.010 pairs_len 89 wins A/B/draw 158/141/1 loss 0.0319 item_loss 0.00472 items: used 0.15 of rows-with-items, k>0 739, thrown 884/1291
rnd 221800 steps 28.39M t 105.4m eps 0.010 pairs_len 90 wins A/B/draw 158/140/2 loss 0.0318 item_loss 0.00471 items: used 0.16 of rows-with-items, k>0 739, thrown 918/1342
rnd 221900 steps 28.40M t 105.5m eps 0.010 pairs_len 90 wins A/B/draw 155/143/2 loss 0.0312 item_loss 0.00497 items: used 0.18 of rows-with-items, k>0 672, thrown 880/1313
rnd 222000 steps 28.42M t 105.6m eps 0.010 pairs_len 90 wins A/B/draw 150/148/2 loss 0.0306 item_loss 0.00568 items: used 0.16 of rows-with-items, k>0 655, thrown 867/1244
rnd 222100 steps 28.43M t 105.6m eps 0.010 pairs_len 89 wins A/B/draw 144/153/3 loss 0.0299 item_loss 0.00542 items: used 0.15 of rows-with-items, k>0 581, thrown 853/1210
rnd 222200 steps 28.44M t 105.7m eps 0.010 pairs_len 87 wins A/B/draw 145/153/2 loss 0.0299 item_loss 0.00535 items: used 0.16 of rows-with-items, k>0 642, thrown 914/1307
rnd 222300 steps 28.45M t 105.7m eps 0.010 pairs_len 88 wins A/B/draw 149/149/2 loss 0.0293 item_loss 0.00520 items: used 0.17 of rows-with-items, k>0 763, thrown 905/1385
rnd 222400 steps 28.47M t 105.8m eps 0.010 pairs_len 88 wins A/B/draw 146/152/2 loss 0.0292 item_loss 0.00526 items: used 0.17 of rows-with-items, k>0 684, thrown 907/1353
rnd 222500 steps 28.48M t 105.8m eps 0.010 pairs_len 92 wins A/B/draw 156/143/1 loss 0.0288 item_loss 0.00535 items: used 0.17 of rows-with-items, k>0 767, thrown 953/1376
rnd 222600 steps 28.49M t 105.8m eps 0.010 pairs_len 92 wins A/B/draw 161/138/1 loss 0.0285 item_loss 0.00513 items: used 0.16 of rows-with-items, k>0 711, thrown 866/1280
rnd 222700 steps 28.51M t 105.9m eps 0.010 pairs_len 90 wins A/B/draw 164/134/2 loss 0.0280 item_loss 0.00490 items: used 0.15 of rows-with-items, k>0 717, thrown 855/1227
rnd 222800 steps 28.52M t 105.9m eps 0.010 pairs_len 86 wins A/B/draw 162/136/2 loss 0.0278 item_loss 0.00479 items: used 0.16 of rows-with-items, k>0 668, thrown 847/1239
rnd 222900 steps 28.53M t 105.9m eps 0.010 pairs_len 82 wins A/B/draw 166/132/2 loss 0.0282 item_loss 0.00515 items: used 0.17 of rows-with-items, k>0 754, thrown 938/1334
rnd 223000 steps 28.54M t 106.0m eps 0.010 pairs_len 81 wins A/B/draw 170/129/1 loss 0.0279 item_loss 0.00506 items: used 0.15 of rows-with-items, k>0 653, thrown 840/1210
rnd 223100 steps 28.56M t 106.0m eps 0.010 pairs_len 84 wins A/B/draw 170/130/0 loss 0.0277 item_loss 0.00499 items: used 0.16 of rows-with-items, k>0 759, thrown 922/1345
rnd 223200 steps 28.57M t 106.0m eps 0.010 pairs_len 87 wins A/B/draw 160/140/0 loss 0.0271 item_loss 0.00486 items: used 0.15 of rows-with-items, k>0 677, thrown 857/1233
rnd 223300 steps 28.58M t 106.1m eps 0.010 pairs_len 87 wins A/B/draw 156/144/0 loss 0.0268 item_loss 0.00504 items: used 0.16 of rows-with-items, k>0 637, thrown 850/1272
rnd 223400 steps 28.60M t 106.1m eps 0.010 pairs_len 87 wins A/B/draw 159/141/0 loss 0.0268 item_loss 0.00506 items: used 0.16 of rows-with-items, k>0 724, thrown 865/1289
rnd 223500 steps 28.61M t 106.1m eps 0.010 pairs_len 88 wins A/B/draw 158/140/2 loss 0.0260 item_loss 0.00512 items: used 0.16 of rows-with-items, k>0 669, thrown 866/1284
rnd 223600 steps 28.62M t 106.2m eps 0.010 pairs_len 89 wins A/B/draw 154/140/6 loss 0.0262 item_loss 0.00523 items: used 0.17 of rows-with-items, k>0 756, thrown 933/1357
rnd 223700 steps 28.63M t 106.2m eps 0.010 pairs_len 90 wins A/B/draw 145/148/7 loss 0.0263 item_loss 0.00505 items: used 0.15 of rows-with-items, k>0 635, thrown 809/1197
rnd 223800 steps 28.65M t 106.2m eps 0.010 pairs_len 90 wins A/B/draw 138/155/7 loss 0.0265 item_loss 0.00477 items: used 0.17 of rows-with-items, k>0 690, thrown 934/1347
rnd 223900 steps 28.66M t 106.3m eps 0.010 pairs_len 89 wins A/B/draw 143/153/4 loss 0.0264 item_loss 0.00470 items: used 0.16 of rows-with-items, k>0 651, thrown 873/1251
rnd 224000 steps 28.67M t 106.3m eps 0.010 pairs_len 90 wins A/B/draw 139/159/2 loss 0.0271 item_loss 0.00527 items: used 0.17 of rows-with-items, k>0 697, thrown 1015/1396
rnd 224100 steps 28.68M t 106.3m eps 0.010 pairs_len 91 wins A/B/draw 148/150/2 loss 0.0275 item_loss 0.00504 items: used 0.16 of rows-with-items, k>0 692, thrown 855/1266
rnd 224200 steps 28.70M t 106.4m eps 0.010 pairs_len 89 wins A/B/draw 160/138/2 loss 0.0279 item_loss 0.00610 items: used 0.18 of rows-with-items, k>0 681, thrown 972/1400
rnd 224300 steps 28.71M t 106.4m eps 0.010 pairs_len 88 wins A/B/draw 169/129/2 loss 0.0277 item_loss 0.00646 items: used 0.17 of rows-with-items, k>0 621, thrown 886/1285
rnd 224400 steps 28.72M t 106.4m eps 0.010 pairs_len 84 wins A/B/draw 178/120/2 loss 0.0274 item_loss 0.00653 items: used 0.17 of rows-with-items, k>0 604, thrown 881/1288
EVAL battle-net(A) vs solo-net + old rule(B): {'win': 0.53125, 'lose': 0.4583333333333333, 'draw': 0.010416666666666666, 'games': 96, 'mean_len': 77.6875}
rnd 224500 steps 28.74M t 106.5m eps 0.010 pairs_len 83 wins A/B/draw 167/129/4 loss 0.0277 item_loss 0.00637 items: used 0.15 of rows-with-items, k>0 646, thrown 826/1227
rnd 224600 steps 28.75M t 106.6m eps 0.010 pairs_len 85 wins A/B/draw 154/142/4 loss 0.0280 item_loss 0.00604 items: used 0.16 of rows-with-items, k>0 657, thrown 841/1258
rnd 224700 steps 28.76M t 106.6m eps 0.010 pairs_len 87 wins A/B/draw 148/147/5 loss 0.0274 item_loss 0.00581 items: used 0.17 of rows-with-items, k>0 667, thrown 907/1308
rnd 224800 steps 28.77M t 106.6m eps 0.010 pairs_len 89 wins A/B/draw 135/160/5 loss 0.0273 item_loss 0.00581 items: used 0.16 of rows-with-items, k>0 652, thrown 878/1287
rnd 224900 steps 28.79M t 106.7m eps 0.010 pairs_len 90 wins A/B/draw 136/158/6 loss 0.0271 item_loss 0.00596 items: used 0.17 of rows-with-items, k>0 613, thrown 881/1321
rnd 225000 steps 28.80M t 106.7m eps 0.010 pairs_len 88 wins A/B/draw 144/153/3 loss 0.0271 item_loss 0.00571 items: used 0.16 of rows-with-items, k>0 617, thrown 842/1213
rnd 225100 steps 28.81M t 106.7m eps 0.010 pairs_len 85 wins A/B/draw 147/150/3 loss 0.0271 item_loss 0.00567 items: used 0.16 of rows-with-items, k>0 530, thrown 839/1238
rnd 225200 steps 28.83M t 106.8m eps 0.010 pairs_len 83 wins A/B/draw 154/143/3 loss 0.0275 item_loss 0.00582 items: used 0.17 of rows-with-items, k>0 619, thrown 847/1251
rnd 225300 steps 28.84M t 107.0m eps 0.010 pairs_len 82 wins A/B/draw 160/136/4 loss 0.0276 item_loss 0.00551 items: used 0.17 of rows-with-items, k>0 635, thrown 875/1271
rnd 225400 steps 28.85M t 107.1m eps 0.010 pairs_len 84 wins A/B/draw 167/131/2 loss 0.0277 item_loss 0.00551 items: used 0.16 of rows-with-items, k>0 596, thrown 828/1269
rnd 225500 steps 28.86M t 107.2m eps 0.010 pairs_len 81 wins A/B/draw 159/140/1 loss 0.0274 item_loss 0.00534 items: used 0.16 of rows-with-items, k>0 629, thrown 831/1258
rnd 225600 steps 28.88M t 107.2m eps 0.010 pairs_len 82 wins A/B/draw 147/152/1 loss 0.0273 item_loss 0.00513 items: used 0.17 of rows-with-items, k>0 654, thrown 897/1273
rnd 225700 steps 28.89M t 107.3m eps 0.010 pairs_len 79 wins A/B/draw 147/150/3 loss 0.0269 item_loss 0.00510 items: used 0.17 of rows-with-items, k>0 536, thrown 827/1192
rnd 225800 steps 28.90M t 107.3m eps 0.010 pairs_len 78 wins A/B/draw 146/151/3 loss 0.0270 item_loss 0.00530 items: used 0.17 of rows-with-items, k>0 626, thrown 889/1295
rnd 225900 steps 28.92M t 107.4m eps 0.010 pairs_len 77 wins A/B/draw 154/144/2 loss 0.0271 item_loss 0.00518 items: used 0.16 of rows-with-items, k>0 543, thrown 888/1297
rnd 226000 steps 28.93M t 107.4m eps 0.010 pairs_len 80 wins A/B/draw 156/144/0 loss 0.0269 item_loss 0.00494 items: used 0.16 of rows-with-items, k>0 577, thrown 869/1266
rnd 226100 steps 28.94M t 107.5m eps 0.010 pairs_len 85 wins A/B/draw 149/149/2 loss 0.0266 item_loss 0.00477 items: used 0.16 of rows-with-items, k>0 564, thrown 802/1248
rnd 226200 steps 28.95M t 107.5m eps 0.010 pairs_len 89 wins A/B/draw 155/143/2 loss 0.0259 item_loss 0.00456 items: used 0.16 of rows-with-items, k>0 601, thrown 884/1273
rnd 226300 steps 28.97M t 107.5m eps 0.010 pairs_len 89 wins A/B/draw 147/150/3 loss 0.0257 item_loss 0.00471 items: used 0.16 of rows-with-items, k>0 617, thrown 826/1314
rnd 226400 steps 28.98M t 107.6m eps 0.010 pairs_len 87 wins A/B/draw 153/144/3 loss 0.0252 item_loss 0.00465 items: used 0.15 of rows-with-items, k>0 590, thrown 787/1191
rnd 226500 steps 28.99M t 107.6m eps 0.010 pairs_len 85 wins A/B/draw 142/156/2 loss 0.0253 item_loss 0.00454 items: used 0.16 of rows-with-items, k>0 659, thrown 860/1264
rnd 226600 steps 29.00M t 107.6m eps 0.010 pairs_len 85 wins A/B/draw 145/154/1 loss 0.0254 item_loss 0.00441 items: used 0.15 of rows-with-items, k>0 651, thrown 868/1227
rnd 226700 steps 29.02M t 107.7m eps 0.010 pairs_len 83 wins A/B/draw 142/156/2 loss 0.0255 item_loss 0.00433 items: used 0.17 of rows-with-items, k>0 575, thrown 825/1241
rnd 226800 steps 29.03M t 107.7m eps 0.010 pairs_len 82 wins A/B/draw 155/143/2 loss 0.0260 item_loss 0.00480 items: used 0.16 of rows-with-items, k>0 643, thrown 867/1236
rnd 226900 steps 29.04M t 107.7m eps 0.010 pairs_len 82 wins A/B/draw 149/149/2 loss 0.0258 item_loss 0.00493 items: used 0.17 of rows-with-items, k>0 605, thrown 877/1304
rnd 227000 steps 29.06M t 107.8m eps 0.010 pairs_len 82 wins A/B/draw 152/147/1 loss 0.0262 item_loss 0.00478 items: used 0.16 of rows-with-items, k>0 662, thrown 842/1234
rnd 227100 steps 29.07M t 107.8m eps 0.010 pairs_len 86 wins A/B/draw 157/140/3 loss 0.0256 item_loss 0.00502 items: used 0.14 of rows-with-items, k>0 629, thrown 788/1190
rnd 227200 steps 29.08M t 107.8m eps 0.010 pairs_len 91 wins A/B/draw 155/140/5 loss 0.0256 item_loss 0.00489 items: used 0.16 of rows-with-items, k>0 778, thrown 859/1333
rnd 227300 steps 29.09M t 107.9m eps 0.010 pairs_len 94 wins A/B/draw 159/134/7 loss 0.0258 item_loss 0.00479 items: used 0.17 of rows-with-items, k>0 723, thrown 884/1331
rnd 227400 steps 29.11M t 107.9m eps 0.010 pairs_len 95 wins A/B/draw 148/145/7 loss 0.0262 item_loss 0.00493 items: used 0.16 of rows-with-items, k>0 772, thrown 846/1313
rnd 227500 steps 29.12M t 107.9m eps 0.010 pairs_len 94 wins A/B/draw 153/141/6 loss 0.0262 item_loss 0.00477 items: used 0.16 of rows-with-items, k>0 694, thrown 883/1279
rnd 227600 steps 29.13M t 108.0m eps 0.010 pairs_len 93 wins A/B/draw 145/151/4 loss 0.0266 item_loss 0.00568 items: used 0.17 of rows-with-items, k>0 691, thrown 878/1343
rnd 227700 steps 29.15M t 108.0m eps 0.010 pairs_len 91 wins A/B/draw 145/153/2 loss 0.0265 item_loss 0.00557 items: used 0.17 of rows-with-items, k>0 682, thrown 894/1314
rnd 227800 steps 29.16M t 108.0m eps 0.010 pairs_len 89 wins A/B/draw 155/143/2 loss 0.0264 item_loss 0.00543 items: used 0.18 of rows-with-items, k>0 692, thrown 851/1340
rnd 227900 steps 29.17M t 108.1m eps 0.010 pairs_len 88 wins A/B/draw 161/136/3 loss 0.0261 item_loss 0.00533 items: used 0.17 of rows-with-items, k>0 625, thrown 812/1217
rnd 228000 steps 29.18M t 108.1m eps 0.010 pairs_len 85 wins A/B/draw 152/143/5 loss 0.0258 item_loss 0.00533 items: used 0.16 of rows-with-items, k>0 648, thrown 854/1237
rnd 228100 steps 29.20M t 108.2m eps 0.010 pairs_len 86 wins A/B/draw 144/151/5 loss 0.0257 item_loss 0.00534 items: used 0.16 of rows-with-items, k>0 703, thrown 842/1283
rnd 228200 steps 29.21M t 108.2m eps 0.010 pairs_len 87 wins A/B/draw 141/155/4 loss 0.0253 item_loss 0.00543 items: used 0.15 of rows-with-items, k>0 668, thrown 811/1235
rnd 228300 steps 29.22M t 108.3m eps 0.010 pairs_len 91 wins A/B/draw 140/159/1 loss 0.0253 item_loss 0.00544 items: used 0.16 of rows-with-items, k>0 598, thrown 768/1187
rnd 228400 steps 29.24M t 108.3m eps 0.010 pairs_len 90 wins A/B/draw 152/147/1 loss 0.0251 item_loss 0.00535 items: used 0.16 of rows-with-items, k>0 659, thrown 889/1280
rnd 228500 steps 29.25M t 108.3m eps 0.010 pairs_len 88 wins A/B/draw 152/147/1 loss 0.0249 item_loss 0.00508 items: used 0.17 of rows-with-items, k>0 664, thrown 845/1311
rnd 228600 steps 29.26M t 108.3m eps 0.010 pairs_len 85 wins A/B/draw 163/135/2 loss 0.0252 item_loss 0.00512 items: used 0.16 of rows-with-items, k>0 676, thrown 801/1222
rnd 228700 steps 29.27M t 108.4m eps 0.010 pairs_len 86 wins A/B/draw 146/152/2 loss 0.0250 item_loss 0.00505 items: used 0.17 of rows-with-items, k>0 617, thrown 855/1309
rnd 228800 steps 29.29M t 108.4m eps 0.010 pairs_len 87 wins A/B/draw 139/158/3 loss 0.0248 item_loss 0.00499 items: used 0.17 of rows-with-items, k>0 669, thrown 880/1341
rnd 228900 steps 29.30M t 108.6m eps 0.010 pairs_len 89 wins A/B/draw 133/164/3 loss 0.0251 item_loss 0.00496 items: used 0.17 of rows-with-items, k>0 640, thrown 867/1301
rnd 229000 steps 29.31M t 108.8m eps 0.010 pairs_len 89 wins A/B/draw 129/165/6 loss 0.0248 item_loss 0.00491 items: used 0.17 of rows-with-items, k>0 653, thrown 838/1243
rnd 229100 steps 29.32M t 108.8m eps 0.010 pairs_len 86 wins A/B/draw 137/157/6 loss 0.0244 item_loss 0.00472 items: used 0.18 of rows-with-items, k>0 672, thrown 889/1365
rnd 229200 steps 29.34M t 108.9m eps 0.010 pairs_len 85 wins A/B/draw 146/148/6 loss 0.0245 item_loss 0.00485 items: used 0.17 of rows-with-items, k>0 641, thrown 855/1280
rnd 229300 steps 29.35M t 108.9m eps 0.010 pairs_len 84 wins A/B/draw 140/156/4 loss 0.0244 item_loss 0.00467 items: used 0.17 of rows-with-items, k>0 643, thrown 863/1252
rnd 229400 steps 29.36M t 109.0m eps 0.010 pairs_len 85 wins A/B/draw 143/155/2 loss 0.0241 item_loss 0.00496 items: used 0.18 of rows-with-items, k>0 703, thrown 919/1372
rnd 229500 steps 29.38M t 109.0m eps 0.010 pairs_len 85 wins A/B/draw 143/155/2 loss 0.0243 item_loss 0.00491 items: used 0.17 of rows-with-items, k>0 593, thrown 832/1248
rnd 229600 steps 29.39M t 109.1m eps 0.010 pairs_len 85 wins A/B/draw 153/146/1 loss 0.0251 item_loss 0.00479 items: used 0.17 of rows-with-items, k>0 676, thrown 858/1295
rnd 229700 steps 29.40M t 109.1m eps 0.010 pairs_len 85 wins A/B/draw 161/137/2 loss 0.0251 item_loss 0.00469 items: used 0.17 of rows-with-items, k>0 668, thrown 890/1331
rnd 229800 steps 29.41M t 109.2m eps 0.010 pairs_len 84 wins A/B/draw 162/135/3 loss 0.0247 item_loss 0.00547 items: used 0.17 of rows-with-items, k>0 614, thrown 839/1263
rnd 229900 steps 29.43M t 109.2m eps 0.010 pairs_len 85 wins A/B/draw 162/135/3 loss 0.0246 item_loss 0.00547 items: used 0.16 of rows-with-items, k>0 617, thrown 832/1248
rnd 230000 steps 29.44M t 109.3m eps 0.010 pairs_len 85 wins A/B/draw 148/150/2 loss 0.0240 item_loss 0.00543 items: used 0.17 of rows-with-items, k>0 636, thrown 840/1260
rnd 230100 steps 29.45M t 109.3m eps 0.010 pairs_len 85 wins A/B/draw 142/158/0 loss 0.0242 item_loss 0.00534 items: used 0.17 of rows-with-items, k>0 746, thrown 903/1351
rnd 230200 steps 29.47M t 109.4m eps 0.010 pairs_len 86 wins A/B/draw 145/155/0 loss 0.0240 item_loss 0.00557 items: used 0.15 of rows-with-items, k>0 620, thrown 812/1209
rnd 230300 steps 29.48M t 109.4m eps 0.010 pairs_len 86 wins A/B/draw 149/151/0 loss 0.0243 item_loss 0.00534 items: used 0.17 of rows-with-items, k>0 684, thrown 910/1308
rnd 230400 steps 29.49M t 109.4m eps 0.010 pairs_len 84 wins A/B/draw 153/146/1 loss 0.0243 item_loss 0.00516 items: used 0.16 of rows-with-items, k>0 648, thrown 913/1322
rnd 230500 steps 29.50M t 109.5m eps 0.010 pairs_len 82 wins A/B/draw 147/151/2 loss 0.0241 item_loss 0.00536 items: used 0.18 of rows-with-items, k>0 663, thrown 898/1317
rnd 230600 steps 29.52M t 109.5m eps 0.010 pairs_len 80 wins A/B/draw 141/156/3 loss 0.0244 item_loss 0.00518 items: used 0.19 of rows-with-items, k>0 690, thrown 924/1384
rnd 230700 steps 29.53M t 109.5m eps 0.010 pairs_len 79 wins A/B/draw 146/150/4 loss 0.0241 item_loss 0.00507 items: used 0.18 of rows-with-items, k>0 647, thrown 890/1255
rnd 230800 steps 29.54M t 109.6m eps 0.010 pairs_len 80 wins A/B/draw 145/152/3 loss 0.0239 item_loss 0.00516 items: used 0.17 of rows-with-items, k>0 624, thrown 874/1284
rnd 230900 steps 29.56M t 109.6m eps 0.010 pairs_len 80 wins A/B/draw 151/147/2 loss 0.0237 item_loss 0.00501 items: used 0.16 of rows-with-items, k>0 710, thrown 902/1313
rnd 231000 steps 29.57M t 109.6m eps 0.010 pairs_len 84 wins A/B/draw 158/140/2 loss 0.0233 item_loss 0.00478 items: used 0.16 of rows-with-items, k>0 667, thrown 823/1247
rnd 231100 steps 29.58M t 109.7m eps 0.010 pairs_len 86 wins A/B/draw 152/147/1 loss 0.0233 item_loss 0.00486 items: used 0.16 of rows-with-items, k>0 603, thrown 849/1246
rnd 231200 steps 29.59M t 109.7m eps 0.010 pairs_len 86 wins A/B/draw 162/136/2 loss 0.0232 item_loss 0.00472 items: used 0.17 of rows-with-items, k>0 640, thrown 931/1334
rnd 231300 steps 29.61M t 109.7m eps 0.010 pairs_len 85 wins A/B/draw 155/143/2 loss 0.0231 item_loss 0.00484 items: used 0.15 of rows-with-items, k>0 589, thrown 771/1149
rnd 231400 steps 29.62M t 109.8m eps 0.010 pairs_len 83 wins A/B/draw 157/142/1 loss 0.0229 item_loss 0.00469 items: used 0.17 of rows-with-items, k>0 615, thrown 840/1296
rnd 231500 steps 29.63M t 109.8m eps 0.010 pairs_len 84 wins A/B/draw 146/154/0 loss 0.0234 item_loss 0.00457 items: used 0.15 of rows-with-items, k>0 670, thrown 867/1249
rnd 231600 steps 29.64M t 109.9m eps 0.010 pairs_len 88 wins A/B/draw 148/151/1 loss 0.0234 item_loss 0.00459 items: used 0.16 of rows-with-items, k>0 679, thrown 835/1246
rnd 231700 steps 29.66M t 109.9m eps 0.010 pairs_len 92 wins A/B/draw 139/160/1 loss 0.0234 item_loss 0.00451 items: used 0.17 of rows-with-items, k>0 741, thrown 879/1344
rnd 231800 steps 29.67M t 109.9m eps 0.010 pairs_len 93 wins A/B/draw 146/153/1 loss 0.0235 item_loss 0.00431 items: used 0.15 of rows-with-items, k>0 591, thrown 815/1196
rnd 231900 steps 29.68M t 109.9m eps 0.010 pairs_len 89 wins A/B/draw 153/146/1 loss 0.0235 item_loss 0.00419 items: used 0.17 of rows-with-items, k>0 673, thrown 930/1340
rnd 232000 steps 29.70M t 110.0m eps 0.010 pairs_len 85 wins A/B/draw 162/137/1 loss 0.0239 item_loss 0.00468 items: used 0.16 of rows-with-items, k>0 646, thrown 820/1289
rnd 232100 steps 29.71M t 110.0m eps 0.010 pairs_len 85 wins A/B/draw 160/139/1 loss 0.0242 item_loss 0.00534 items: used 0.17 of rows-with-items, k>0 618, thrown 868/1279
rnd 232200 steps 29.72M t 110.0m eps 0.010 pairs_len 85 wins A/B/draw 155/143/2 loss 0.0242 item_loss 0.00516 items: used 0.17 of rows-with-items, k>0 683, thrown 864/1350
rnd 232300 steps 29.73M t 110.1m eps 0.010 pairs_len 86 wins A/B/draw 136/162/2 loss 0.0242 item_loss 0.00510 items: used 0.18 of rows-with-items, k>0 589, thrown 902/1279
rnd 232400 steps 29.75M t 110.1m eps 0.010 pairs_len 86 wins A/B/draw 136/162/2 loss 0.0239 item_loss 0.00482 items: used 0.16 of rows-with-items, k>0 661, thrown 843/1263
rnd 232500 steps 29.76M t 110.1m eps 0.010 pairs_len 87 wins A/B/draw 136/163/1 loss 0.0241 item_loss 0.00467 items: used 0.15 of rows-with-items, k>0 623, thrown 769/1238
rnd 232600 steps 29.77M t 110.2m eps 0.010 pairs_len 84 wins A/B/draw 144/154/2 loss 0.0241 item_loss 0.00461 items: used 0.15 of rows-with-items, k>0 683, thrown 836/1227
rnd 232700 steps 29.79M t 110.2m eps 0.010 pairs_len 84 wins A/B/draw 140/158/2 loss 0.0242 item_loss 0.00452 items: used 0.16 of rows-with-items, k>0 639, thrown 850/1248
rnd 232800 steps 29.80M t 110.2m eps 0.010 pairs_len 82 wins A/B/draw 151/147/2 loss 0.0244 item_loss 0.00443 items: used 0.17 of rows-with-items, k>0 631, thrown 851/1268
rnd 232900 steps 29.81M t 110.3m eps 0.010 pairs_len 83 wins A/B/draw 149/149/2 loss 0.0248 item_loss 0.00453 items: used 0.15 of rows-with-items, k>0 663, thrown 821/1230
rnd 233000 steps 29.82M t 110.3m eps 0.010 pairs_len 83 wins A/B/draw 145/152/3 loss 0.0249 item_loss 0.00432 items: used 0.18 of rows-with-items, k>0 733, thrown 920/1416
rnd 233100 steps 29.84M t 110.5m eps 0.010 pairs_len 84 wins A/B/draw 143/153/4 loss 0.0247 item_loss 0.00443 items: used 0.16 of rows-with-items, k>0 711, thrown 887/1298
rnd 233200 steps 29.85M t 110.6m eps 0.010 pairs_len 84 wins A/B/draw 144/153/3 loss 0.0250 item_loss 0.00429 items: used 0.17 of rows-with-items, k>0 690, thrown 902/1329
rnd 233300 steps 29.86M t 110.7m eps 0.010 pairs_len 85 wins A/B/draw 153/145/2 loss 0.0258 item_loss 0.00421 items: used 0.16 of rows-with-items, k>0 698, thrown 891/1309
rnd 233400 steps 29.88M t 110.8m eps 0.010 pairs_len 85 wins A/B/draw 153/147/0 loss 0.0262 item_loss 0.00417 items: used 0.18 of rows-with-items, k>0 615, thrown 811/1285
rnd 233500 steps 29.89M t 110.9m eps 0.010 pairs_len 82 wins A/B/draw 151/149/0 loss 0.0261 item_loss 0.00424 items: used 0.18 of rows-with-items, k>0 677, thrown 892/1385
rnd 233600 steps 29.90M t 111.0m eps 0.010 pairs_len 83 wins A/B/draw 149/149/2 loss 0.0263 item_loss 0.00414 items: used 0.16 of rows-with-items, k>0 689, thrown 876/1298
rnd 233700 steps 29.91M t 111.1m eps 0.010 pairs_len 85 wins A/B/draw 148/148/4 loss 0.0262 item_loss 0.00404 items: used 0.16 of rows-with-items, k>0 678, thrown 877/1315
rnd 233800 steps 29.93M t 111.2m eps 0.010 pairs_len 86 wins A/B/draw 144/150/6 loss 0.0260 item_loss 0.00399 items: used 0.17 of rows-with-items, k>0 665, thrown 851/1321
rnd 233900 steps 29.94M t 111.2m eps 0.010 pairs_len 87 wins A/B/draw 141/151/8 loss 0.0266 item_loss 0.00409 items: used 0.17 of rows-with-items, k>0 670, thrown 875/1284
rnd 234000 steps 29.95M t 111.3m eps 0.010 pairs_len 88 wins A/B/draw 147/148/5 loss 0.0267 item_loss 0.00430 items: used 0.15 of rows-with-items, k>0 669, thrown 843/1266
rnd 234100 steps 29.96M t 111.3m eps 0.010 pairs_len 90 wins A/B/draw 152/143/5 loss 0.0262 item_loss 0.00423 items: used 0.16 of rows-with-items, k>0 655, thrown 864/1297
rnd 234200 steps 29.98M t 111.3m eps 0.010 pairs_len 94 wins A/B/draw 153/143/4 loss 0.0268 item_loss 0.00422 items: used 0.16 of rows-with-items, k>0 586, thrown 845/1260
rnd 234300 steps 29.99M t 111.4m eps 0.010 pairs_len 96 wins A/B/draw 151/147/2 loss 0.0268 item_loss 0.00421 items: used 0.16 of rows-with-items, k>0 663, thrown 884/1281
rnd 234400 steps 30.00M t 111.4m eps 0.010 pairs_len 95 wins A/B/draw 145/154/1 loss 0.0272 item_loss 0.00417 items: used 0.17 of rows-with-items, k>0 729, thrown 926/1356
rnd 234500 steps 30.02M t 111.4m eps 0.010 pairs_len 92 wins A/B/draw 137/161/2 loss 0.0273 item_loss 0.00428 items: used 0.17 of rows-with-items, k>0 703, thrown 929/1386
rnd 234600 steps 30.03M t 111.5m eps 0.010 pairs_len 93 wins A/B/draw 143/155/2 loss 0.0279 item_loss 0.00448 items: used 0.16 of rows-with-items, k>0 575, thrown 797/1234
rnd 234700 steps 30.04M t 111.5m eps 0.010 pairs_len 93 wins A/B/draw 142/157/1 loss 0.0274 item_loss 0.00491 items: used 0.17 of rows-with-items, k>0 682, thrown 915/1324
rnd 234800 steps 30.05M t 111.5m eps 0.010 pairs_len 91 wins A/B/draw 139/160/1 loss 0.0266 item_loss 0.00476 items: used 0.17 of rows-with-items, k>0 610, thrown 882/1292
rnd 234900 steps 30.07M t 111.5m eps 0.010 pairs_len 89 wins A/B/draw 140/158/2 loss 0.0276 item_loss 0.00458 items: used 0.17 of rows-with-items, k>0 722, thrown 885/1353
rnd 235000 steps 30.08M t 111.6m eps 0.010 pairs_len 88 wins A/B/draw 146/151/3 loss 0.0281 item_loss 0.00461 items: used 0.16 of rows-with-items, k>0 660, thrown 844/1221
rnd 235100 steps 30.09M t 111.6m eps 0.010 pairs_len 89 wins A/B/draw 158/139/3 loss 0.0281 item_loss 0.00446 items: used 0.16 of rows-with-items, k>0 698, thrown 888/1308
rnd 235200 steps 30.11M t 111.6m eps 0.010 pairs_len 90 wins A/B/draw 158/138/4 loss 0.0282 item_loss 0.00467 items: used 0.16 of rows-with-items, k>0 637, thrown 880/1304
rnd 235300 steps 30.12M t 111.7m eps 0.010 pairs_len 92 wins A/B/draw 154/144/2 loss 0.0286 item_loss 0.00484 items: used 0.18 of rows-with-items, k>0 682, thrown 952/1356
rnd 235400 steps 30.13M t 111.7m eps 0.010 pairs_len 94 wins A/B/draw 154/144/2 loss 0.0290 item_loss 0.00484 items: used 0.16 of rows-with-items, k>0 635, thrown 864/1267
rnd 235500 steps 30.14M t 111.7m eps 0.010 pairs_len 93 wins A/B/draw 155/143/2 loss 0.0299 item_loss 0.00518 items: used 0.16 of rows-with-items, k>0 652, thrown 887/1271
rnd 235600 steps 30.16M t 111.8m eps 0.010 pairs_len 88 wins A/B/draw 153/144/3 loss 0.0295 item_loss 0.00496 items: used 0.18 of rows-with-items, k>0 639, thrown 911/1344
rnd 235700 steps 30.17M t 111.8m eps 0.010 pairs_len 86 wins A/B/draw 156/139/5 loss 0.0295 item_loss 0.00479 items: used 0.16 of rows-with-items, k>0 645, thrown 873/1290
rnd 235800 steps 30.18M t 111.8m eps 0.010 pairs_len 86 wins A/B/draw 158/138/4 loss 0.0294 item_loss 0.00519 items: used 0.15 of rows-with-items, k>0 622, thrown 857/1221
rnd 235900 steps 30.20M t 111.9m eps 0.010 pairs_len 86 wins A/B/draw 159/137/4 loss 0.0295 item_loss 0.00534 items: used 0.15 of rows-with-items, k>0 579, thrown 818/1171
rnd 236000 steps 30.21M t 111.9m eps 0.010 pairs_len 85 wins A/B/draw 153/145/2 loss 0.0290 item_loss 0.00540 items: used 0.15 of rows-with-items, k>0 695, thrown 874/1262
rnd 236100 steps 30.22M t 111.9m eps 0.010 pairs_len 85 wins A/B/draw 150/150/0 loss 0.0287 item_loss 0.00547 items: used 0.15 of rows-with-items, k>0 619, thrown 867/1261
rnd 236200 steps 30.23M t 112.0m eps 0.010 pairs_len 86 wins A/B/draw 144/156/0 loss 0.0287 item_loss 0.00550 items: used 0.16 of rows-with-items, k>0 624, thrown 867/1267
rnd 236300 steps 30.25M t 112.0m eps 0.010 pairs_len 89 wins A/B/draw 147/152/1 loss 0.0296 item_loss 0.00550 items: used 0.17 of rows-with-items, k>0 726, thrown 947/1388
rnd 236400 steps 30.26M t 112.2m eps 0.010 pairs_len 91 wins A/B/draw 145/152/3 loss 0.0293 item_loss 0.00567 items: used 0.16 of rows-with-items, k>0 695, thrown 872/1276
rnd 236500 steps 30.27M t 112.4m eps 0.010 pairs_len 93 wins A/B/draw 150/146/4 loss 0.0291 item_loss 0.00571 items: used 0.17 of rows-with-items, k>0 618, thrown 900/1363
rnd 236600 steps 30.28M t 112.5m eps 0.010 pairs_len 91 wins A/B/draw 153/143/4 loss 0.0289 item_loss 0.00551 items: used 0.17 of rows-with-items, k>0 573, thrown 859/1267
rnd 236700 steps 30.30M t 112.8m eps 0.010 pairs_len 89 wins A/B/draw 164/132/4 loss 0.0292 item_loss 0.00536 items: used 0.17 of rows-with-items, k>0 630, thrown 891/1326
rnd 236800 steps 30.31M t 112.9m eps 0.010 pairs_len 86 wins A/B/draw 168/130/2 loss 0.0294 item_loss 0.00551 items: used 0.16 of rows-with-items, k>0 660, thrown 861/1282
rnd 236900 steps 30.32M t 112.9m eps 0.010 pairs_len 86 wins A/B/draw 168/131/1 loss 0.0295 item_loss 0.00530 items: used 0.17 of rows-with-items, k>0 776, thrown 937/1370
rnd 237000 steps 30.34M t 113.1m eps 0.010 pairs_len 89 wins A/B/draw 159/139/2 loss 0.0296 item_loss 0.00532 items: used 0.17 of rows-with-items, k>0 745, thrown 938/1403
rnd 237100 steps 30.35M t 113.2m eps 0.010 pairs_len 90 wins A/B/draw 154/143/3 loss 0.0300 item_loss 0.00545 items: used 0.15 of rows-with-items, k>0 660, thrown 859/1253
rnd 237200 steps 30.36M t 113.4m eps 0.010 pairs_len 92 wins A/B/draw 145/151/4 loss 0.0297 item_loss 0.00587 items: used 0.18 of rows-with-items, k>0 653, thrown 888/1379
rnd 237300 steps 30.37M t 113.7m eps 0.010 pairs_len 93 wins A/B/draw 143/154/3 loss 0.0304 item_loss 0.00577 items: used 0.16 of rows-with-items, k>0 649, thrown 896/1295
rnd 237400 steps 30.39M t 113.9m eps 0.010 pairs_len 90 wins A/B/draw 147/150/3 loss 0.0300 item_loss 0.00587 items: used 0.16 of rows-with-items, k>0 655, thrown 910/1321
EVAL battle-net(A) vs solo-net + old rule(B): {'win': 0.6041666666666666, 'lose': 0.3958333333333333, 'draw': 0.0, 'games': 96, 'mean_len': 76.75}
